bucket,query_value,actual_frequency,estimated_frequency,selectivity_error
1,545,1.0,1.0,0.0
1,1026,1.0,1.0,0.0
1,1128,1.0,1.0,0.0
1,1574,1.0,1.0,0.0
1,1602,1.0,1.0,0.0
1,1833,1.0,1.0,0.0
1,3441,1.0,1.0,0.0
1,4341,1.0,1.0,0.0
1,4628,1.0,1.0,0.0
1,4695,1.0,1.0,0.0
1,5221,1.0,1.0,0.0
1,5850,1.0,1.0,0.0
1,6177,1.0,1.0,0.0
1,7102,1.0,1.0,0.0
1,8056,1.0,1.0,0.0
1,9536,1.0,1.0,0.0
1,10054,1.0,1.0,0.0
1,10336,1.0,1.0,0.0
1,10573,1.0,1.0,0.0
1,11199,1.0,1.0,0.0
1,11639,1.0,1.0,0.0
1,11888,1.0,1.0,0.0
1,12344,1.0,1.0,0.0
1,12739,1.0,1.0,0.0
1,12962,1.0,1.0,0.0
1,13555,1.0,1.0,0.0
1,13746,1.0,1.0,0.0
1,14600,1.0,1.0,0.0
1,15696,1.0,1.0,0.0
1,15854,1.0,1.0,0.0
1,16763,1.0,1.0,0.0
1,18233,1.0,1.0,0.0
1,19590,1.0,1.0,0.0
1,20753,1.0,1.0,0.0
1,21507,1.0,1.0,0.0
1,21976,1.0,1.0,0.0
1,23049,1.0,1.0,0.0
1,23399,1.0,1.0,0.0
1,24172,1.0,1.0,0.0
1,24737,1.0,1.0,0.0
1,24845,1.0,1.0,0.0
1,25414,1.0,1.0,0.0
1,25507,1.0,1.0,0.0
1,26877,1.0,1.0,0.0
1,27322,1.0,1.0,0.0
1,27331,1.0,1.0,0.0
1,27873,1.0,1.0,0.0
1,28365,1.0,1.0,0.0
1,28904,1.0,1.0,0.0
1,29423,1.0,1.0,0.0
1,29590,1.0,1.0,0.0
1,30149,1.0,1.0,0.0
1,30569,1.0,1.0,0.0
1,31943,1.0,1.0,0.0
1,31952,1.0,1.0,0.0
1,32190,1.0,1.0,0.0
1,32534,1.0,1.0,0.0
1,33405,1.0,1.0,0.0
1,35212,1.0,1.0,0.0
1,35246,1.0,1.0,0.0
1,35249,1.0,1.0,0.0
1,35487,1.0,1.0,0.0
1,35675,1.0,1.0,0.0
1,35732,1.0,1.0,0.0
1,36023,1.0,1.0,0.0
1,36069,1.0,1.0,0.0
1,36733,1.0,1.0,0.0
1,36803,1.0,1.0,0.0
1,36848,1.0,1.0,0.0
1,38134,1.0,1.0,0.0
1,38903,1.0,1.0,0.0
1,39019,1.0,1.0,0.0
1,40606,1.0,1.0,0.0
1,42087,1.0,1.0,0.0
1,42341,1.0,1.0,0.0
1,42833,1.0,1.0,0.0
1,42903,1.0,1.0,0.0
1,43039,1.0,1.0,0.0
1,43405,1.0,1.0,0.0
1,43415,1.0,1.0,0.0
1,43863,1.0,1.0,0.0
1,43895,1.0,1.0,0.0
1,44409,1.0,1.0,0.0
1,44951,1.0,1.0,0.0
1,45096,1.0,1.0,0.0
1,45100,1.0,1.0,0.0
1,45271,1.0,1.0,0.0
1,45667,1.0,1.0,0.0
1,46024,1.0,1.0,0.0
1,46305,1.0,1.0,0.0
1,47836,1.0,1.0,0.0
1,48817,1.0,1.0,0.0
1,48983,1.0,1.0,0.0
1,49026,1.0,1.0,0.0
1,49484,1.0,1.0,0.0
1,50343,1.0,1.0,0.0
1,51841,1.0,1.0,0.0
1,52364,1.0,1.0,0.0
1,52951,1.0,1.0,0.0
1,53113,1.0,1.0,0.0
1,53971,1.0,1.0,0.0
1,54659,1.0,1.0,0.0
1,56227,1.0,1.0,0.0
1,56567,1.0,1.0,0.0
1,57021,1.0,1.0,0.0
1,57730,1.0,1.0,0.0
1,57815,1.0,1.0,0.0
1,58245,1.0,1.0,0.0
1,59258,1.0,1.0,0.0
1,59722,1.0,1.0,0.0
1,60578,1.0,1.0,0.0
1,60612,1.0,1.0,0.0
1,61236,1.0,1.0,0.0
1,61317,1.0,1.0,0.0
1,61708,1.0,1.0,0.0
1,62429,1.0,1.0,0.0
1,62623,1.0,1.0,0.0
1,62679,1.0,1.0,0.0
1,62717,1.0,1.0,0.0
1,62962,1.0,1.0,0.0
1,63523,1.0,1.0,0.0
1,63910,1.0,1.0,0.0
1,63990,1.0,1.0,0.0
1,64069,1.0,1.0,0.0
1,64714,1.0,1.0,0.0
1,64947,1.0,1.0,0.0
1,65273,1.0,1.0,0.0
1,65312,1.0,1.0,0.0
1,65603,1.0,1.0,0.0
1,65714,1.0,1.0,0.0
1,66103,1.0,1.0,0.0
1,66489,1.0,1.0,0.0
1,67243,1.0,1.0,0.0
1,67969,1.0,1.0,0.0
1,68014,1.0,1.0,0.0
1,68125,1.0,1.0,0.0
1,68595,1.0,1.0,0.0
1,68869,1.0,1.0,0.0
1,69868,1.0,1.0,0.0
1,70040,1.0,1.0,0.0
1,70242,1.0,1.0,0.0
1,71328,1.0,1.0,0.0
1,71363,1.0,1.0,0.0
1,71917,1.0,1.0,0.0
1,72247,1.0,1.0,0.0
1,73685,1.0,1.0,0.0
1,73964,1.0,1.0,0.0
1,74392,1.0,1.0,0.0
1,75117,1.0,1.0,0.0
1,75306,1.0,1.0,0.0
1,75534,1.0,1.0,0.0
1,75811,1.0,1.0,0.0
1,76613,1.0,1.0,0.0
1,77466,1.0,1.0,0.0
1,77658,1.0,1.0,0.0
1,78488,1.0,1.0,0.0
1,78968,1.0,1.0,0.0
1,79439,1.0,1.0,0.0
1,79533,1.0,1.0,0.0
1,79807,1.0,1.0,0.0
1,80972,1.0,1.0,0.0
1,81083,1.0,1.0,0.0
1,81140,1.0,1.0,0.0
1,81288,1.0,1.0,0.0
1,81493,1.0,1.0,0.0
1,81719,1.0,1.0,0.0
1,81745,1.0,1.0,0.0
1,82291,1.0,1.0,0.0
1,82657,1.0,1.0,0.0
1,82894,1.0,1.0,0.0
1,83222,1.0,1.0,0.0
1,83688,1.0,1.0,0.0
1,84138,1.0,1.0,0.0
1,84341,1.0,1.0,0.0
1,84531,1.0,1.0,0.0
1,84601,1.0,1.0,0.0
1,84718,1.0,1.0,0.0
1,85163,1.0,1.0,0.0
1,85259,1.0,1.0,0.0
1,85593,1.0,1.0,0.0
1,86346,1.0,1.0,0.0
1,86693,1.0,1.0,0.0
1,87025,1.0,1.0,0.0
1,87307,1.0,1.0,0.0
1,87383,1.0,1.0,0.0
1,90554,1.0,1.0,0.0
1,91571,1.0,1.0,0.0
1,91918,1.0,1.0,0.0
1,91936,1.0,1.0,0.0
1,92239,1.0,1.0,0.0
1,92596,1.0,1.0,0.0
1,93778,1.0,1.0,0.0
1,94863,1.0,1.0,0.0
1,95205,1.0,1.0,0.0
1,96396,1.0,1.0,0.0
1,96621,1.0,1.0,0.0
1,97113,1.0,1.0,0.0
1,98086,1.0,1.0,0.0
1,98570,1.0,1.0,0.0
1,99461,1.0,1.0,0.0
1,99542,1.0,1.0,0.0
1,99907,1.0,1.0,0.0
1,100460,1.0,1.0,0.0
1,101079,1.0,1.0,0.0
1,101429,1.0,1.0,0.0
1,101448,1.0,1.0,0.0
1,102018,1.0,1.0,0.0
1,102361,1.0,1.0,0.0
1,102365,1.0,1.0,0.0
1,102785,1.0,1.0,0.0
1,102904,1.0,1.0,0.0
1,103785,1.0,1.0,0.0
1,104031,1.0,1.0,0.0
1,104561,1.0,1.0,0.0
1,108360,1.0,1.0,0.0
1,108902,1.0,1.0,0.0
1,109299,1.0,1.0,0.0
1,109395,1.0,1.0,0.0
1,109435,1.0,1.0,0.0
1,109479,1.0,1.0,0.0
1,110014,1.0,1.0,0.0
1,110112,1.0,1.0,0.0
1,110584,1.0,1.0,0.0
1,110832,1.0,1.0,0.0
1,110856,1.0,1.0,0.0
1,111600,1.0,1.0,0.0
1,112625,1.0,1.0,0.0
1,113085,1.0,1.0,0.0
1,113696,1.0,1.0,0.0
1,115167,1.0,1.0,0.0
1,115310,1.0,1.0,0.0
1,115387,1.0,1.0,0.0
1,115884,1.0,1.0,0.0
1,116029,1.0,1.0,0.0
1,116347,1.0,1.0,0.0
1,116894,1.0,1.0,0.0
1,117804,1.0,1.0,0.0
1,118083,1.0,1.0,0.0
1,118450,1.0,1.0,0.0
1,119869,1.0,1.0,0.0
1,120003,1.0,1.0,0.0
1,120298,1.0,1.0,0.0
1,121278,1.0,1.0,0.0
1,122079,1.0,1.0,0.0
1,124157,1.0,1.0,0.0
1,124370,1.0,1.0,0.0
1,124736,1.0,1.0,0.0
1,125005,1.0,1.0,0.0
1,125092,1.0,1.0,0.0
1,125318,1.0,1.0,0.0
2,126569,1.0,1.0,0.0
2,126728,1.0,1.0,0.0
2,127016,1.0,1.0,0.0
2,127523,1.0,1.0,0.0
2,130008,1.0,1.0,0.0
2,130662,1.0,1.0,0.0
2,131303,1.0,1.0,0.0
2,131332,1.0,1.0,0.0
2,131385,1.0,1.0,0.0
2,132025,1.0,1.0,0.0
2,133646,1.0,1.0,0.0
2,134755,1.0,1.0,0.0
2,135297,1.0,1.0,0.0
2,135852,1.0,1.0,0.0
2,135866,1.0,1.0,0.0
2,137854,1.0,1.0,0.0
2,138113,1.0,1.0,0.0
2,138452,1.0,1.0,0.0
2,138630,1.0,1.0,0.0
2,138690,1.0,1.0,0.0
2,139418,1.0,1.0,0.0
2,139780,1.0,1.0,0.0
2,140950,1.0,1.0,0.0
2,141072,1.0,1.0,0.0
2,142500,1.0,1.0,0.0
2,142721,1.0,1.0,0.0
2,142854,1.0,1.0,0.0
2,142894,1.0,1.0,0.0
2,143410,1.0,1.0,0.0
2,143494,1.0,1.0,0.0
2,143880,1.0,1.0,0.0
2,143931,1.0,1.0,0.0
2,144013,1.0,1.0,0.0
2,144487,1.0,1.0,0.0
2,145192,1.0,1.0,0.0
2,145460,1.0,1.0,0.0
2,145486,1.0,1.0,0.0
2,145899,1.0,1.0,0.0
2,146173,1.0,1.0,0.0
2,146495,1.0,1.0,0.0
2,146692,1.0,1.0,0.0
2,146707,1.0,1.0,0.0
2,147330,1.0,1.0,0.0
2,148427,1.0,1.0,0.0
2,148467,1.0,1.0,0.0
2,148600,1.0,1.0,0.0
2,148969,1.0,1.0,0.0
2,149622,1.0,1.0,0.0
2,150425,1.0,1.0,0.0
2,151192,1.0,1.0,0.0
2,152673,1.0,1.0,0.0
2,152858,1.0,1.0,0.0
2,154308,1.0,1.0,0.0
2,155761,1.0,1.0,0.0
2,156173,1.0,1.0,0.0
2,156827,1.0,1.0,0.0
2,157895,1.0,1.0,0.0
2,158652,1.0,1.0,0.0
2,159092,1.0,1.0,0.0
2,159477,1.0,1.0,0.0
2,160645,1.0,1.0,0.0
2,162022,1.0,1.0,0.0
2,162193,1.0,1.0,0.0
2,163202,1.0,1.0,0.0
2,163462,1.0,1.0,0.0
2,163889,1.0,1.0,0.0
2,164085,1.0,1.0,0.0
2,164146,1.0,1.0,0.0
2,164366,1.0,1.0,0.0
2,164557,1.0,1.0,0.0
2,165396,1.0,1.0,0.0
2,165515,1.0,1.0,0.0
2,165568,1.0,1.0,0.0
2,166251,1.0,1.0,0.0
2,167132,1.0,1.0,0.0
2,167301,1.0,1.0,0.0
2,167356,1.0,1.0,0.0
2,167554,1.0,1.0,0.0
2,168015,1.0,1.0,0.0
2,168953,1.0,1.0,0.0
2,169008,1.0,1.0,0.0
2,169120,1.0,1.0,0.0
2,170491,1.0,1.0,0.0
2,170521,1.0,1.0,0.0
2,171188,1.0,1.0,0.0
2,171747,1.0,1.0,0.0
2,171996,1.0,1.0,0.0
2,172807,1.0,1.0,0.0
2,173993,1.0,1.0,0.0
2,174289,1.0,1.0,0.0
2,174809,1.0,1.0,0.0
2,175270,1.0,1.0,0.0
2,176709,1.0,1.0,0.0
2,176793,1.0,1.0,0.0
2,177444,1.0,1.0,0.0
2,177628,1.0,1.0,0.0
2,177686,1.0,1.0,0.0
2,178566,1.0,1.0,0.0
2,179619,1.0,1.0,0.0
2,179901,1.0,1.0,0.0
2,179928,1.0,1.0,0.0
2,180346,1.0,1.0,0.0
2,181121,1.0,1.0,0.0
2,181672,1.0,1.0,0.0
2,182136,1.0,1.0,0.0
2,182415,1.0,1.0,0.0
2,182578,1.0,1.0,0.0
2,183075,1.0,1.0,0.0
2,183829,1.0,1.0,0.0
2,184208,1.0,1.0,0.0
2,184597,1.0,1.0,0.0
2,184675,1.0,1.0,0.0
2,185973,1.0,1.0,0.0
2,186001,1.0,1.0,0.0
2,186131,1.0,1.0,0.0
2,186424,1.0,1.0,0.0
2,186825,1.0,1.0,0.0
2,186894,1.0,1.0,0.0
2,187535,1.0,1.0,0.0
2,187725,1.0,1.0,0.0
2,188111,1.0,1.0,0.0
2,188277,1.0,1.0,0.0
2,188752,1.0,1.0,0.0
2,188918,1.0,1.0,0.0
2,189025,1.0,1.0,0.0
2,189366,1.0,1.0,0.0
2,189916,1.0,1.0,0.0
2,190225,1.0,1.0,0.0
2,190713,1.0,1.0,0.0
2,191288,1.0,1.0,0.0
2,191917,1.0,1.0,0.0
2,193188,1.0,1.0,0.0
2,194007,1.0,1.0,0.0
2,194075,1.0,1.0,0.0
2,194359,1.0,1.0,0.0
2,195251,1.0,1.0,0.0
2,195463,1.0,1.0,0.0
2,196275,1.0,1.0,0.0
2,196292,1.0,1.0,0.0
2,196572,1.0,1.0,0.0
2,196987,1.0,1.0,0.0
2,197223,1.0,1.0,0.0
2,197283,1.0,1.0,0.0
2,198620,1.0,1.0,0.0
2,198726,1.0,1.0,0.0
2,199196,1.0,1.0,0.0
2,199676,1.0,1.0,0.0
2,199974,1.0,1.0,0.0
2,200173,1.0,1.0,0.0
2,202361,1.0,1.0,0.0
2,202826,1.0,1.0,0.0
2,202930,1.0,1.0,0.0
2,203446,1.0,1.0,0.0
2,204834,1.0,1.0,0.0
2,205030,1.0,1.0,0.0
2,206201,1.0,1.0,0.0
2,207689,1.0,1.0,0.0
2,207997,1.0,1.0,0.0
2,208147,1.0,1.0,0.0
2,208178,1.0,1.0,0.0
2,208330,1.0,1.0,0.0
2,209398,1.0,1.0,0.0
2,209599,1.0,1.0,0.0
2,209794,1.0,1.0,0.0
2,210276,1.0,1.0,0.0
2,210546,1.0,1.0,0.0
2,210847,1.0,1.0,0.0
2,213661,1.0,1.0,0.0
2,214151,1.0,1.0,0.0
2,215236,1.0,1.0,0.0
2,215453,1.0,1.0,0.0
2,215819,1.0,1.0,0.0
2,217102,1.0,1.0,0.0
2,219369,1.0,1.0,0.0
2,219584,1.0,1.0,0.0
2,220616,1.0,1.0,0.0
2,223005,1.0,1.0,0.0
2,223115,1.0,1.0,0.0
2,223245,1.0,1.0,0.0
2,224653,1.0,1.0,0.0
2,226351,1.0,1.0,0.0
2,226928,1.0,1.0,0.0
2,227183,1.0,1.0,0.0
2,227232,1.0,1.0,0.0
2,227452,1.0,1.0,0.0
2,229355,1.0,1.0,0.0
2,230606,1.0,1.0,0.0
2,231996,1.0,1.0,0.0
2,232034,1.0,1.0,0.0
2,232213,1.0,1.0,0.0
2,233771,1.0,1.0,0.0
2,233900,1.0,1.0,0.0
2,234598,1.0,1.0,0.0
2,234738,1.0,1.0,0.0
2,235620,1.0,1.0,0.0
2,235695,1.0,1.0,0.0
2,237016,1.0,1.0,0.0
2,238111,1.0,1.0,0.0
2,238717,1.0,1.0,0.0
2,238913,1.0,1.0,0.0
2,239356,1.0,1.0,0.0
2,241420,1.0,1.0,0.0
2,244133,1.0,1.0,0.0
2,244168,1.0,1.0,0.0
2,244306,1.0,1.0,0.0
2,244584,1.0,1.0,0.0
2,244612,1.0,1.0,0.0
2,245167,1.0,1.0,0.0
2,249241,1.0,1.0,0.0
2,250313,1.0,1.0,0.0
2,250321,1.0,1.0,0.0
2,251336,1.0,1.0,0.0
2,251580,1.0,1.0,0.0
2,252742,1.0,1.0,0.0
2,252818,1.0,1.0,0.0
2,253034,1.0,1.0,0.0
2,253584,1.0,1.0,0.0
2,254156,1.0,1.0,0.0
2,254998,1.0,1.0,0.0
2,255130,1.0,1.0,0.0
2,255347,1.0,1.0,0.0
2,256248,1.0,1.0,0.0
2,256905,1.0,1.0,0.0
2,257672,1.0,1.0,0.0
2,258221,1.0,1.0,0.0
2,258598,1.0,1.0,0.0
2,258719,1.0,1.0,0.0
2,259523,1.0,1.0,0.0
2,259815,1.0,1.0,0.0
2,260163,1.0,1.0,0.0
2,260488,1.0,1.0,0.0
2,260967,1.0,1.0,0.0
2,261902,1.0,1.0,0.0
2,265406,1.0,1.0,0.0
2,266227,1.0,1.0,0.0
2,267496,1.0,1.0,0.0
2,268125,1.0,1.0,0.0
2,269056,1.0,1.0,0.0
2,269272,1.0,1.0,0.0
2,269484,1.0,1.0,0.0
2,270520,1.0,1.0,0.0
2,271885,1.0,1.0,0.0
2,272921,1.0,1.0,0.0
2,272980,1.0,1.0,0.0
2,273122,1.0,1.0,0.0
2,274296,1.0,1.0,0.0
2,279172,1.0,1.0,0.0
2,280486,1.0,1.0,0.0
2,281609,1.0,1.0,0.0
2,284501,1.0,1.0,0.0
3,285712,1.0,1.0,0.0
3,285835,1.0,1.0,0.0
3,286222,1.0,1.0,0.0
3,288109,1.0,1.0,0.0
3,289987,1.0,1.0,0.0
3,290420,1.0,1.0,0.0
3,292269,1.0,1.0,0.0
3,292485,1.0,1.0,0.0
3,292599,1.0,1.0,0.0
3,292626,1.0,1.0,0.0
3,292752,1.0,1.0,0.0
3,293937,1.0,1.0,0.0
3,294026,1.0,1.0,0.0
3,297672,1.0,1.0,0.0
3,297916,1.0,1.0,0.0
3,298001,1.0,1.0,0.0
3,299954,1.0,1.0,0.0
3,300449,1.0,1.0,0.0
3,301292,1.0,1.0,0.0
3,301664,1.0,1.0,0.0
3,301756,1.0,1.0,0.0
3,301861,1.0,1.0,0.0
3,302219,1.0,1.0,0.0
3,302783,1.0,1.0,0.0
3,303588,1.0,1.0,0.0
3,304234,1.0,1.0,0.0
3,305217,1.0,1.0,0.0
3,305533,1.0,1.0,0.0
3,306438,1.0,1.0,0.0
3,307218,1.0,1.0,0.0
3,307380,1.0,1.0,0.0
3,308990,1.0,1.0,0.0
3,311062,1.0,1.0,0.0
3,311122,1.0,1.0,0.0
3,311272,1.0,1.0,0.0
3,313251,1.0,1.0,0.0
3,313564,1.0,1.0,0.0
3,313974,1.0,1.0,0.0
3,314876,1.0,1.0,0.0
3,315059,1.0,1.0,0.0
3,315823,1.0,1.0,0.0
3,316062,1.0,1.0,0.0
3,316145,1.0,1.0,0.0
3,316153,1.0,1.0,0.0
3,317813,1.0,1.0,0.0
3,317858,1.0,1.0,0.0
3,319154,1.0,1.0,0.0
3,319552,1.0,1.0,0.0
3,319827,1.0,1.0,0.0
3,320167,1.0,1.0,0.0
3,321367,1.0,1.0,0.0
3,321476,1.0,1.0,0.0
3,321488,1.0,1.0,0.0
3,322323,1.0,1.0,0.0
3,322325,1.0,1.0,0.0
3,323966,1.0,1.0,0.0
3,325352,1.0,1.0,0.0
3,325716,1.0,1.0,0.0
3,326332,1.0,1.0,0.0
3,326487,1.0,1.0,0.0
3,326568,1.0,1.0,0.0
3,327742,1.0,1.0,0.0
3,328489,1.0,1.0,0.0
3,328545,1.0,1.0,0.0
3,328953,1.0,1.0,0.0
3,329200,1.0,1.0,0.0
3,330207,1.0,1.0,0.0
3,330799,1.0,1.0,0.0
3,330881,1.0,1.0,0.0
3,331745,1.0,1.0,0.0
3,331877,1.0,1.0,0.0
3,332455,1.0,1.0,0.0
3,332714,1.0,1.0,0.0
3,333507,1.0,1.0,0.0
3,333680,1.0,1.0,0.0
3,333730,1.0,1.0,0.0
3,335964,1.0,1.0,0.0
3,336472,1.0,1.0,0.0
3,336562,1.0,1.0,0.0
3,337235,1.0,1.0,0.0
3,337622,1.0,1.0,0.0
3,337709,1.0,1.0,0.0
3,338330,1.0,1.0,0.0
3,338911,1.0,1.0,0.0
3,339734,1.0,1.0,0.0
3,340575,1.0,1.0,0.0
3,340896,1.0,1.0,0.0
3,341296,1.0,1.0,0.0
3,341660,1.0,1.0,0.0
3,341725,1.0,1.0,0.0
3,342994,1.0,1.0,0.0
3,343196,1.0,1.0,0.0
3,344048,1.0,1.0,0.0
3,344642,1.0,1.0,0.0
3,345516,1.0,1.0,0.0
3,345900,1.0,1.0,0.0
3,346699,1.0,1.0,0.0
3,347626,1.0,1.0,0.0
3,348912,1.0,1.0,0.0
3,349800,1.0,1.0,0.0
3,349855,1.0,1.0,0.0
3,351033,1.0,1.0,0.0
3,352130,1.0,1.0,0.0
3,354855,1.0,1.0,0.0
3,355106,1.0,1.0,0.0
3,355895,1.0,1.0,0.0
3,357883,1.0,1.0,0.0
3,358644,1.0,1.0,0.0
3,358861,1.0,1.0,0.0
3,359400,1.0,1.0,0.0
3,359924,1.0,1.0,0.0
3,360823,1.0,1.0,0.0
3,361167,1.0,1.0,0.0
3,361362,1.0,1.0,0.0
3,362831,1.0,1.0,0.0
3,363802,1.0,1.0,0.0
3,363824,1.0,1.0,0.0
3,363951,1.0,1.0,0.0
3,364645,1.0,1.0,0.0
3,365586,1.0,1.0,0.0
3,366134,1.0,1.0,0.0
3,366992,1.0,1.0,0.0
3,367713,1.0,1.0,0.0
3,367912,1.0,1.0,0.0
3,368018,1.0,1.0,0.0
3,369565,1.0,1.0,0.0
3,370232,1.0,1.0,0.0
3,372663,1.0,1.0,0.0
3,372769,1.0,1.0,0.0
3,373407,1.0,1.0,0.0
3,374282,1.0,1.0,0.0
3,374800,1.0,1.0,0.0
3,375320,1.0,1.0,0.0
3,375592,1.0,1.0,0.0
3,376592,1.0,1.0,0.0
3,377248,1.0,1.0,0.0
3,378379,1.0,1.0,0.0
3,380165,1.0,1.0,0.0
3,380287,1.0,1.0,0.0
3,380327,1.0,1.0,0.0
3,380377,1.0,1.0,0.0
3,380560,1.0,1.0,0.0
3,381557,1.0,1.0,0.0
3,382680,1.0,1.0,0.0
3,382828,1.0,1.0,0.0
3,385731,1.0,1.0,0.0
3,386481,1.0,1.0,0.0
3,386751,1.0,1.0,0.0
3,387126,1.0,1.0,0.0
3,387766,1.0,1.0,0.0
3,388406,1.0,1.0,0.0
3,388815,1.0,1.0,0.0
3,389955,1.0,1.0,0.0
3,390673,1.0,1.0,0.0
3,391168,1.0,1.0,0.0
3,391590,1.0,1.0,0.0
3,392676,1.0,1.0,0.0
3,393136,1.0,1.0,0.0
3,396014,1.0,1.0,0.0
3,396296,1.0,1.0,0.0
3,396391,1.0,1.0,0.0
3,396683,1.0,1.0,0.0
3,397453,1.0,1.0,0.0
3,397459,1.0,1.0,0.0
3,398622,1.0,1.0,0.0
3,398728,1.0,1.0,0.0
3,398791,1.0,1.0,0.0
3,400099,1.0,1.0,0.0
3,400553,1.0,1.0,0.0
3,400738,1.0,1.0,0.0
3,400915,1.0,1.0,0.0
3,401011,1.0,1.0,0.0
3,401174,1.0,1.0,0.0
3,401241,1.0,1.0,0.0
3,401796,1.0,1.0,0.0
3,402217,1.0,1.0,0.0
3,402346,1.0,1.0,0.0
3,402755,1.0,1.0,0.0
3,402805,1.0,1.0,0.0
3,402988,1.0,1.0,0.0
3,403068,1.0,1.0,0.0
3,403463,1.0,1.0,0.0
3,403756,1.0,1.0,0.0
3,406010,1.0,1.0,0.0
3,406021,1.0,1.0,0.0
3,406077,1.0,1.0,0.0
3,406237,1.0,1.0,0.0
3,406395,1.0,1.0,0.0
3,406858,1.0,1.0,0.0
3,407277,1.0,1.0,0.0
3,407333,1.0,1.0,0.0
3,407338,1.0,1.0,0.0
3,407381,1.0,1.0,0.0
3,407528,1.0,1.0,0.0
3,407728,1.0,1.0,0.0
3,407922,1.0,1.0,0.0
3,408266,1.0,1.0,0.0
3,408531,1.0,1.0,0.0
3,408743,1.0,1.0,0.0
3,410084,1.0,1.0,0.0
3,410161,1.0,1.0,0.0
3,411299,1.0,1.0,0.0
3,411445,1.0,1.0,0.0
3,411948,1.0,1.0,0.0
3,412613,1.0,1.0,0.0
3,413580,1.0,1.0,0.0
3,415061,1.0,1.0,0.0
3,415684,1.0,1.0,0.0
3,416688,1.0,1.0,0.0
3,416800,1.0,1.0,0.0
3,417517,1.0,1.0,0.0
3,418426,1.0,1.0,0.0
3,418513,1.0,1.0,0.0
3,419741,1.0,1.0,0.0
3,419795,1.0,1.0,0.0
3,420151,1.0,1.0,0.0
3,420547,1.0,1.0,0.0
3,420575,1.0,1.0,0.0
3,420669,1.0,1.0,0.0
3,421348,1.0,1.0,0.0
3,421769,1.0,1.0,0.0
3,421911,1.0,1.0,0.0
3,422207,1.0,1.0,0.0
3,422673,1.0,1.0,0.0
3,423003,1.0,1.0,0.0
3,423264,1.0,1.0,0.0
3,423715,1.0,1.0,0.0
3,424018,1.0,1.0,0.0
3,424064,1.0,1.0,0.0
3,424475,1.0,1.0,0.0
3,424662,1.0,1.0,0.0
3,425087,1.0,1.0,0.0
3,425106,1.0,1.0,0.0
3,425341,1.0,1.0,0.0
3,425530,1.0,1.0,0.0
3,425721,1.0,1.0,0.0
3,426388,1.0,1.0,0.0
3,426514,1.0,1.0,0.0
3,426658,1.0,1.0,0.0
3,426963,1.0,1.0,0.0
3,427146,1.0,1.0,0.0
3,427453,1.0,1.0,0.0
3,429200,1.0,1.0,0.0
3,429722,1.0,1.0,0.0
3,430184,1.0,1.0,0.0
3,430717,1.0,1.0,0.0
3,432056,1.0,1.0,0.0
3,433208,1.0,1.0,0.0
3,433372,1.0,1.0,0.0
3,433603,1.0,1.0,0.0
4,433941,1.0,1.0,0.0
4,434870,1.0,1.0,0.0
4,435318,1.0,1.0,0.0
4,436119,1.0,1.0,0.0
4,436623,1.0,1.0,0.0
4,436900,1.0,1.0,0.0
4,437278,1.0,1.0,0.0
4,438178,1.0,1.0,0.0
4,438519,1.0,1.0,0.0
4,438568,1.0,1.0,0.0
4,438898,1.0,1.0,0.0
4,439293,1.0,1.0,0.0
4,439736,1.0,1.0,0.0
4,440643,1.0,1.0,0.0
4,440797,1.0,1.0,0.0
4,441066,1.0,1.0,0.0
4,442008,1.0,1.0,0.0
4,442787,1.0,1.0,0.0
4,443273,1.0,1.0,0.0
4,444110,1.0,1.0,0.0
4,444229,1.0,1.0,0.0
4,444345,1.0,1.0,0.0
4,444595,1.0,1.0,0.0
4,444637,1.0,1.0,0.0
4,444804,1.0,1.0,0.0
4,445612,1.0,1.0,0.0
4,447279,1.0,1.0,0.0
4,447930,1.0,1.0,0.0
4,448544,1.0,1.0,0.0
4,448972,1.0,1.0,0.0
4,449340,1.0,1.0,0.0
4,450542,1.0,1.0,0.0
4,450700,1.0,1.0,0.0
4,451103,1.0,1.0,0.0
4,451801,1.0,1.0,0.0
4,451847,1.0,1.0,0.0
4,451879,1.0,1.0,0.0
4,451991,1.0,1.0,0.0
4,452277,1.0,1.0,0.0
4,452312,1.0,1.0,0.0
4,452564,1.0,1.0,0.0
4,452795,1.0,1.0,0.0
4,453004,1.0,1.0,0.0
4,455194,1.0,1.0,0.0
4,456261,1.0,1.0,0.0
4,456299,1.0,1.0,0.0
4,456525,1.0,1.0,0.0
4,457227,1.0,1.0,0.0
4,458312,1.0,1.0,0.0
4,458334,1.0,1.0,0.0
4,459062,1.0,1.0,0.0
4,459420,1.0,1.0,0.0
4,459551,1.0,1.0,0.0
4,459637,1.0,1.0,0.0
4,459748,1.0,1.0,0.0
4,459772,1.0,1.0,0.0
4,460179,1.0,1.0,0.0
4,461043,1.0,1.0,0.0
4,462258,1.0,1.0,0.0
4,463261,1.0,1.0,0.0
4,463309,1.0,1.0,0.0
4,463715,1.0,1.0,0.0
4,463945,1.0,1.0,0.0
4,464021,1.0,1.0,0.0
4,464266,1.0,1.0,0.0
4,464610,1.0,1.0,0.0
4,465154,1.0,1.0,0.0
4,465290,1.0,1.0,0.0
4,465569,1.0,1.0,0.0
4,465789,1.0,1.0,0.0
4,466293,1.0,1.0,0.0
4,466345,1.0,1.0,0.0
4,466520,1.0,1.0,0.0
4,466558,1.0,1.0,0.0
4,466731,1.0,1.0,0.0
4,468121,1.0,1.0,0.0
4,468372,1.0,1.0,0.0
4,468379,1.0,1.0,0.0
4,468724,1.0,1.0,0.0
4,469551,1.0,1.0,0.0
4,469721,1.0,1.0,0.0
4,469882,1.0,1.0,0.0
4,470136,1.0,1.0,0.0
4,472709,1.0,1.0,0.0
4,473510,1.0,1.0,0.0
4,473518,1.0,1.0,0.0
4,473591,1.0,1.0,0.0
4,474226,1.0,1.0,0.0
4,474589,1.0,1.0,0.0
4,474791,1.0,1.0,0.0
4,477591,1.0,1.0,0.0
4,477986,1.0,1.0,0.0
4,478858,1.0,1.0,0.0
4,479917,1.0,1.0,0.0
4,480006,1.0,1.0,0.0
4,480242,1.0,1.0,0.0
4,480419,1.0,1.0,0.0
4,480459,1.0,1.0,0.0
4,480501,1.0,1.0,0.0
4,480977,1.0,1.0,0.0
4,481429,1.0,1.0,0.0
4,482954,1.0,1.0,0.0
4,483312,1.0,1.0,0.0
4,483316,1.0,1.0,0.0
4,483438,1.0,1.0,0.0
4,483473,1.0,1.0,0.0
4,483563,1.0,1.0,0.0
4,483671,1.0,1.0,0.0
4,483967,1.0,1.0,0.0
4,484642,1.0,1.0,0.0
4,484930,1.0,1.0,0.0
4,485013,1.0,1.0,0.0
4,485274,1.0,1.0,0.0
4,485558,1.0,1.0,0.0
4,485654,1.0,1.0,0.0
4,485839,1.0,1.0,0.0
4,486523,1.0,1.0,0.0
4,487127,1.0,1.0,0.0
4,487466,1.0,1.0,0.0
4,487468,1.0,1.0,0.0
4,488401,1.0,1.0,0.0
4,488917,1.0,1.0,0.0
4,489158,1.0,1.0,0.0
4,489284,1.0,1.0,0.0
4,489313,1.0,1.0,0.0
4,489963,1.0,1.0,0.0
4,489969,1.0,1.0,0.0
4,491558,1.0,1.0,0.0
4,491655,1.0,1.0,0.0
4,491866,1.0,1.0,0.0
4,492541,1.0,1.0,0.0
4,492761,1.0,1.0,0.0
4,493224,1.0,1.0,0.0
4,495150,1.0,1.0,0.0
4,495696,1.0,1.0,0.0
4,498205,1.0,1.0,0.0
4,498426,1.0,1.0,0.0
4,499054,1.0,1.0,0.0
4,499120,1.0,1.0,0.0
4,499491,1.0,1.0,0.0
4,499500,1.0,1.0,0.0
4,499716,1.0,1.0,0.0
4,501210,1.0,1.0,0.0
4,502692,1.0,1.0,0.0
4,502823,1.0,1.0,0.0
4,503811,1.0,1.0,0.0
4,504164,1.0,1.0,0.0
4,505304,1.0,1.0,0.0
4,505646,1.0,1.0,0.0
4,506898,1.0,1.0,0.0
4,507079,1.0,1.0,0.0
4,507184,1.0,1.0,0.0
4,507190,1.0,1.0,0.0
4,507253,1.0,1.0,0.0
4,508400,1.0,1.0,0.0
4,510146,1.0,1.0,0.0
4,510653,1.0,1.0,0.0
4,513197,1.0,1.0,0.0
4,513721,1.0,1.0,0.0
4,514759,1.0,1.0,0.0
4,514820,1.0,1.0,0.0
4,515004,1.0,1.0,0.0
4,515261,1.0,1.0,0.0
4,515780,1.0,1.0,0.0
4,517861,1.0,1.0,0.0
4,519068,1.0,1.0,0.0
4,519234,1.0,1.0,0.0
4,519700,1.0,1.0,0.0
4,520401,1.0,1.0,0.0
4,520888,1.0,1.0,0.0
4,520953,1.0,1.0,0.0
4,521497,1.0,1.0,0.0
4,522236,1.0,1.0,0.0
4,522411,1.0,1.0,0.0
4,523215,1.0,1.0,0.0
4,523667,1.0,1.0,0.0
4,525606,1.0,1.0,0.0
4,526001,1.0,1.0,0.0
4,526315,1.0,1.0,0.0
4,526908,1.0,1.0,0.0
4,527883,1.0,1.0,0.0
4,528774,1.0,1.0,0.0
4,529632,1.0,1.0,0.0
4,530366,1.0,1.0,0.0
4,531005,1.0,1.0,0.0
4,531735,1.0,1.0,0.0
4,532126,1.0,1.0,0.0
4,532362,1.0,1.0,0.0
4,532827,1.0,1.0,0.0
4,533227,1.0,1.0,0.0
4,536316,1.0,1.0,0.0
4,537084,1.0,1.0,0.0
4,537088,1.0,1.0,0.0
4,538231,1.0,1.0,0.0
4,539045,1.0,1.0,0.0
4,539164,1.0,1.0,0.0
4,540055,1.0,1.0,0.0
4,541688,1.0,1.0,0.0
4,541925,1.0,1.0,0.0
4,543011,1.0,1.0,0.0
4,543154,1.0,1.0,0.0
4,545503,1.0,1.0,0.0
4,545692,1.0,1.0,0.0
4,546789,1.0,1.0,0.0
4,546851,1.0,1.0,0.0
4,547153,1.0,1.0,0.0
4,547245,1.0,1.0,0.0
4,547326,1.0,1.0,0.0
4,547412,1.0,1.0,0.0
4,548306,1.0,1.0,0.0
4,548875,1.0,1.0,0.0
4,550368,1.0,1.0,0.0
4,550681,1.0,1.0,0.0
4,552048,1.0,1.0,0.0
4,552320,1.0,1.0,0.0
4,553724,1.0,1.0,0.0
4,553848,1.0,1.0,0.0
4,554751,1.0,1.0,0.0
4,554780,1.0,1.0,0.0
4,555373,1.0,1.0,0.0
4,555485,1.0,1.0,0.0
4,555581,1.0,1.0,0.0
4,556276,1.0,1.0,0.0
4,557186,1.0,1.0,0.0
4,557659,1.0,1.0,0.0
4,558658,1.0,1.0,0.0
4,559908,1.0,1.0,0.0
4,561312,1.0,1.0,0.0
4,561388,1.0,1.0,0.0
4,562277,1.0,1.0,0.0
4,562604,1.0,1.0,0.0
4,563052,1.0,1.0,0.0
4,565184,1.0,1.0,0.0
4,565271,1.0,1.0,0.0
4,567048,1.0,1.0,0.0
4,567124,1.0,1.0,0.0
4,567284,1.0,1.0,0.0
4,569472,1.0,1.0,0.0
4,570569,1.0,1.0,0.0
4,571923,1.0,1.0,0.0
4,572172,1.0,1.0,0.0
4,573876,1.0,1.0,0.0
4,574978,1.0,1.0,0.0
4,575487,1.0,1.0,0.0
4,575599,1.0,1.0,0.0
4,575988,1.0,1.0,0.0
4,576732,1.0,1.0,0.0
4,578380,1.0,1.0,0.0
4,578813,1.0,1.0,0.0
4,579370,1.0,1.0,0.0
5,582311,1.0,1.0,0.0
5,582404,1.0,1.0,0.0
5,583279,1.0,1.0,0.0
5,583394,1.0,1.0,0.0
5,583461,1.0,1.0,0.0
5,584396,1.0,1.0,0.0
5,584425,1.0,1.0,0.0
5,585572,1.0,1.0,0.0
5,586874,1.0,1.0,0.0
5,587146,1.0,1.0,0.0
5,587152,1.0,1.0,0.0
5,587889,1.0,1.0,0.0
5,589383,1.0,1.0,0.0
5,590135,1.0,1.0,0.0
5,591121,1.0,1.0,0.0
5,592000,1.0,1.0,0.0
5,592063,1.0,1.0,0.0
5,593045,1.0,1.0,0.0
5,593190,1.0,1.0,0.0
5,593395,1.0,1.0,0.0
5,594802,1.0,1.0,0.0
5,594960,1.0,1.0,0.0
5,595503,1.0,1.0,0.0
5,597177,1.0,1.0,0.0
5,597328,1.0,1.0,0.0
5,597527,1.0,1.0,0.0
5,598147,1.0,1.0,0.0
5,598568,1.0,1.0,0.0
5,598841,1.0,1.0,0.0
5,599048,1.0,1.0,0.0
5,600157,1.0,1.0,0.0
5,600679,1.0,1.0,0.0
5,601322,1.0,1.0,0.0
5,601743,1.0,1.0,0.0
5,602136,1.0,1.0,0.0
5,602600,1.0,1.0,0.0
5,603814,1.0,1.0,0.0
5,604111,1.0,1.0,0.0
5,604131,1.0,1.0,0.0
5,605344,1.0,1.0,0.0
5,605544,1.0,1.0,0.0
5,605741,1.0,1.0,0.0
5,605819,1.0,1.0,0.0
5,606763,1.0,1.0,0.0
5,607203,1.0,1.0,0.0
5,608693,1.0,1.0,0.0
5,610188,1.0,1.0,0.0
5,610371,1.0,1.0,0.0
5,610631,1.0,1.0,0.0
5,611033,1.0,1.0,0.0
5,612830,1.0,1.0,0.0
5,613409,1.0,1.0,0.0
5,613927,1.0,1.0,0.0
5,613966,1.0,1.0,0.0
5,614635,1.0,1.0,0.0
5,614719,1.0,1.0,0.0
5,615099,1.0,1.0,0.0
5,616162,1.0,1.0,0.0
5,617104,1.0,1.0,0.0
5,617320,1.0,1.0,0.0
5,617438,1.0,1.0,0.0
5,617725,1.0,1.0,0.0
5,618280,1.0,1.0,0.0
5,618323,1.0,1.0,0.0
5,620291,1.0,1.0,0.0
5,621234,1.0,1.0,0.0
5,621392,1.0,1.0,0.0
5,621482,1.0,1.0,0.0
5,621655,1.0,1.0,0.0
5,622087,1.0,1.0,0.0
5,622098,1.0,1.0,0.0
5,622385,1.0,1.0,0.0
5,622906,1.0,1.0,0.0
5,625083,1.0,1.0,0.0
5,625092,1.0,1.0,0.0
5,626537,1.0,1.0,0.0
5,628369,1.0,1.0,0.0
5,628538,1.0,1.0,0.0
5,628660,1.0,1.0,0.0
5,628670,1.0,1.0,0.0
5,629428,1.0,1.0,0.0
5,629554,1.0,1.0,0.0
5,629763,1.0,1.0,0.0
5,629985,1.0,1.0,0.0
5,630541,1.0,1.0,0.0
5,630551,1.0,1.0,0.0
5,631007,1.0,1.0,0.0
5,631424,1.0,1.0,0.0
5,631976,1.0,1.0,0.0
5,632264,1.0,1.0,0.0
5,632295,1.0,1.0,0.0
5,633028,1.0,1.0,0.0
5,633156,1.0,1.0,0.0
5,633870,1.0,1.0,0.0
5,634292,1.0,1.0,0.0
5,634866,1.0,1.0,0.0
5,635036,1.0,1.0,0.0
5,636497,1.0,1.0,0.0
5,638455,1.0,1.0,0.0
5,638872,1.0,1.0,0.0
5,639039,1.0,1.0,0.0
5,639460,1.0,1.0,0.0
5,639677,1.0,1.0,0.0
5,639800,1.0,1.0,0.0
5,640010,1.0,1.0,0.0
5,640230,1.0,1.0,0.0
5,640245,1.0,1.0,0.0
5,640601,1.0,1.0,0.0
5,640749,1.0,1.0,0.0
5,641200,1.0,1.0,0.0
5,641470,1.0,1.0,0.0
5,642211,1.0,1.0,0.0
5,642805,1.0,1.0,0.0
5,643274,1.0,1.0,0.0
5,644451,1.0,1.0,0.0
5,644747,1.0,1.0,0.0
5,644764,1.0,1.0,0.0
5,645342,1.0,1.0,0.0
5,645686,1.0,1.0,0.0
5,646457,1.0,1.0,0.0
5,646464,1.0,1.0,0.0
5,646608,1.0,1.0,0.0
5,646928,1.0,1.0,0.0
5,647259,1.0,1.0,0.0
5,647344,1.0,1.0,0.0
5,647433,1.0,1.0,0.0
5,648135,1.0,1.0,0.0
5,649315,1.0,1.0,0.0
5,650007,1.0,1.0,0.0
5,650448,1.0,1.0,0.0
5,650846,1.0,1.0,0.0
5,650858,1.0,1.0,0.0
5,651005,1.0,1.0,0.0
5,652287,1.0,1.0,0.0
5,652975,1.0,1.0,0.0
5,653597,1.0,1.0,0.0
5,654607,1.0,1.0,0.0
5,655203,1.0,1.0,0.0
5,655238,1.0,1.0,0.0
5,655301,1.0,1.0,0.0
5,655447,1.0,1.0,0.0
5,656095,1.0,1.0,0.0
5,656170,1.0,1.0,0.0
5,656521,1.0,1.0,0.0
5,657615,1.0,1.0,0.0
5,657732,1.0,1.0,0.0
5,658132,1.0,1.0,0.0
5,658212,1.0,1.0,0.0
5,659602,1.0,1.0,0.0
5,660821,1.0,1.0,0.0
5,660837,1.0,1.0,0.0
5,661308,1.0,1.0,0.0
5,661537,1.0,1.0,0.0
5,661639,1.0,1.0,0.0
5,661959,1.0,1.0,0.0
5,662054,1.0,1.0,0.0
5,662249,1.0,1.0,0.0
5,662477,1.0,1.0,0.0
5,662807,1.0,1.0,0.0
5,662968,1.0,1.0,0.0
5,663735,1.0,1.0,0.0
5,663746,1.0,1.0,0.0
5,664052,1.0,1.0,0.0
5,664108,1.0,1.0,0.0
5,666796,1.0,1.0,0.0
5,667203,1.0,1.0,0.0
5,668936,1.0,1.0,0.0
5,668988,1.0,1.0,0.0
5,669049,1.0,1.0,0.0
5,669073,1.0,1.0,0.0
5,669253,1.0,1.0,0.0
5,669404,1.0,1.0,0.0
5,669424,1.0,1.0,0.0
5,670193,1.0,1.0,0.0
5,670690,1.0,1.0,0.0
5,671139,1.0,1.0,0.0
5,671647,1.0,1.0,0.0
5,673250,1.0,1.0,0.0
5,673399,1.0,1.0,0.0
5,673413,1.0,1.0,0.0
5,673502,1.0,1.0,0.0
5,673680,1.0,1.0,0.0
5,673753,1.0,1.0,0.0
5,674884,1.0,1.0,0.0
5,674921,1.0,1.0,0.0
5,675790,1.0,1.0,0.0
5,676282,1.0,1.0,0.0
5,676608,1.0,1.0,0.0
5,677062,1.0,1.0,0.0
5,677695,1.0,1.0,0.0
5,679103,1.0,1.0,0.0
5,679319,1.0,1.0,0.0
5,679572,1.0,1.0,0.0
5,680049,1.0,1.0,0.0
5,680141,1.0,1.0,0.0
5,680373,1.0,1.0,0.0
5,680510,1.0,1.0,0.0
5,680944,1.0,1.0,0.0
5,681118,1.0,1.0,0.0
5,681807,1.0,1.0,0.0
5,682040,1.0,1.0,0.0
5,683345,1.0,1.0,0.0
5,683390,1.0,1.0,0.0
5,683751,1.0,1.0,0.0
5,683940,1.0,1.0,0.0
5,684325,1.0,1.0,0.0
5,684590,1.0,1.0,0.0
5,684802,1.0,1.0,0.0
5,684860,1.0,1.0,0.0
5,685087,1.0,1.0,0.0
5,685132,1.0,1.0,0.0
5,685172,1.0,1.0,0.0
5,685476,1.0,1.0,0.0
5,686021,1.0,1.0,0.0
5,686661,1.0,1.0,0.0
5,686782,1.0,1.0,0.0
5,686989,1.0,1.0,0.0
5,687130,1.0,1.0,0.0
5,688718,1.0,1.0,0.0
5,689658,1.0,1.0,0.0
5,689908,1.0,1.0,0.0
5,690416,1.0,1.0,0.0
5,691472,1.0,1.0,0.0
5,692671,1.0,1.0,0.0
5,693154,1.0,1.0,0.0
5,693570,1.0,1.0,0.0
5,694329,1.0,1.0,0.0
5,695250,1.0,1.0,0.0
5,695462,1.0,1.0,0.0
5,695789,1.0,1.0,0.0
5,696455,1.0,1.0,0.0
5,696482,1.0,1.0,0.0
5,697558,1.0,1.0,0.0
5,697608,1.0,1.0,0.0
5,698646,1.0,1.0,0.0
5,699403,1.0,1.0,0.0
5,699805,1.0,1.0,0.0
5,701156,1.0,1.0,0.0
5,701605,1.0,1.0,0.0
5,701935,1.0,1.0,0.0
5,702105,1.0,1.0,0.0
5,703467,1.0,1.0,0.0
5,703696,1.0,1.0,0.0
5,704141,1.0,1.0,0.0
5,704944,1.0,1.0,0.0
5,705219,1.0,1.0,0.0
5,706129,1.0,1.0,0.0
5,708373,1.0,1.0,0.0
5,709138,1.0,1.0,0.0
5,710102,1.0,1.0,0.0
6,710457,1.0,1.0,0.0
6,710742,1.0,1.0,0.0
6,711356,1.0,1.0,0.0
6,711833,1.0,1.0,0.0
6,712455,1.0,1.0,0.0
6,712555,1.0,1.0,0.0
6,713205,1.0,1.0,0.0
6,713256,1.0,1.0,0.0
6,713260,1.0,1.0,0.0
6,713549,1.0,1.0,0.0
6,714540,1.0,1.0,0.0
6,715446,1.0,1.0,0.0
6,715617,1.0,1.0,0.0
6,716374,1.0,1.0,0.0
6,717511,1.0,1.0,0.0
6,717556,1.0,1.0,0.0
6,718199,1.0,1.0,0.0
6,718994,1.0,1.0,0.0
6,719278,1.0,1.0,0.0
6,720169,1.0,1.0,0.0
6,720253,1.0,1.0,0.0
6,720614,1.0,1.0,0.0
6,721246,1.0,1.0,0.0
6,721736,1.0,1.0,0.0
6,722470,1.0,1.0,0.0
6,722479,1.0,1.0,0.0
6,722867,1.0,1.0,0.0
6,723216,1.0,1.0,0.0
6,726005,1.0,1.0,0.0
6,726555,1.0,1.0,0.0
6,726892,1.0,1.0,0.0
6,727832,1.0,1.0,0.0
6,729791,1.0,1.0,0.0
6,730393,1.0,1.0,0.0
6,730470,1.0,1.0,0.0
6,730648,1.0,1.0,0.0
6,731386,1.0,1.0,0.0
6,732309,1.0,1.0,0.0
6,732421,1.0,1.0,0.0
6,732797,1.0,1.0,0.0
6,733035,1.0,1.0,0.0
6,734261,1.0,1.0,0.0
6,735281,1.0,1.0,0.0
6,735459,1.0,1.0,0.0
6,735812,1.0,1.0,0.0
6,736282,1.0,1.0,0.0
6,736492,1.0,1.0,0.0
6,737017,1.0,1.0,0.0
6,737427,1.0,1.0,0.0
6,737429,1.0,1.0,0.0
6,737504,1.0,1.0,0.0
6,739822,1.0,1.0,0.0
6,741400,1.0,1.0,0.0
6,742727,1.0,1.0,0.0
6,743888,1.0,1.0,0.0
6,744419,1.0,1.0,0.0
6,744471,1.0,1.0,0.0
6,746102,1.0,1.0,0.0
6,746713,1.0,1.0,0.0
6,746765,1.0,1.0,0.0
6,747760,1.0,1.0,0.0
6,747763,1.0,1.0,0.0
6,747870,1.0,1.0,0.0
6,748012,1.0,1.0,0.0
6,748306,1.0,1.0,0.0
6,748497,1.0,1.0,0.0
6,748840,1.0,1.0,0.0
6,749181,1.0,1.0,0.0
6,749746,1.0,1.0,0.0
6,750236,1.0,1.0,0.0
6,750498,1.0,1.0,0.0
6,750557,1.0,1.0,0.0
6,751089,1.0,1.0,0.0
6,752273,1.0,1.0,0.0
6,752650,1.0,1.0,0.0
6,752807,1.0,1.0,0.0
6,753020,1.0,1.0,0.0
6,753188,1.0,1.0,0.0
6,753804,1.0,1.0,0.0
6,753904,1.0,1.0,0.0
6,754893,1.0,1.0,0.0
6,755237,1.0,1.0,0.0
6,755343,1.0,1.0,0.0
6,756164,1.0,1.0,0.0
6,756168,1.0,1.0,0.0
6,756514,1.0,1.0,0.0
6,756762,1.0,1.0,0.0
6,757619,1.0,1.0,0.0
6,758081,1.0,1.0,0.0
6,758124,1.0,1.0,0.0
6,758131,1.0,1.0,0.0
6,758589,1.0,1.0,0.0
6,758996,1.0,1.0,0.0
6,759012,1.0,1.0,0.0
6,759369,1.0,1.0,0.0
6,759410,1.0,1.0,0.0
6,759857,1.0,1.0,0.0
6,760251,1.0,1.0,0.0
6,761137,1.0,1.0,0.0
6,761343,1.0,1.0,0.0
6,761621,1.0,1.0,0.0
6,762360,1.0,1.0,0.0
6,763187,1.0,1.0,0.0
6,763306,1.0,1.0,0.0
6,763870,1.0,1.0,0.0
6,764123,1.0,1.0,0.0
6,764664,1.0,1.0,0.0
6,764790,1.0,1.0,0.0
6,764875,1.0,1.0,0.0
6,766463,1.0,1.0,0.0
6,766486,1.0,1.0,0.0
6,767039,1.0,1.0,0.0
6,767129,1.0,1.0,0.0
6,767346,1.0,1.0,0.0
6,767763,1.0,1.0,0.0
6,768181,1.0,1.0,0.0
6,768715,1.0,1.0,0.0
6,769417,1.0,1.0,0.0
6,769975,1.0,1.0,0.0
6,770999,1.0,1.0,0.0
6,771059,1.0,1.0,0.0
6,771448,1.0,1.0,0.0
6,773222,1.0,1.0,0.0
6,774174,1.0,1.0,0.0
6,775172,1.0,1.0,0.0
6,775190,1.0,1.0,0.0
6,775897,1.0,1.0,0.0
6,778462,1.0,1.0,0.0
6,779656,1.0,1.0,0.0
6,779847,1.0,1.0,0.0
6,779863,1.0,1.0,0.0
6,781234,1.0,1.0,0.0
6,781252,1.0,1.0,0.0
6,781479,1.0,1.0,0.0
6,781752,1.0,1.0,0.0
6,781859,1.0,1.0,0.0
6,782447,1.0,1.0,0.0
6,782897,1.0,1.0,0.0
6,783357,1.0,1.0,0.0
6,784626,1.0,1.0,0.0
6,784648,1.0,1.0,0.0
6,784671,1.0,1.0,0.0
6,786127,1.0,1.0,0.0
6,786784,1.0,1.0,0.0
6,787126,1.0,1.0,0.0
6,787133,1.0,1.0,0.0
6,788235,1.0,1.0,0.0
6,788912,1.0,1.0,0.0
6,789474,1.0,1.0,0.0
6,789822,1.0,1.0,0.0
6,790688,1.0,1.0,0.0
6,792356,1.0,1.0,0.0
6,793511,1.0,1.0,0.0
6,794205,1.0,1.0,0.0
6,794284,1.0,1.0,0.0
6,795730,1.0,1.0,0.0
6,796813,1.0,1.0,0.0
6,797184,1.0,1.0,0.0
6,797775,1.0,1.0,0.0
6,797831,1.0,1.0,0.0
6,798276,1.0,1.0,0.0
6,798446,1.0,1.0,0.0
6,798552,1.0,1.0,0.0
6,798738,1.0,1.0,0.0
6,799504,1.0,1.0,0.0
6,800268,1.0,1.0,0.0
6,800450,1.0,1.0,0.0
6,800546,1.0,1.0,0.0
6,801207,1.0,1.0,0.0
6,801227,1.0,1.0,0.0
6,801376,1.0,1.0,0.0
6,801511,1.0,1.0,0.0
6,801874,1.0,1.0,0.0
6,802433,1.0,1.0,0.0
6,803200,1.0,1.0,0.0
6,804830,1.0,1.0,0.0
6,805298,1.0,1.0,0.0
6,805443,1.0,1.0,0.0
6,806465,1.0,1.0,0.0
6,806534,1.0,1.0,0.0
6,807501,1.0,1.0,0.0
6,807699,1.0,1.0,0.0
6,808199,1.0,1.0,0.0
6,808413,1.0,1.0,0.0
6,808648,1.0,1.0,0.0
6,808870,1.0,1.0,0.0
6,809537,1.0,1.0,0.0
6,809886,1.0,1.0,0.0
6,811378,1.0,1.0,0.0
6,811905,1.0,1.0,0.0
6,812268,1.0,1.0,0.0
6,812558,1.0,1.0,0.0
6,812889,1.0,1.0,0.0
6,813152,1.0,1.0,0.0
6,813352,1.0,1.0,0.0
6,813511,1.0,1.0,0.0
6,813799,1.0,1.0,0.0
6,814521,1.0,1.0,0.0
6,814564,1.0,1.0,0.0
6,814567,1.0,1.0,0.0
6,814580,1.0,1.0,0.0
6,815120,1.0,1.0,0.0
6,815414,1.0,1.0,0.0
6,815860,1.0,1.0,0.0
6,815993,1.0,1.0,0.0
6,816682,1.0,1.0,0.0
6,817245,1.0,1.0,0.0
6,817684,1.0,1.0,0.0
6,817731,1.0,1.0,0.0
6,818034,1.0,1.0,0.0
6,818118,1.0,1.0,0.0
6,818186,1.0,1.0,0.0
6,819256,1.0,1.0,0.0
6,819521,1.0,1.0,0.0
6,820176,1.0,1.0,0.0
6,820568,1.0,1.0,0.0
6,821025,1.0,1.0,0.0
6,821929,1.0,1.0,0.0
6,822225,1.0,1.0,0.0
6,822599,1.0,1.0,0.0
6,822728,1.0,1.0,0.0
6,823581,1.0,1.0,0.0
6,823955,1.0,1.0,0.0
6,823968,1.0,1.0,0.0
6,824352,1.0,1.0,0.0
6,824471,1.0,1.0,0.0
6,825434,1.0,1.0,0.0
6,825533,1.0,1.0,0.0
6,825841,1.0,1.0,0.0
6,826384,1.0,1.0,0.0
6,827377,1.0,1.0,0.0
6,827513,1.0,1.0,0.0
6,827928,1.0,1.0,0.0
6,829088,1.0,1.0,0.0
6,829476,1.0,1.0,0.0
6,831263,1.0,1.0,0.0
6,831427,1.0,1.0,0.0
6,831663,1.0,1.0,0.0
6,832415,1.0,1.0,0.0
6,832954,1.0,1.0,0.0
6,833000,1.0,1.0,0.0
6,833193,1.0,1.0,0.0
6,833414,1.0,1.0,0.0
6,833975,1.0,1.0,0.0
6,834082,1.0,1.0,0.0
6,834116,1.0,1.0,0.0
6,834438,1.0,1.0,0.0
6,835236,1.0,1.0,0.0
6,835366,1.0,1.0,0.0
6,835445,1.0,1.0,0.0
7,835624,1.0,1.0,0.0
7,836317,1.0,1.0,0.0
7,836428,1.0,1.0,0.0
7,836610,1.0,1.0,0.0
7,836873,1.0,1.0,0.0
7,837139,1.0,1.0,0.0
7,838349,1.0,1.0,0.0
7,839073,1.0,1.0,0.0
7,839108,1.0,1.0,0.0
7,839166,1.0,1.0,0.0
7,839280,1.0,1.0,0.0
7,840607,1.0,1.0,0.0
7,840984,1.0,1.0,0.0
7,841898,1.0,1.0,0.0
7,842081,1.0,1.0,0.0
7,842182,1.0,1.0,0.0
7,842286,1.0,1.0,0.0
7,842936,1.0,1.0,0.0
7,844118,1.0,1.0,0.0
7,844234,1.0,1.0,0.0
7,844639,1.0,1.0,0.0
7,845279,1.0,1.0,0.0
7,845581,1.0,1.0,0.0
7,846773,1.0,1.0,0.0
7,847436,1.0,1.0,0.0
7,847935,1.0,1.0,0.0
7,848078,1.0,1.0,0.0
7,848375,1.0,1.0,0.0
7,850380,1.0,1.0,0.0
7,850519,1.0,1.0,0.0
7,850597,1.0,1.0,0.0
7,850886,1.0,1.0,0.0
7,851316,1.0,1.0,0.0
7,851684,1.0,1.0,0.0
7,853100,1.0,1.0,0.0
7,853202,1.0,1.0,0.0
7,856783,1.0,1.0,0.0
7,856931,1.0,1.0,0.0
7,856941,1.0,1.0,0.0
7,857374,1.0,1.0,0.0
7,858734,1.0,1.0,0.0
7,858951,1.0,1.0,0.0
7,859198,1.0,1.0,0.0
7,859310,1.0,1.0,0.0
7,859518,1.0,1.0,0.0
7,862040,1.0,1.0,0.0
7,862269,1.0,1.0,0.0
7,862398,1.0,1.0,0.0
7,863867,1.0,1.0,0.0
7,865719,1.0,1.0,0.0
7,866139,1.0,1.0,0.0
7,867029,1.0,1.0,0.0
7,867333,1.0,1.0,0.0
7,867821,1.0,1.0,0.0
7,868295,1.0,1.0,0.0
7,868364,1.0,1.0,0.0
7,869289,1.0,1.0,0.0
7,871030,1.0,1.0,0.0
7,871326,1.0,1.0,0.0
7,871615,1.0,1.0,0.0
7,872255,1.0,1.0,0.0
7,872416,1.0,1.0,0.0
7,872988,1.0,1.0,0.0
7,873141,1.0,1.0,0.0
7,873433,1.0,1.0,0.0
7,873951,1.0,1.0,0.0
7,874245,1.0,1.0,0.0
7,874544,1.0,1.0,0.0
7,874577,1.0,1.0,0.0
7,874885,1.0,1.0,0.0
7,874942,1.0,1.0,0.0
7,875026,1.0,1.0,0.0
7,876017,1.0,1.0,0.0
7,876534,1.0,1.0,0.0
7,876717,1.0,1.0,0.0
7,876906,1.0,1.0,0.0
7,877236,1.0,1.0,0.0
7,877414,1.0,1.0,0.0
7,878535,1.0,1.0,0.0
7,878613,1.0,1.0,0.0
7,879485,1.0,1.0,0.0
7,879526,1.0,1.0,0.0
7,879974,1.0,1.0,0.0
7,880442,1.0,1.0,0.0
7,880815,1.0,1.0,0.0
7,880892,1.0,1.0,0.0
7,881512,1.0,1.0,0.0
7,881843,1.0,1.0,0.0
7,881974,1.0,1.0,0.0
7,882280,1.0,1.0,0.0
7,882610,1.0,1.0,0.0
7,882656,1.0,1.0,0.0
7,882979,1.0,1.0,0.0
7,883160,1.0,1.0,0.0
7,883800,1.0,1.0,0.0
7,884582,1.0,1.0,0.0
7,885202,1.0,1.0,0.0
7,885256,1.0,1.0,0.0
7,886730,1.0,1.0,0.0
7,887672,1.0,1.0,0.0
7,888077,1.0,1.0,0.0
7,888300,1.0,1.0,0.0
7,888357,1.0,1.0,0.0
7,888513,1.0,1.0,0.0
7,889157,1.0,1.0,0.0
7,889183,1.0,1.0,0.0
7,890199,1.0,1.0,0.0
7,890371,1.0,1.0,0.0
7,890453,1.0,1.0,0.0
7,891220,1.0,1.0,0.0
7,891988,1.0,1.0,0.0
7,892532,1.0,1.0,0.0
7,893860,1.0,1.0,0.0
7,894314,1.0,1.0,0.0
7,895446,1.0,1.0,0.0
7,896068,1.0,1.0,0.0
7,896306,1.0,1.0,0.0
7,897022,1.0,1.0,0.0
7,897558,1.0,1.0,0.0
7,897948,1.0,1.0,0.0
7,898071,1.0,1.0,0.0
7,898487,1.0,1.0,0.0
7,898685,1.0,1.0,0.0
7,899692,1.0,1.0,0.0
7,899749,1.0,1.0,0.0
7,900083,1.0,1.0,0.0
7,900108,1.0,1.0,0.0
7,900768,1.0,1.0,0.0
7,901762,1.0,1.0,0.0
7,902040,1.0,1.0,0.0
7,902130,1.0,1.0,0.0
7,902424,1.0,1.0,0.0
7,903282,1.0,1.0,0.0
7,903759,1.0,1.0,0.0
7,906540,1.0,1.0,0.0
7,907209,1.0,1.0,0.0
7,907307,1.0,1.0,0.0
7,907443,1.0,1.0,0.0
7,908027,1.0,1.0,0.0
7,908053,1.0,1.0,0.0
7,909883,1.0,1.0,0.0
7,909909,1.0,1.0,0.0
7,910321,1.0,1.0,0.0
7,911055,1.0,1.0,0.0
7,911377,1.0,1.0,0.0
7,912322,1.0,1.0,0.0
7,912788,1.0,1.0,0.0
7,914171,1.0,1.0,0.0
7,914389,1.0,1.0,0.0
7,914467,1.0,1.0,0.0
7,915685,1.0,1.0,0.0
7,917793,1.0,1.0,0.0
7,918769,1.0,1.0,0.0
7,918782,1.0,1.0,0.0
7,918956,1.0,1.0,0.0
7,919380,1.0,1.0,0.0
7,919745,1.0,1.0,0.0
7,919832,1.0,1.0,0.0
7,920061,1.0,1.0,0.0
7,920168,1.0,1.0,0.0
7,920641,1.0,1.0,0.0
7,920761,1.0,1.0,0.0
7,920858,1.0,1.0,0.0
7,921640,1.0,1.0,0.0
7,921657,1.0,1.0,0.0
7,921750,1.0,1.0,0.0
7,921754,1.0,1.0,0.0
7,922204,1.0,1.0,0.0
7,922211,1.0,1.0,0.0
7,922871,1.0,1.0,0.0
7,923795,1.0,1.0,0.0
7,924077,1.0,1.0,0.0
7,924321,1.0,1.0,0.0
7,925152,1.0,1.0,0.0
7,925208,1.0,1.0,0.0
7,925711,1.0,1.0,0.0
7,925772,1.0,1.0,0.0
7,925873,1.0,1.0,0.0
7,925922,1.0,1.0,0.0
7,926031,1.0,1.0,0.0
7,926334,1.0,1.0,0.0
7,926598,1.0,1.0,0.0
7,926703,1.0,1.0,0.0
7,926827,1.0,1.0,0.0
7,926912,1.0,1.0,0.0
7,927821,1.0,1.0,0.0
7,927973,1.0,1.0,0.0
7,927996,1.0,1.0,0.0
7,927998,1.0,1.0,0.0
7,928590,1.0,1.0,0.0
7,928850,1.0,1.0,0.0
7,929039,1.0,1.0,0.0
7,929536,1.0,1.0,0.0
7,932715,1.0,1.0,0.0
7,933104,1.0,1.0,0.0
7,933364,1.0,1.0,0.0
7,933516,1.0,1.0,0.0
7,933632,1.0,1.0,0.0
7,934106,1.0,1.0,0.0
7,934187,1.0,1.0,0.0
7,934947,1.0,1.0,0.0
7,937259,1.0,1.0,0.0
7,938009,1.0,1.0,0.0
7,938488,1.0,1.0,0.0
7,938998,1.0,1.0,0.0
7,939159,1.0,1.0,0.0
7,939433,1.0,1.0,0.0
7,939651,1.0,1.0,0.0
7,940969,1.0,1.0,0.0
7,941383,1.0,1.0,0.0
7,941546,1.0,1.0,0.0
7,941746,1.0,1.0,0.0
7,942310,1.0,1.0,0.0
7,942474,1.0,1.0,0.0
7,942771,1.0,1.0,0.0
7,942877,1.0,1.0,0.0
7,943085,1.0,1.0,0.0
7,943163,1.0,1.0,0.0
7,943826,1.0,1.0,0.0
7,943965,1.0,1.0,0.0
7,944424,1.0,1.0,0.0
7,945032,1.0,1.0,0.0
7,945186,1.0,1.0,0.0
7,947112,1.0,1.0,0.0
7,947896,1.0,1.0,0.0
7,948524,1.0,1.0,0.0
7,949015,1.0,1.0,0.0
7,949044,1.0,1.0,0.0
7,949681,1.0,1.0,0.0
7,951808,1.0,1.0,0.0
7,952586,1.0,1.0,0.0
7,952971,1.0,1.0,0.0
7,953443,1.0,1.0,0.0
7,953502,1.0,1.0,0.0
7,953520,1.0,1.0,0.0
7,954479,1.0,1.0,0.0
7,955174,1.0,1.0,0.0
7,955669,1.0,1.0,0.0
7,956077,1.0,1.0,0.0
7,956214,1.0,1.0,0.0
7,956365,1.0,1.0,0.0
7,956604,1.0,1.0,0.0
7,956624,1.0,1.0,0.0
7,957778,1.0,1.0,0.0
7,959430,1.0,1.0,0.0
7,959679,1.0,1.0,0.0
7,960371,1.0,1.0,0.0
7,961180,1.0,1.0,0.0
7,961634,1.0,1.0,0.0
7,963380,1.0,1.0,0.0
8,963949,1.0,1.0,0.0
8,964068,1.0,1.0,0.0
8,964230,1.0,1.0,0.0
8,965016,1.0,1.0,0.0
8,966035,1.0,1.0,0.0
8,966340,1.0,1.0,0.0
8,967076,1.0,1.0,0.0
8,968194,1.0,1.0,0.0
8,968555,1.0,1.0,0.0
8,969054,1.0,1.0,0.0
8,969237,1.0,1.0,0.0
8,969461,1.0,1.0,0.0
8,970201,1.0,1.0,0.0
8,970285,1.0,1.0,0.0
8,970600,1.0,1.0,0.0
8,971097,1.0,1.0,0.0
8,972130,1.0,1.0,0.0
8,972372,1.0,1.0,0.0
8,972471,1.0,1.0,0.0
8,972683,1.0,1.0,0.0
8,973453,1.0,1.0,0.0
8,974074,1.0,1.0,0.0
8,974351,1.0,1.0,0.0
8,975303,1.0,1.0,0.0
8,975481,1.0,1.0,0.0
8,976879,1.0,1.0,0.0
8,978440,1.0,1.0,0.0
8,979019,1.0,1.0,0.0
8,979298,1.0,1.0,0.0
8,981065,1.0,1.0,0.0
8,981176,1.0,1.0,0.0
8,981403,1.0,1.0,0.0
8,982272,1.0,1.0,0.0
8,983354,1.0,1.0,0.0
8,984262,1.0,1.0,0.0
8,984452,1.0,1.0,0.0
8,984604,1.0,1.0,0.0
8,986565,1.0,1.0,0.0
8,987450,1.0,1.0,0.0
8,987736,1.0,1.0,0.0
8,988190,1.0,1.0,0.0
8,989460,1.0,1.0,0.0
8,990054,1.0,1.0,0.0
8,990919,1.0,1.0,0.0
8,990960,1.0,1.0,0.0
8,991396,1.0,1.0,0.0
8,991517,1.0,1.0,0.0
8,991622,1.0,1.0,0.0
8,991762,1.0,1.0,0.0
8,992245,1.0,1.0,0.0
8,992709,1.0,1.0,0.0
8,993261,1.0,1.0,0.0
8,994096,1.0,1.0,0.0
8,994258,1.0,1.0,0.0
8,994564,1.0,1.0,0.0
8,994700,1.0,1.0,0.0
8,994716,1.0,1.0,0.0
8,994952,1.0,1.0,0.0
8,995527,1.0,1.0,0.0
8,996426,1.0,1.0,0.0
8,996999,1.0,1.0,0.0
8,997358,1.0,1.0,0.0
8,997833,1.0,1.0,0.0
8,997863,1.0,1.0,0.0
8,998045,1.0,1.0,0.0
8,998501,1.0,1.0,0.0
8,999131,1.0,1.0,0.0
8,999149,1.0,1.0,0.0
8,999705,1.0,1.0,0.0
8,1000252,1.0,1.0,0.0
8,1000407,1.0,1.0,0.0
8,1000835,1.0,1.0,0.0
8,1002211,1.0,1.0,0.0
8,1002758,1.0,1.0,0.0
8,1003126,1.0,1.0,0.0
8,1003321,1.0,1.0,0.0
8,1004693,1.0,1.0,0.0
8,1004968,1.0,1.0,0.0
8,1005053,1.0,1.0,0.0
8,1006053,1.0,1.0,0.0
8,1006228,1.0,1.0,0.0
8,1006461,1.0,1.0,0.0
8,1007573,1.0,1.0,0.0
8,1007826,1.0,1.0,0.0
8,1008669,1.0,1.0,0.0
8,1009032,1.0,1.0,0.0
8,1009153,1.0,1.0,0.0
8,1009582,1.0,1.0,0.0
8,1010611,1.0,1.0,0.0
8,1010638,1.0,1.0,0.0
8,1010709,1.0,1.0,0.0
8,1011078,1.0,1.0,0.0
8,1011696,1.0,1.0,0.0
8,1011887,1.0,1.0,0.0
8,1012463,1.0,1.0,0.0
8,1012975,1.0,1.0,0.0
8,1013523,1.0,1.0,0.0
8,1015186,1.0,1.0,0.0
8,1016013,1.0,1.0,0.0
8,1016157,1.0,1.0,0.0
8,1016488,1.0,1.0,0.0
8,1017699,1.0,1.0,0.0
8,1018529,1.0,1.0,0.0
8,1019609,1.0,1.0,0.0
8,1019780,1.0,1.0,0.0
8,1022503,1.0,1.0,0.0
8,1023039,1.0,1.0,0.0
8,1023318,1.0,1.0,0.0
8,1023469,1.0,1.0,0.0
8,1024055,1.0,1.0,0.0
8,1024144,1.0,1.0,0.0
8,1028895,1.0,1.0,0.0
8,1029859,1.0,1.0,0.0
8,1029891,1.0,1.0,0.0
8,1031463,1.0,1.0,0.0
8,1031491,1.0,1.0,0.0
8,1031841,1.0,1.0,0.0
8,1032479,1.0,1.0,0.0
8,1032542,1.0,1.0,0.0
8,1032589,1.0,1.0,0.0
8,1032640,1.0,1.0,0.0
8,1033223,1.0,1.0,0.0
8,1033866,1.0,1.0,0.0
8,1034002,1.0,1.0,0.0
8,1034280,1.0,1.0,0.0
8,1034691,1.0,1.0,0.0
8,1036543,1.0,1.0,0.0
8,1036771,1.0,1.0,0.0
8,1036840,1.0,1.0,0.0
8,1037019,1.0,1.0,0.0
8,1037228,1.0,1.0,0.0
8,1037240,1.0,1.0,0.0
8,1037352,1.0,1.0,0.0
8,1037950,1.0,1.0,0.0
8,1039040,1.0,1.0,0.0
8,1039384,1.0,1.0,0.0
8,1040080,1.0,1.0,0.0
8,1040164,1.0,1.0,0.0
8,1040248,1.0,1.0,0.0
8,1040648,1.0,1.0,0.0
8,1041187,1.0,1.0,0.0
8,1041348,1.0,1.0,0.0
8,1042435,1.0,1.0,0.0
8,1043808,1.0,1.0,0.0
8,1043960,1.0,1.0,0.0
8,1044645,1.0,1.0,0.0
8,1045137,1.0,1.0,0.0
8,1045421,1.0,1.0,0.0
8,1045535,1.0,1.0,0.0
8,1045848,1.0,1.0,0.0
8,1046778,1.0,1.0,0.0
8,1046817,1.0,1.0,0.0
8,1047080,1.0,1.0,0.0
8,1047673,1.0,1.0,0.0
8,1047956,1.0,1.0,0.0
8,1048695,1.0,1.0,0.0
8,1049609,1.0,1.0,0.0
8,1049715,1.0,1.0,0.0
8,1049781,1.0,1.0,0.0
8,1050233,1.0,1.0,0.0
8,1051183,1.0,1.0,0.0
8,1051460,1.0,1.0,0.0
8,1051717,1.0,1.0,0.0
8,1051996,1.0,1.0,0.0
8,1052292,1.0,1.0,0.0
8,1053174,1.0,1.0,0.0
8,1054417,1.0,1.0,0.0
8,1054526,1.0,1.0,0.0
8,1055015,1.0,1.0,0.0
8,1055062,1.0,1.0,0.0
8,1055194,1.0,1.0,0.0
8,1055342,1.0,1.0,0.0
8,1055551,1.0,1.0,0.0
8,1055703,1.0,1.0,0.0
8,1055907,1.0,1.0,0.0
8,1056668,1.0,1.0,0.0
8,1057061,1.0,1.0,0.0
8,1057216,1.0,1.0,0.0
8,1058872,1.0,1.0,0.0
8,1059172,1.0,1.0,0.0
8,1059601,1.0,1.0,0.0
8,1060109,1.0,1.0,0.0
8,1060257,1.0,1.0,0.0
8,1060325,1.0,1.0,0.0
8,1060359,1.0,1.0,0.0
8,1062614,1.0,1.0,0.0
8,1062768,1.0,1.0,0.0
8,1062970,1.0,1.0,0.0
8,1063033,1.0,1.0,0.0
8,1063096,1.0,1.0,0.0
8,1063209,1.0,1.0,0.0
8,1063624,1.0,1.0,0.0
8,1063716,1.0,1.0,0.0
8,1063946,1.0,1.0,0.0
8,1064051,1.0,1.0,0.0
8,1064585,1.0,1.0,0.0
8,1066088,1.0,1.0,0.0
8,1066242,1.0,1.0,0.0
8,1066658,1.0,1.0,0.0
8,1068208,1.0,1.0,0.0
8,1069326,1.0,1.0,0.0
8,1069545,1.0,1.0,0.0
8,1069713,1.0,1.0,0.0
8,1071628,1.0,1.0,0.0
8,1071712,1.0,1.0,0.0
8,1071974,1.0,1.0,0.0
8,1072187,1.0,1.0,0.0
8,1073335,1.0,1.0,0.0
8,1073340,1.0,1.0,0.0
8,1073528,1.0,1.0,0.0
8,1075803,1.0,1.0,0.0
8,1075908,1.0,1.0,0.0
8,1076438,1.0,1.0,0.0
8,1077013,1.0,1.0,0.0
8,1077817,1.0,1.0,0.0
8,1078612,1.0,1.0,0.0
8,1078881,1.0,1.0,0.0
8,1080499,1.0,1.0,0.0
8,1080608,1.0,1.0,0.0
8,1081367,1.0,1.0,0.0
8,1081690,1.0,1.0,0.0
8,1082246,1.0,1.0,0.0
8,1082704,1.0,1.0,0.0
8,1082781,1.0,1.0,0.0
8,1082972,1.0,1.0,0.0
8,1083117,1.0,1.0,0.0
8,1083194,1.0,1.0,0.0
8,1083390,1.0,1.0,0.0
8,1084151,1.0,1.0,0.0
8,1084257,1.0,1.0,0.0
8,1084633,1.0,1.0,0.0
8,1084762,1.0,1.0,0.0
8,1084956,1.0,1.0,0.0
8,1085809,1.0,1.0,0.0
8,1087228,1.0,1.0,0.0
8,1087501,1.0,1.0,0.0
8,1088166,1.0,1.0,0.0
8,1089721,1.0,1.0,0.0
8,1089830,1.0,1.0,0.0
8,1090194,1.0,1.0,0.0
8,1091484,1.0,1.0,0.0
8,1091780,1.0,1.0,0.0
8,1091800,1.0,1.0,0.0
8,1094001,1.0,1.0,0.0
8,1094452,1.0,1.0,0.0
8,1094537,1.0,1.0,0.0
8,1094642,1.0,1.0,0.0
8,1095269,1.0,1.0,0.0
8,1095315,1.0,1.0,0.0
8,1096807,1.0,1.0,0.0
9,1098059,1.0,1.0,0.0
9,1098628,1.0,1.0,0.0
9,1098924,1.0,1.0,0.0
9,1098958,1.0,1.0,0.0
9,1099530,1.0,1.0,0.0
9,1100922,1.0,1.0,0.0
9,1101626,1.0,1.0,0.0
9,1102402,1.0,1.0,0.0
9,1102882,1.0,1.0,0.0
9,1102916,1.0,1.0,0.0
9,1103012,1.0,1.0,0.0
9,1103336,1.0,1.0,0.0
9,1103408,1.0,1.0,0.0
9,1104407,1.0,1.0,0.0
9,1104587,1.0,1.0,0.0
9,1104815,1.0,1.0,0.0
9,1105578,1.0,1.0,0.0
9,1105777,1.0,1.0,0.0
9,1105888,1.0,1.0,0.0
9,1106318,1.0,1.0,0.0
9,1106590,1.0,1.0,0.0
9,1106779,1.0,1.0,0.0
9,1106859,1.0,1.0,0.0
9,1107436,1.0,1.0,0.0
9,1107901,1.0,1.0,0.0
9,1107912,1.0,1.0,0.0
9,1108072,1.0,1.0,0.0
9,1109128,1.0,1.0,0.0
9,1109157,1.0,1.0,0.0
9,1109619,1.0,1.0,0.0
9,1110360,1.0,1.0,0.0
9,1110368,1.0,1.0,0.0
9,1110513,1.0,1.0,0.0
9,1110798,1.0,1.0,0.0
9,1110803,1.0,1.0,0.0
9,1110989,1.0,1.0,0.0
9,1111266,1.0,1.0,0.0
9,1111350,1.0,1.0,0.0
9,1111941,1.0,1.0,0.0
9,1112403,1.0,1.0,0.0
9,1112828,1.0,1.0,0.0
9,1113654,1.0,1.0,0.0
9,1113929,1.0,1.0,0.0
9,1114138,1.0,1.0,0.0
9,1114434,1.0,1.0,0.0
9,1115304,1.0,1.0,0.0
9,1115764,1.0,1.0,0.0
9,1115773,1.0,1.0,0.0
9,1115786,1.0,1.0,0.0
9,1115807,1.0,1.0,0.0
9,1115937,1.0,1.0,0.0
9,1116045,1.0,1.0,0.0
9,1116173,1.0,1.0,0.0
9,1116186,1.0,1.0,0.0
9,1116425,1.0,1.0,0.0
9,1117504,1.0,1.0,0.0
9,1117601,1.0,1.0,0.0
9,1117793,1.0,1.0,0.0
9,1118058,1.0,1.0,0.0
9,1118200,1.0,1.0,0.0
9,1118856,1.0,1.0,0.0
9,1119438,1.0,1.0,0.0
9,1119892,1.0,1.0,0.0
9,1120726,1.0,1.0,0.0
9,1120954,1.0,1.0,0.0
9,1121003,1.0,1.0,0.0
9,1121680,1.0,1.0,0.0
9,1122120,1.0,1.0,0.0
9,1122501,1.0,1.0,0.0
9,1122639,1.0,1.0,0.0
9,1122971,1.0,1.0,0.0
9,1122972,1.0,1.0,0.0
9,1123085,1.0,1.0,0.0
9,1123665,1.0,1.0,0.0
9,1123701,1.0,1.0,0.0
9,1124368,1.0,1.0,0.0
9,1124523,1.0,1.0,0.0
9,1125002,1.0,1.0,0.0
9,1125078,1.0,1.0,0.0
9,1125384,1.0,1.0,0.0
9,1125458,1.0,1.0,0.0
9,1125922,1.0,1.0,0.0
9,1126843,1.0,1.0,0.0
9,1127725,1.0,1.0,0.0
9,1127745,1.0,1.0,0.0
9,1129007,1.0,1.0,0.0
9,1129530,1.0,1.0,0.0
9,1129716,1.0,1.0,0.0
9,1130056,1.0,1.0,0.0
9,1130269,1.0,1.0,0.0
9,1130528,1.0,1.0,0.0
9,1131871,1.0,1.0,0.0
9,1132073,1.0,1.0,0.0
9,1132288,1.0,1.0,0.0
9,1132403,1.0,1.0,0.0
9,1133037,1.0,1.0,0.0
9,1133151,1.0,1.0,0.0
9,1133846,1.0,1.0,0.0
9,1133930,1.0,1.0,0.0
9,1134717,1.0,1.0,0.0
9,1135115,1.0,1.0,0.0
9,1135322,1.0,1.0,0.0
9,1135929,1.0,1.0,0.0
9,1136748,1.0,1.0,0.0
9,1136862,1.0,1.0,0.0
9,1136905,1.0,1.0,0.0
9,1137175,1.0,1.0,0.0
9,1137185,1.0,1.0,0.0
9,1137364,1.0,1.0,0.0
9,1137715,1.0,1.0,0.0
9,1137836,1.0,1.0,0.0
9,1137858,1.0,1.0,0.0
9,1138645,1.0,1.0,0.0
9,1138986,1.0,1.0,0.0
9,1139202,1.0,1.0,0.0
9,1139319,1.0,1.0,0.0
9,1139461,1.0,1.0,0.0
9,1140418,1.0,1.0,0.0
9,1140456,1.0,1.0,0.0
9,1140521,1.0,1.0,0.0
9,1140842,1.0,1.0,0.0
9,1141255,1.0,1.0,0.0
9,1141307,1.0,1.0,0.0
9,1141313,1.0,1.0,0.0
9,1141387,1.0,1.0,0.0
9,1141538,1.0,1.0,0.0
9,1141552,1.0,1.0,0.0
9,1141580,1.0,1.0,0.0
9,1142166,1.0,1.0,0.0
9,1142507,1.0,1.0,0.0
9,1142816,1.0,1.0,0.0
9,1142826,1.0,1.0,0.0
9,1143055,1.0,1.0,0.0
9,1145100,1.0,1.0,0.0
9,1146995,1.0,1.0,0.0
9,1148797,1.0,1.0,0.0
9,1149344,1.0,1.0,0.0
9,1149722,1.0,1.0,0.0
9,1150263,1.0,1.0,0.0
9,1150483,1.0,1.0,0.0
9,1150560,1.0,1.0,0.0
9,1150770,1.0,1.0,0.0
9,1151431,1.0,1.0,0.0
9,1152058,1.0,1.0,0.0
9,1152279,1.0,1.0,0.0
9,1152505,1.0,1.0,0.0
9,1152676,1.0,1.0,0.0
9,1152984,1.0,1.0,0.0
9,1153198,1.0,1.0,0.0
9,1154029,1.0,1.0,0.0
9,1154400,1.0,1.0,0.0
9,1154663,1.0,1.0,0.0
9,1154994,1.0,1.0,0.0
9,1155044,1.0,1.0,0.0
9,1155196,1.0,1.0,0.0
9,1156489,1.0,1.0,0.0
9,1156839,1.0,1.0,0.0
9,1156923,1.0,1.0,0.0
9,1157002,1.0,1.0,0.0
9,1157066,1.0,1.0,0.0
9,1157136,1.0,1.0,0.0
9,1157236,1.0,1.0,0.0
9,1157711,1.0,1.0,0.0
9,1157840,1.0,1.0,0.0
9,1157868,1.0,1.0,0.0
9,1158792,1.0,1.0,0.0
9,1158961,1.0,1.0,0.0
9,1160487,1.0,1.0,0.0
9,1160507,1.0,1.0,0.0
9,1160659,1.0,1.0,0.0
9,1161201,1.0,1.0,0.0
9,1161567,1.0,1.0,0.0
9,1161612,1.0,1.0,0.0
9,1161727,1.0,1.0,0.0
9,1162169,1.0,1.0,0.0
9,1162238,1.0,1.0,0.0
9,1163750,1.0,1.0,0.0
9,1164566,1.0,1.0,0.0
9,1164661,1.0,1.0,0.0
9,1165436,1.0,1.0,0.0
9,1165693,1.0,1.0,0.0
9,1165727,1.0,1.0,0.0
9,1166116,1.0,1.0,0.0
9,1166311,1.0,1.0,0.0
9,1166349,1.0,1.0,0.0
9,1166753,1.0,1.0,0.0
9,1166755,1.0,1.0,0.0
9,1166842,1.0,1.0,0.0
9,1167430,1.0,1.0,0.0
9,1168105,1.0,1.0,0.0
9,1168194,1.0,1.0,0.0
9,1168606,1.0,1.0,0.0
9,1168808,1.0,1.0,0.0
9,1170083,1.0,1.0,0.0
9,1170608,1.0,1.0,0.0
9,1170826,1.0,1.0,0.0
9,1171083,1.0,1.0,0.0
9,1171103,1.0,1.0,0.0
9,1171196,1.0,1.0,0.0
9,1171534,1.0,1.0,0.0
9,1172918,1.0,1.0,0.0
9,1173752,1.0,1.0,0.0
9,1173908,1.0,1.0,0.0
9,1174033,1.0,1.0,0.0
9,1174201,1.0,1.0,0.0
9,1174257,1.0,1.0,0.0
9,1174467,1.0,1.0,0.0
9,1174624,1.0,1.0,0.0
9,1174875,1.0,1.0,0.0
9,1175108,1.0,1.0,0.0
9,1175167,1.0,1.0,0.0
9,1176526,1.0,1.0,0.0
9,1176759,1.0,1.0,0.0
9,1176842,1.0,1.0,0.0
9,1177552,1.0,1.0,0.0
9,1177697,1.0,1.0,0.0
9,1178050,1.0,1.0,0.0
9,1178134,1.0,1.0,0.0
9,1178195,1.0,1.0,0.0
9,1178220,1.0,1.0,0.0
9,1178879,1.0,1.0,0.0
9,1179194,1.0,1.0,0.0
9,1179237,1.0,1.0,0.0
9,1180469,1.0,1.0,0.0
9,1180851,1.0,1.0,0.0
9,1180910,1.0,1.0,0.0
9,1181556,1.0,1.0,0.0
9,1181833,1.0,1.0,0.0
9,1182503,1.0,1.0,0.0
9,1182973,1.0,1.0,0.0
9,1183236,1.0,1.0,0.0
9,1183293,1.0,1.0,0.0
9,1183618,1.0,1.0,0.0
9,1184846,1.0,1.0,0.0
9,1187481,1.0,1.0,0.0
9,1187786,1.0,1.0,0.0
9,1188013,1.0,1.0,0.0
9,1188093,1.0,1.0,0.0
9,1189118,1.0,1.0,0.0
9,1189407,1.0,1.0,0.0
9,1190326,1.0,1.0,0.0
9,1190552,1.0,1.0,0.0
9,1190781,1.0,1.0,0.0
9,1191118,1.0,1.0,0.0
9,1191948,1.0,1.0,0.0
9,1192412,1.0,1.0,0.0
9,1192508,1.0,1.0,0.0
9,1192946,1.0,1.0,0.0
9,1193339,1.0,1.0,0.0
9,1194013,1.0,1.0,0.0
10,1194195,1.0,1.0,0.0
10,1194590,1.0,1.0,0.0
10,1194614,1.0,1.0,0.0
10,1194842,1.0,1.0,0.0
10,1195123,1.0,1.0,0.0
10,1195154,1.0,1.0,0.0
10,1197147,1.0,1.0,0.0
10,1197164,1.0,1.0,0.0
10,1197498,1.0,1.0,0.0
10,1197602,1.0,1.0,0.0
10,1197658,1.0,1.0,0.0
10,1197882,1.0,1.0,0.0
10,1198036,1.0,1.0,0.0
10,1198451,1.0,1.0,0.0
10,1199050,1.0,1.0,0.0
10,1199226,1.0,1.0,0.0
10,1199240,1.0,1.0,0.0
10,1199832,1.0,1.0,0.0
10,1200128,1.0,1.0,0.0
10,1200275,1.0,1.0,0.0
10,1201088,1.0,1.0,0.0
10,1201325,1.0,1.0,0.0
10,1201588,1.0,1.0,0.0
10,1201925,1.0,1.0,0.0
10,1201993,1.0,1.0,0.0
10,1202087,1.0,1.0,0.0
10,1202478,1.0,1.0,0.0
10,1202660,1.0,1.0,0.0
10,1203765,1.0,1.0,0.0
10,1204111,1.0,1.0,0.0
10,1204191,1.0,1.0,0.0
10,1204914,1.0,1.0,0.0
10,1205819,1.0,1.0,0.0
10,1207164,1.0,1.0,0.0
10,1207674,1.0,1.0,0.0
10,1208042,1.0,1.0,0.0
10,1208213,1.0,1.0,0.0
10,1208335,1.0,1.0,0.0
10,1208584,1.0,1.0,0.0
10,1208672,1.0,1.0,0.0
10,1208849,1.0,1.0,0.0
10,1209573,1.0,1.0,0.0
10,1209647,1.0,1.0,0.0
10,1209829,1.0,1.0,0.0
10,1210034,1.0,1.0,0.0
10,1210215,1.0,1.0,0.0
10,1210515,1.0,1.0,0.0
10,1210594,1.0,1.0,0.0
10,1210752,1.0,1.0,0.0
10,1211421,1.0,1.0,0.0
10,1211849,1.0,1.0,0.0
10,1212029,1.0,1.0,0.0
10,1212416,1.0,1.0,0.0
10,1214189,1.0,1.0,0.0
10,1214213,1.0,1.0,0.0
10,1214729,1.0,1.0,0.0
10,1215544,1.0,1.0,0.0
10,1215654,1.0,1.0,0.0
10,1215661,1.0,1.0,0.0
10,1215717,1.0,1.0,0.0
10,1215774,1.0,1.0,0.0
10,1215825,1.0,1.0,0.0
10,1216352,1.0,1.0,0.0
10,1216732,1.0,1.0,0.0
10,1216758,1.0,1.0,0.0
10,1217327,1.0,1.0,0.0
10,1217412,1.0,1.0,0.0
10,1217524,1.0,1.0,0.0
10,1217719,1.0,1.0,0.0
10,1217922,1.0,1.0,0.0
10,1218137,1.0,1.0,0.0
10,1218822,1.0,1.0,0.0
10,1218865,1.0,1.0,0.0
10,1219235,1.0,1.0,0.0
10,1219269,1.0,1.0,0.0
10,1219358,1.0,1.0,0.0
10,1219465,1.0,1.0,0.0
10,1219642,1.0,1.0,0.0
10,1219864,1.0,1.0,0.0
10,1220185,1.0,1.0,0.0
10,1220491,1.0,1.0,0.0
10,1220985,1.0,1.0,0.0
10,1221334,1.0,1.0,0.0
10,1221355,1.0,1.0,0.0
10,1221460,1.0,1.0,0.0
10,1221529,1.0,1.0,0.0
10,1221841,1.0,1.0,0.0
10,1222678,1.0,1.0,0.0
10,1222915,1.0,1.0,0.0
10,1224057,1.0,1.0,0.0
10,1224062,1.0,1.0,0.0
10,1224159,1.0,1.0,0.0
10,1224606,1.0,1.0,0.0
10,1224892,1.0,1.0,0.0
10,1224909,1.0,1.0,0.0
10,1225440,1.0,1.0,0.0
10,1225515,1.0,1.0,0.0
10,1225793,1.0,1.0,0.0
10,1225797,1.0,1.0,0.0
10,1226232,1.0,1.0,0.0
10,1228068,1.0,1.0,0.0
10,1228699,1.0,1.0,0.0
10,1228830,1.0,1.0,0.0
10,1229142,1.0,1.0,0.0
10,1229436,1.0,1.0,0.0
10,1230228,1.0,1.0,0.0
10,1230511,1.0,1.0,0.0
10,1230553,1.0,1.0,0.0
10,1230627,1.0,1.0,0.0
10,1230685,1.0,1.0,0.0
10,1232405,1.0,1.0,0.0
10,1232700,1.0,1.0,0.0
10,1232937,1.0,1.0,0.0
10,1233973,1.0,1.0,0.0
10,1234164,1.0,1.0,0.0
10,1234249,1.0,1.0,0.0
10,1234549,1.0,1.0,0.0
10,1234698,1.0,1.0,0.0
10,1234731,1.0,1.0,0.0
10,1235285,1.0,1.0,0.0
10,1235805,1.0,1.0,0.0
10,1237574,1.0,1.0,0.0
10,1238274,1.0,1.0,0.0
10,1238379,1.0,1.0,0.0
10,1238473,1.0,1.0,0.0
10,1238937,1.0,1.0,0.0
10,1239005,1.0,1.0,0.0
10,1239007,1.0,1.0,0.0
10,1239363,1.0,1.0,0.0
10,1239438,1.0,1.0,0.0
10,1239464,1.0,1.0,0.0
10,1239512,1.0,1.0,0.0
10,1239565,1.0,1.0,0.0
10,1239612,1.0,1.0,0.0
10,1239900,1.0,1.0,0.0
10,1240344,1.0,1.0,0.0
10,1240868,1.0,1.0,0.0
10,1241934,1.0,1.0,0.0
10,1242032,1.0,1.0,0.0
10,1242114,1.0,1.0,0.0
10,1242269,1.0,1.0,0.0
10,1242279,1.0,1.0,0.0
10,1242498,1.0,1.0,0.0
10,1242516,1.0,1.0,0.0
10,1242961,1.0,1.0,0.0
10,1244992,1.0,1.0,0.0
10,1245097,1.0,1.0,0.0
10,1245141,1.0,1.0,0.0
10,1245215,1.0,1.0,0.0
10,1246481,1.0,1.0,0.0
10,1247048,1.0,1.0,0.0
10,1247305,1.0,1.0,0.0
10,1248618,1.0,1.0,0.0
10,1249812,1.0,1.0,0.0
10,1252006,1.0,1.0,0.0
10,1252357,1.0,1.0,0.0
10,1252494,1.0,1.0,0.0
10,1252655,1.0,1.0,0.0
10,1253451,1.0,1.0,0.0
10,1253632,1.0,1.0,0.0
10,1253701,1.0,1.0,0.0
10,1253855,1.0,1.0,0.0
10,1254241,1.0,1.0,0.0
10,1254407,1.0,1.0,0.0
10,1255371,1.0,1.0,0.0
10,1255716,1.0,1.0,0.0
10,1256404,1.0,1.0,0.0
10,1256672,1.0,1.0,0.0
10,1257073,1.0,1.0,0.0
10,1257095,1.0,1.0,0.0
10,1257512,1.0,1.0,0.0
10,1257611,1.0,1.0,0.0
10,1257655,1.0,1.0,0.0
10,1257774,1.0,1.0,0.0
10,1257833,1.0,1.0,0.0
10,1258417,1.0,1.0,0.0
10,1258807,1.0,1.0,0.0
10,1258889,1.0,1.0,0.0
10,1260130,1.0,1.0,0.0
10,1260310,1.0,1.0,0.0
10,1261038,1.0,1.0,0.0
10,1261790,1.0,1.0,0.0
10,1261986,1.0,1.0,0.0
10,1262156,1.0,1.0,0.0
10,1262315,1.0,1.0,0.0
10,1262913,1.0,1.0,0.0
10,1263866,1.0,1.0,0.0
10,1264517,1.0,1.0,0.0
10,1264671,1.0,1.0,0.0
10,1265038,1.0,1.0,0.0
10,1266045,1.0,1.0,0.0
10,1266110,1.0,1.0,0.0
10,1266785,1.0,1.0,0.0
10,1267062,1.0,1.0,0.0
10,1267522,1.0,1.0,0.0
10,1267730,1.0,1.0,0.0
10,1267927,1.0,1.0,0.0
10,1267965,1.0,1.0,0.0
10,1268418,1.0,1.0,0.0
10,1268743,1.0,1.0,0.0
10,1268983,1.0,1.0,0.0
10,1269221,1.0,1.0,0.0
10,1269288,1.0,1.0,0.0
10,1270527,1.0,1.0,0.0
10,1271020,1.0,1.0,0.0
10,1271507,1.0,1.0,0.0
10,1271577,1.0,1.0,0.0
10,1271881,1.0,1.0,0.0
10,1272021,1.0,1.0,0.0
10,1272236,1.0,1.0,0.0
10,1272320,1.0,1.0,0.0
10,1272350,1.0,1.0,0.0
10,1273526,1.0,1.0,0.0
10,1274764,1.0,1.0,0.0
10,1274993,1.0,1.0,0.0
10,1275395,1.0,1.0,0.0
10,1275528,1.0,1.0,0.0
10,1275553,1.0,1.0,0.0
10,1275605,1.0,1.0,0.0
10,1275991,1.0,1.0,0.0
10,1276478,1.0,1.0,0.0
10,1276552,1.0,1.0,0.0
10,1276904,1.0,1.0,0.0
10,1277053,1.0,1.0,0.0
10,1277216,1.0,1.0,0.0
10,1277266,1.0,1.0,0.0
10,1277278,1.0,1.0,0.0
10,1277471,1.0,1.0,0.0
10,1277993,1.0,1.0,0.0
10,1278928,1.0,1.0,0.0
10,1279026,1.0,1.0,0.0
10,1280306,1.0,1.0,0.0
10,1280853,1.0,1.0,0.0
10,1280982,1.0,1.0,0.0
10,1281213,1.0,1.0,0.0
10,1281233,1.0,1.0,0.0
10,1281396,1.0,1.0,0.0
10,1281404,1.0,1.0,0.0
10,1281412,1.0,1.0,0.0
10,1281455,1.0,1.0,0.0
10,1281609,1.0,1.0,0.0
10,1282321,1.0,1.0,0.0
10,1282326,1.0,1.0,0.0
10,1282331,1.0,1.0,0.0
10,1283359,1.0,1.0,0.0
10,1284007,1.0,1.0,0.0
10,1284747,1.0,1.0,0.0
10,1284848,1.0,1.0,0.0
10,1285217,1.0,1.0,0.0
10,1285227,1.0,1.0,0.0
11,1285267,1.0,1.0,0.0
11,1285549,1.0,1.0,0.0
11,1285878,1.0,1.0,0.0
11,1286236,1.0,1.0,0.0
11,1287068,1.0,1.0,0.0
11,1287890,1.0,1.0,0.0
11,1288209,1.0,1.0,0.0
11,1288639,1.0,1.0,0.0
11,1289165,1.0,1.0,0.0
11,1289281,1.0,1.0,0.0
11,1289298,1.0,1.0,0.0
11,1289501,1.0,1.0,0.0
11,1289772,1.0,1.0,0.0
11,1291349,1.0,1.0,0.0
11,1291382,1.0,1.0,0.0
11,1291767,1.0,1.0,0.0
11,1291805,1.0,1.0,0.0
11,1292458,1.0,1.0,0.0
11,1292801,1.0,1.0,0.0
11,1293132,1.0,1.0,0.0
11,1293486,1.0,1.0,0.0
11,1293499,1.0,1.0,0.0
11,1293538,1.0,1.0,0.0
11,1293599,1.0,1.0,0.0
11,1293988,1.0,1.0,0.0
11,1294205,1.0,1.0,0.0
11,1294282,1.0,1.0,0.0
11,1294448,1.0,1.0,0.0
11,1294729,1.0,1.0,0.0
11,1294888,1.0,1.0,0.0
11,1295031,1.0,1.0,0.0
11,1295201,1.0,1.0,0.0
11,1295232,1.0,1.0,0.0
11,1295280,1.0,1.0,0.0
11,1295479,1.0,1.0,0.0
11,1296331,1.0,1.0,0.0
11,1296721,1.0,1.0,0.0
11,1297413,1.0,1.0,0.0
11,1298559,1.0,1.0,0.0
11,1299162,1.0,1.0,0.0
11,1299507,1.0,1.0,0.0
11,1300048,1.0,1.0,0.0
11,1301736,1.0,1.0,0.0
11,1302468,1.0,1.0,0.0
11,1302837,1.0,1.0,0.0
11,1302889,1.0,1.0,0.0
11,1303091,1.0,1.0,0.0
11,1303746,1.0,1.0,0.0
11,1303790,1.0,1.0,0.0
11,1304029,1.0,1.0,0.0
11,1304052,1.0,1.0,0.0
11,1304258,1.0,1.0,0.0
11,1304419,1.0,1.0,0.0
11,1304640,1.0,1.0,0.0
11,1305770,1.0,1.0,0.0
11,1306047,1.0,1.0,0.0
11,1307322,1.0,1.0,0.0
11,1307348,1.0,1.0,0.0
11,1309348,1.0,1.0,0.0
11,1309712,1.0,1.0,0.0
11,1310605,1.0,1.0,0.0
11,1310765,1.0,1.0,0.0
11,1310881,1.0,1.0,0.0
11,1312606,1.0,1.0,0.0
11,1312799,1.0,1.0,0.0
11,1312880,1.0,1.0,0.0
11,1313073,1.0,1.0,0.0
11,1314040,1.0,1.0,0.0
11,1315568,1.0,1.0,0.0
11,1315802,1.0,1.0,0.0
11,1315885,1.0,1.0,0.0
11,1316173,1.0,1.0,0.0
11,1316219,1.0,1.0,0.0
11,1316926,1.0,1.0,0.0
11,1317247,1.0,1.0,0.0
11,1320353,1.0,1.0,0.0
11,1320366,1.0,1.0,0.0
11,1320678,1.0,1.0,0.0
11,1321246,1.0,1.0,0.0
11,1322004,1.0,1.0,0.0
11,1322293,1.0,1.0,0.0
11,1322401,1.0,1.0,0.0
11,1324306,1.0,1.0,0.0
11,1324388,1.0,1.0,0.0
11,1324608,1.0,1.0,0.0
11,1324998,1.0,1.0,0.0
11,1326849,1.0,1.0,0.0
11,1328778,1.0,1.0,0.0
11,1329848,1.0,1.0,0.0
11,1330168,1.0,1.0,0.0
11,1331059,1.0,1.0,0.0
11,1331361,1.0,1.0,0.0
11,1332805,1.0,1.0,0.0
11,1333057,1.0,1.0,0.0
11,1334872,1.0,1.0,0.0
11,1336407,1.0,1.0,0.0
11,1337095,1.0,1.0,0.0
11,1337525,1.0,1.0,0.0
11,1338044,1.0,1.0,0.0
11,1338113,1.0,1.0,0.0
11,1338401,1.0,1.0,0.0
11,1338625,1.0,1.0,0.0
11,1339172,1.0,1.0,0.0
11,1339257,1.0,1.0,0.0
11,1341198,1.0,1.0,0.0
11,1341318,1.0,1.0,0.0
11,1341397,1.0,1.0,0.0
11,1341494,1.0,1.0,0.0
11,1342718,1.0,1.0,0.0
11,1343708,1.0,1.0,0.0
11,1343816,1.0,1.0,0.0
11,1343876,1.0,1.0,0.0
11,1344059,1.0,1.0,0.0
11,1345270,1.0,1.0,0.0
11,1345414,1.0,1.0,0.0
11,1346621,1.0,1.0,0.0
11,1347385,1.0,1.0,0.0
11,1347517,1.0,1.0,0.0
11,1347874,1.0,1.0,0.0
11,1348792,1.0,1.0,0.0
11,1349277,1.0,1.0,0.0
11,1351855,1.0,1.0,0.0
11,1352245,1.0,1.0,0.0
11,1353129,1.0,1.0,0.0
11,1354000,1.0,1.0,0.0
11,1354009,1.0,1.0,0.0
11,1354483,1.0,1.0,0.0
11,1355093,1.0,1.0,0.0
11,1355406,1.0,1.0,0.0
11,1355868,1.0,1.0,0.0
11,1356672,1.0,1.0,0.0
11,1357065,1.0,1.0,0.0
11,1357415,1.0,1.0,0.0
11,1359453,1.0,1.0,0.0
11,1360071,1.0,1.0,0.0
11,1360240,1.0,1.0,0.0
11,1360247,1.0,1.0,0.0
11,1360904,1.0,1.0,0.0
11,1362359,1.0,1.0,0.0
11,1362751,1.0,1.0,0.0
11,1362859,1.0,1.0,0.0
11,1365067,1.0,1.0,0.0
11,1366297,1.0,1.0,0.0
11,1367866,1.0,1.0,0.0
11,1367872,1.0,1.0,0.0
11,1369843,1.0,1.0,0.0
11,1371668,1.0,1.0,0.0
11,1371954,1.0,1.0,0.0
11,1372080,1.0,1.0,0.0
11,1372504,1.0,1.0,0.0
11,1374333,1.0,1.0,0.0
11,1382170,1.0,1.0,0.0
11,1382468,1.0,1.0,0.0
11,1382710,1.0,1.0,0.0
11,1383298,1.0,1.0,0.0
11,1384127,1.0,1.0,0.0
11,1384543,1.0,1.0,0.0
11,1384886,1.0,1.0,0.0
11,1385143,1.0,1.0,0.0
11,1385829,1.0,1.0,0.0
11,1386139,1.0,1.0,0.0
11,1386184,1.0,1.0,0.0
11,1387190,1.0,1.0,0.0
11,1388263,1.0,1.0,0.0
11,1389174,1.0,1.0,0.0
11,1391157,1.0,1.0,0.0
11,1392331,1.0,1.0,0.0
11,1392814,1.0,1.0,0.0
11,1393950,1.0,1.0,0.0
11,1394249,1.0,1.0,0.0
11,1394455,1.0,1.0,0.0
11,1396448,1.0,1.0,0.0
11,1396469,1.0,1.0,0.0
11,1396628,1.0,1.0,0.0
11,1397116,1.0,1.0,0.0
11,1398137,1.0,1.0,0.0
11,1398477,1.0,1.0,0.0
11,1400644,1.0,1.0,0.0
11,1401131,1.0,1.0,0.0
11,1402737,1.0,1.0,0.0
11,1403094,1.0,1.0,0.0
11,1404076,1.0,1.0,0.0
11,1404234,1.0,1.0,0.0
11,1404342,1.0,1.0,0.0
11,1406371,1.0,1.0,0.0
11,1406393,1.0,1.0,0.0
11,1407626,1.0,1.0,0.0
11,1408820,1.0,1.0,0.0
11,1408864,1.0,1.0,0.0
11,1409322,1.0,1.0,0.0
11,1410376,1.0,1.0,0.0
11,1410582,1.0,1.0,0.0
11,1410867,1.0,1.0,0.0
11,1411001,1.0,1.0,0.0
11,1411042,1.0,1.0,0.0
11,1411666,1.0,1.0,0.0
11,1411831,1.0,1.0,0.0
11,1412178,1.0,1.0,0.0
11,1412572,1.0,1.0,0.0
11,1412636,1.0,1.0,0.0
11,1413046,1.0,1.0,0.0
11,1413095,1.0,1.0,0.0
11,1413371,1.0,1.0,0.0
11,1413402,1.0,1.0,0.0
11,1413655,1.0,1.0,0.0
11,1414012,1.0,1.0,0.0
11,1414140,1.0,1.0,0.0
11,1414157,1.0,1.0,0.0
11,1414584,1.0,1.0,0.0
11,1415012,1.0,1.0,0.0
11,1415114,1.0,1.0,0.0
11,1417011,1.0,1.0,0.0
11,1417892,1.0,1.0,0.0
11,1417999,1.0,1.0,0.0
11,1418221,1.0,1.0,0.0
11,1419737,1.0,1.0,0.0
11,1420291,1.0,1.0,0.0
11,1420969,1.0,1.0,0.0
11,1421169,1.0,1.0,0.0
11,1421537,1.0,1.0,0.0
11,1423114,1.0,1.0,0.0
11,1423900,1.0,1.0,0.0
11,1424415,1.0,1.0,0.0
11,1424670,1.0,1.0,0.0
11,1425071,1.0,1.0,0.0
11,1425564,1.0,1.0,0.0
11,1425649,1.0,1.0,0.0
11,1425659,1.0,1.0,0.0
11,1425831,1.0,1.0,0.0
11,1426110,1.0,1.0,0.0
11,1426401,1.0,1.0,0.0
11,1426428,1.0,1.0,0.0
11,1426479,1.0,1.0,0.0
11,1427036,1.0,1.0,0.0
11,1427478,1.0,1.0,0.0
11,1427503,1.0,1.0,0.0
11,1427835,1.0,1.0,0.0
11,1430122,1.0,1.0,0.0
11,1430172,1.0,1.0,0.0
11,1430593,1.0,1.0,0.0
11,1430656,1.0,1.0,0.0
11,1430923,1.0,1.0,0.0
11,1431237,1.0,1.0,0.0
11,1432544,1.0,1.0,0.0
11,1432706,1.0,1.0,0.0
11,1432893,1.0,1.0,0.0
11,1433393,1.0,1.0,0.0
11,1433654,1.0,1.0,0.0
11,1433951,1.0,1.0,0.0
11,1435385,1.0,1.0,0.0
12,1435534,1.0,1.0,0.0
12,1435589,1.0,1.0,0.0
12,1435928,1.0,1.0,0.0
12,1436500,1.0,1.0,0.0
12,1436569,1.0,1.0,0.0
12,1437777,1.0,1.0,0.0
12,1438056,1.0,1.0,0.0
12,1438103,1.0,1.0,0.0
12,1438559,1.0,1.0,0.0
12,1438659,1.0,1.0,0.0
12,1439336,1.0,1.0,0.0
12,1439524,1.0,1.0,0.0
12,1440618,1.0,1.0,0.0
12,1440929,1.0,1.0,0.0
12,1441098,1.0,1.0,0.0
12,1441583,1.0,1.0,0.0
12,1441866,1.0,1.0,0.0
12,1442989,1.0,1.0,0.0
12,1443615,1.0,1.0,0.0
12,1443620,1.0,1.0,0.0
12,1444174,1.0,1.0,0.0
12,1444441,1.0,1.0,0.0
12,1444955,1.0,1.0,0.0
12,1445038,1.0,1.0,0.0
12,1445727,1.0,1.0,0.0
12,1445954,1.0,1.0,0.0
12,1446264,1.0,1.0,0.0
12,1446495,1.0,1.0,0.0
12,1446629,1.0,1.0,0.0
12,1446727,1.0,1.0,0.0
12,1447147,1.0,1.0,0.0
12,1447757,1.0,1.0,0.0
12,1447810,1.0,1.0,0.0
12,1447869,1.0,1.0,0.0
12,1448343,1.0,1.0,0.0
12,1448759,1.0,1.0,0.0
12,1448770,1.0,1.0,0.0
12,1448963,1.0,1.0,0.0
12,1450599,1.0,1.0,0.0
12,1450618,1.0,1.0,0.0
12,1451286,1.0,1.0,0.0
12,1452705,1.0,1.0,0.0
12,1453134,1.0,1.0,0.0
12,1453166,1.0,1.0,0.0
12,1453636,1.0,1.0,0.0
12,1453722,1.0,1.0,0.0
12,1454673,1.0,1.0,0.0
12,1454968,1.0,1.0,0.0
12,1455214,1.0,1.0,0.0
12,1455289,1.0,1.0,0.0
12,1456520,1.0,1.0,0.0
12,1456986,1.0,1.0,0.0
12,1457257,1.0,1.0,0.0
12,1458460,1.0,1.0,0.0
12,1458884,1.0,1.0,0.0
12,1459204,1.0,1.0,0.0
12,1459399,1.0,1.0,0.0
12,1460272,1.0,1.0,0.0
12,1462087,1.0,1.0,0.0
12,1462292,1.0,1.0,0.0
12,1463134,1.0,1.0,0.0
12,1463660,1.0,1.0,0.0
12,1464015,1.0,1.0,0.0
12,1464288,1.0,1.0,0.0
12,1464482,1.0,1.0,0.0
12,1464582,1.0,1.0,0.0
12,1464637,1.0,1.0,0.0
12,1465037,1.0,1.0,0.0
12,1465168,1.0,1.0,0.0
12,1465417,1.0,1.0,0.0
12,1466162,1.0,1.0,0.0
12,1466286,1.0,1.0,0.0
12,1466415,1.0,1.0,0.0
12,1467365,1.0,1.0,0.0
12,1468552,1.0,1.0,0.0
12,1468621,1.0,1.0,0.0
12,1469016,1.0,1.0,0.0
12,1469294,1.0,1.0,0.0
12,1469904,1.0,1.0,0.0
12,1470096,1.0,1.0,0.0
12,1470970,1.0,1.0,0.0
12,1471831,1.0,1.0,0.0
12,1472027,1.0,1.0,0.0
12,1472490,1.0,1.0,0.0
12,1472951,1.0,1.0,0.0
12,1473038,1.0,1.0,0.0
12,1473218,1.0,1.0,0.0
12,1473713,1.0,1.0,0.0
12,1474143,1.0,1.0,0.0
12,1475694,1.0,1.0,0.0
12,1475815,1.0,1.0,0.0
12,1476165,1.0,1.0,0.0
12,1476352,1.0,1.0,0.0
12,1477035,1.0,1.0,0.0
12,1477095,1.0,1.0,0.0
12,1477288,1.0,1.0,0.0
12,1477956,1.0,1.0,0.0
12,1478120,1.0,1.0,0.0
12,1478451,1.0,1.0,0.0
12,1478649,1.0,1.0,0.0
12,1479068,1.0,1.0,0.0
12,1479495,1.0,1.0,0.0
12,1480498,1.0,1.0,0.0
12,1480500,1.0,1.0,0.0
12,1481220,1.0,1.0,0.0
12,1481245,1.0,1.0,0.0
12,1481371,1.0,1.0,0.0
12,1481433,1.0,1.0,0.0
12,1481449,1.0,1.0,0.0
12,1481690,1.0,1.0,0.0
12,1482913,1.0,1.0,0.0
12,1482999,1.0,1.0,0.0
12,1483595,1.0,1.0,0.0
12,1483786,1.0,1.0,0.0
12,1483919,1.0,1.0,0.0
12,1484019,1.0,1.0,0.0
12,1484226,1.0,1.0,0.0
12,1484993,1.0,1.0,0.0
12,1485129,1.0,1.0,0.0
12,1485707,1.0,1.0,0.0
12,1485950,1.0,1.0,0.0
12,1485988,1.0,1.0,0.0
12,1486357,1.0,1.0,0.0
12,1486402,1.0,1.0,0.0
12,1486637,1.0,1.0,0.0
12,1487002,1.0,1.0,0.0
12,1488911,1.0,1.0,0.0
12,1489399,1.0,1.0,0.0
12,1490230,1.0,1.0,0.0
12,1490986,1.0,1.0,0.0
12,1491559,1.0,1.0,0.0
12,1491957,1.0,1.0,0.0
12,1492423,1.0,1.0,0.0
12,1492557,1.0,1.0,0.0
12,1492613,1.0,1.0,0.0
12,1492814,1.0,1.0,0.0
12,1492984,1.0,1.0,0.0
12,1493206,1.0,1.0,0.0
12,1493821,1.0,1.0,0.0
12,1493845,1.0,1.0,0.0
12,1494491,1.0,1.0,0.0
12,1494885,1.0,1.0,0.0
12,1496668,1.0,1.0,0.0
12,1496685,1.0,1.0,0.0
12,1496723,1.0,1.0,0.0
12,1497464,1.0,1.0,0.0
12,1498728,1.0,1.0,0.0
12,1498891,1.0,1.0,0.0
12,1499466,1.0,1.0,0.0
12,1500142,1.0,1.0,0.0
12,1500342,1.0,1.0,0.0
12,1500685,1.0,1.0,0.0
12,1502034,1.0,1.0,0.0
12,1502618,1.0,1.0,0.0
12,1503361,1.0,1.0,0.0
12,1504904,1.0,1.0,0.0
12,1505148,1.0,1.0,0.0
12,1507489,1.0,1.0,0.0
12,1507981,1.0,1.0,0.0
12,1509423,1.0,1.0,0.0
12,1509528,1.0,1.0,0.0
12,1511231,1.0,1.0,0.0
12,1513081,1.0,1.0,0.0
12,1513359,1.0,1.0,0.0
12,1514779,1.0,1.0,0.0
12,1515003,1.0,1.0,0.0
12,1515491,1.0,1.0,0.0
12,1515654,1.0,1.0,0.0
12,1518047,1.0,1.0,0.0
12,1518534,1.0,1.0,0.0
12,1518794,1.0,1.0,0.0
12,1519262,1.0,1.0,0.0
12,1519355,1.0,1.0,0.0
12,1519765,1.0,1.0,0.0
12,1519944,1.0,1.0,0.0
12,1520560,1.0,1.0,0.0
12,1520660,1.0,1.0,0.0
12,1521945,1.0,1.0,0.0
12,1522940,1.0,1.0,0.0
12,1523132,1.0,1.0,0.0
12,1524010,1.0,1.0,0.0
12,1525199,1.0,1.0,0.0
12,1525375,1.0,1.0,0.0
12,1525454,1.0,1.0,0.0
12,1526365,1.0,1.0,0.0
12,1526626,1.0,1.0,0.0
12,1527183,1.0,1.0,0.0
12,1527658,1.0,1.0,0.0
12,1528137,1.0,1.0,0.0
12,1528185,1.0,1.0,0.0
12,1529106,1.0,1.0,0.0
12,1530704,1.0,1.0,0.0
12,1532149,1.0,1.0,0.0
12,1532768,1.0,1.0,0.0
12,1533876,1.0,1.0,0.0
12,1534344,1.0,1.0,0.0
12,1536249,1.0,1.0,0.0
12,1536704,1.0,1.0,0.0
12,1537108,1.0,1.0,0.0
12,1538998,1.0,1.0,0.0
12,1540984,1.0,1.0,0.0
12,1541812,1.0,1.0,0.0
12,1543708,1.0,1.0,0.0
12,1544073,1.0,1.0,0.0
12,1545312,1.0,1.0,0.0
12,1545394,1.0,1.0,0.0
12,1546477,1.0,1.0,0.0
12,1548138,1.0,1.0,0.0
12,1548247,1.0,1.0,0.0
12,1548854,1.0,1.0,0.0
12,1548947,1.0,1.0,0.0
12,1550141,1.0,1.0,0.0
12,1550844,1.0,1.0,0.0
12,1551270,1.0,1.0,0.0
12,1551566,1.0,1.0,0.0
12,1551853,1.0,1.0,0.0
12,1553322,1.0,1.0,0.0
12,1553577,1.0,1.0,0.0
12,1553670,1.0,1.0,0.0
12,1554381,1.0,1.0,0.0
12,1554725,1.0,1.0,0.0
12,1554772,1.0,1.0,0.0
12,1554799,1.0,1.0,0.0
12,1555717,1.0,1.0,0.0
12,1557123,1.0,1.0,0.0
12,1557221,1.0,1.0,0.0
12,1557775,1.0,1.0,0.0
12,1558196,1.0,1.0,0.0
12,1559480,1.0,1.0,0.0
12,1559973,1.0,1.0,0.0
12,1560882,1.0,1.0,0.0
12,1561010,1.0,1.0,0.0
12,1561066,1.0,1.0,0.0
12,1562131,1.0,1.0,0.0
12,1563180,1.0,1.0,0.0
12,1563610,1.0,1.0,0.0
12,1567975,1.0,1.0,0.0
12,1568885,1.0,1.0,0.0
12,1570095,1.0,1.0,0.0
12,1570286,1.0,1.0,0.0
12,1570717,1.0,1.0,0.0
12,1570771,1.0,1.0,0.0
12,1571807,1.0,1.0,0.0
12,1572025,1.0,1.0,0.0
12,1572430,1.0,1.0,0.0
12,1574993,1.0,1.0,0.0
12,1575690,1.0,1.0,0.0
12,1576132,1.0,1.0,0.0
12,1576298,1.0,1.0,0.0
12,1577596,1.0,1.0,0.0
13,1577759,1.0,1.0,0.0
13,1577995,1.0,1.0,0.0
13,1579109,1.0,1.0,0.0
13,1580630,1.0,1.0,0.0
13,1583482,1.0,1.0,0.0
13,1584353,1.0,1.0,0.0
13,1586808,1.0,1.0,0.0
13,1588085,1.0,1.0,0.0
13,1588144,1.0,1.0,0.0
13,1590823,1.0,1.0,0.0
13,1591656,1.0,1.0,0.0
13,1592441,1.0,1.0,0.0
13,1592603,1.0,1.0,0.0
13,1593257,1.0,1.0,0.0
13,1593338,1.0,1.0,0.0
13,1593723,1.0,1.0,0.0
13,1594486,1.0,1.0,0.0
13,1595954,1.0,1.0,0.0
13,1596208,1.0,1.0,0.0
13,1596655,1.0,1.0,0.0
13,1596725,1.0,1.0,0.0
13,1597103,1.0,1.0,0.0
13,1597994,1.0,1.0,0.0
13,1598535,1.0,1.0,0.0
13,1599701,1.0,1.0,0.0
13,1599985,1.0,1.0,0.0
13,1600264,1.0,1.0,0.0
13,1601432,1.0,1.0,0.0
13,1602286,1.0,1.0,0.0
13,1602433,1.0,1.0,0.0
13,1602463,1.0,1.0,0.0
13,1603156,1.0,1.0,0.0
13,1603203,1.0,1.0,0.0
13,1603457,1.0,1.0,0.0
13,1604671,1.0,1.0,0.0
13,1604913,1.0,1.0,0.0
13,1605744,1.0,1.0,0.0
13,1605940,1.0,1.0,0.0
13,1606141,1.0,1.0,0.0
13,1606217,1.0,1.0,0.0
13,1606377,1.0,1.0,0.0
13,1607308,1.0,1.0,0.0
13,1607430,1.0,1.0,0.0
13,1607588,1.0,1.0,0.0
13,1607657,1.0,1.0,0.0
13,1608005,1.0,1.0,0.0
13,1608014,1.0,1.0,0.0
13,1608110,1.0,1.0,0.0
13,1608179,1.0,1.0,0.0
13,1608882,1.0,1.0,0.0
13,1609857,1.0,1.0,0.0
13,1609884,1.0,1.0,0.0
13,1610151,1.0,1.0,0.0
13,1610704,1.0,1.0,0.0
13,1610866,1.0,1.0,0.0
13,1610944,1.0,1.0,0.0
13,1611118,1.0,1.0,0.0
13,1611293,1.0,1.0,0.0
13,1611316,1.0,1.0,0.0
13,1611604,1.0,1.0,0.0
13,1611953,1.0,1.0,0.0
13,1611974,1.0,1.0,0.0
13,1612029,1.0,1.0,0.0
13,1612436,1.0,1.0,0.0
13,1612804,1.0,1.0,0.0
13,1613129,1.0,1.0,0.0
13,1614217,1.0,1.0,0.0
13,1614598,1.0,1.0,0.0
13,1615271,1.0,1.0,0.0
13,1615677,1.0,1.0,0.0
13,1617250,1.0,1.0,0.0
13,1617308,1.0,1.0,0.0
13,1617406,1.0,1.0,0.0
13,1619025,1.0,1.0,0.0
13,1619081,1.0,1.0,0.0
13,1620423,1.0,1.0,0.0
13,1620662,1.0,1.0,0.0
13,1620877,1.0,1.0,0.0
13,1620970,1.0,1.0,0.0
13,1620979,1.0,1.0,0.0
13,1621820,1.0,1.0,0.0
13,1621930,1.0,1.0,0.0
13,1622206,1.0,1.0,0.0
13,1622316,1.0,1.0,0.0
13,1622635,1.0,1.0,0.0
13,1624036,1.0,1.0,0.0
13,1624066,1.0,1.0,0.0
13,1625249,1.0,1.0,0.0
13,1625762,1.0,1.0,0.0
13,1626051,1.0,1.0,0.0
13,1626349,1.0,1.0,0.0
13,1627632,1.0,1.0,0.0
13,1628105,1.0,1.0,0.0
13,1628299,1.0,1.0,0.0
13,1628555,1.0,1.0,0.0
13,1629018,1.0,1.0,0.0
13,1629074,1.0,1.0,0.0
13,1629264,1.0,1.0,0.0
13,1629670,1.0,1.0,0.0
13,1630362,1.0,1.0,0.0
13,1631085,1.0,1.0,0.0
13,1631459,1.0,1.0,0.0
13,1632437,1.0,1.0,0.0
13,1632778,1.0,1.0,0.0
13,1632812,1.0,1.0,0.0
13,1633105,1.0,1.0,0.0
13,1633286,1.0,1.0,0.0
13,1633396,1.0,1.0,0.0
13,1633432,1.0,1.0,0.0
13,1634008,1.0,1.0,0.0
13,1635677,1.0,1.0,0.0
13,1635855,1.0,1.0,0.0
13,1636312,1.0,1.0,0.0
13,1636515,1.0,1.0,0.0
13,1637322,1.0,1.0,0.0
13,1637364,1.0,1.0,0.0
13,1637472,1.0,1.0,0.0
13,1638122,1.0,1.0,0.0
13,1640188,1.0,1.0,0.0
13,1640424,1.0,1.0,0.0
13,1640964,1.0,1.0,0.0
13,1642236,1.0,1.0,0.0
13,1642753,1.0,1.0,0.0
13,1642814,1.0,1.0,0.0
13,1643045,1.0,1.0,0.0
13,1643238,1.0,1.0,0.0
13,1643268,1.0,1.0,0.0
13,1643288,1.0,1.0,0.0
13,1643341,1.0,1.0,0.0
13,1643765,1.0,1.0,0.0
13,1643767,1.0,1.0,0.0
13,1643807,1.0,1.0,0.0
13,1644533,1.0,1.0,0.0
13,1645187,1.0,1.0,0.0
13,1645275,1.0,1.0,0.0
13,1645561,1.0,1.0,0.0
13,1645570,1.0,1.0,0.0
13,1646730,1.0,1.0,0.0
13,1647106,1.0,1.0,0.0
13,1647478,1.0,1.0,0.0
13,1647896,1.0,1.0,0.0
13,1648576,1.0,1.0,0.0
13,1648619,1.0,1.0,0.0
13,1648873,1.0,1.0,0.0
13,1649137,1.0,1.0,0.0
13,1649578,1.0,1.0,0.0
13,1649947,1.0,1.0,0.0
13,1650299,1.0,1.0,0.0
13,1651335,1.0,1.0,0.0
13,1651558,1.0,1.0,0.0
13,1652093,1.0,1.0,0.0
13,1652104,1.0,1.0,0.0
13,1652436,1.0,1.0,0.0
13,1653316,1.0,1.0,0.0
13,1653397,1.0,1.0,0.0
13,1653617,1.0,1.0,0.0
13,1654559,1.0,1.0,0.0
13,1655556,1.0,1.0,0.0
13,1655991,1.0,1.0,0.0
13,1656238,1.0,1.0,0.0
13,1656250,1.0,1.0,0.0
13,1656329,1.0,1.0,0.0
13,1657860,1.0,1.0,0.0
13,1658380,1.0,1.0,0.0
13,1658432,1.0,1.0,0.0
13,1659308,1.0,1.0,0.0
13,1659394,1.0,1.0,0.0
13,1659724,1.0,1.0,0.0
13,1660751,1.0,1.0,0.0
13,1661101,1.0,1.0,0.0
13,1661136,1.0,1.0,0.0
13,1661280,1.0,1.0,0.0
13,1661409,1.0,1.0,0.0
13,1661463,1.0,1.0,0.0
13,1661548,1.0,1.0,0.0
13,1662161,1.0,1.0,0.0
13,1662884,1.0,1.0,0.0
13,1663748,1.0,1.0,0.0
13,1664104,1.0,1.0,0.0
13,1664187,1.0,1.0,0.0
13,1664395,1.0,1.0,0.0
13,1665523,1.0,1.0,0.0
13,1665769,1.0,1.0,0.0
13,1666528,1.0,1.0,0.0
13,1666555,1.0,1.0,0.0
13,1666818,1.0,1.0,0.0
13,1667697,1.0,1.0,0.0
13,1667889,1.0,1.0,0.0
13,1668092,1.0,1.0,0.0
13,1668731,1.0,1.0,0.0
13,1669216,1.0,1.0,0.0
13,1669823,1.0,1.0,0.0
13,1670097,1.0,1.0,0.0
13,1670630,1.0,1.0,0.0
13,1670966,1.0,1.0,0.0
13,1672512,1.0,1.0,0.0
13,1673784,1.0,1.0,0.0
13,1674168,1.0,1.0,0.0
13,1674633,1.0,1.0,0.0
13,1675622,1.0,1.0,0.0
13,1675672,1.0,1.0,0.0
13,1675789,1.0,1.0,0.0
13,1675820,1.0,1.0,0.0
13,1676180,1.0,1.0,0.0
13,1676203,1.0,1.0,0.0
13,1676494,1.0,1.0,0.0
13,1676588,1.0,1.0,0.0
13,1677971,1.0,1.0,0.0
13,1678044,1.0,1.0,0.0
13,1679221,1.0,1.0,0.0
13,1679222,1.0,1.0,0.0
13,1679240,1.0,1.0,0.0
13,1679382,1.0,1.0,0.0
13,1679877,1.0,1.0,0.0
13,1679931,1.0,1.0,0.0
13,1679969,1.0,1.0,0.0
13,1680154,1.0,1.0,0.0
13,1680896,1.0,1.0,0.0
13,1681128,1.0,1.0,0.0
13,1682633,1.0,1.0,0.0
13,1682710,1.0,1.0,0.0
13,1683046,1.0,1.0,0.0
13,1683150,1.0,1.0,0.0
13,1683545,1.0,1.0,0.0
13,1683632,1.0,1.0,0.0
13,1683946,1.0,1.0,0.0
13,1684542,1.0,1.0,0.0
13,1686144,1.0,1.0,0.0
13,1686222,1.0,1.0,0.0
13,1686998,1.0,1.0,0.0
13,1687003,1.0,1.0,0.0
13,1687040,1.0,1.0,0.0
13,1687587,1.0,1.0,0.0
13,1688343,1.0,1.0,0.0
13,1689383,1.0,1.0,0.0
13,1689880,1.0,1.0,0.0
13,1690363,1.0,1.0,0.0
13,1690818,1.0,1.0,0.0
13,1691411,1.0,1.0,0.0
13,1691449,1.0,1.0,0.0
13,1691546,1.0,1.0,0.0
13,1691625,1.0,1.0,0.0
13,1693043,1.0,1.0,0.0
13,1695689,1.0,1.0,0.0
13,1695714,1.0,1.0,0.0
13,1697110,1.0,1.0,0.0
13,1697358,1.0,1.0,0.0
13,1698207,1.0,1.0,0.0
13,1699138,1.0,1.0,0.0
13,1699420,1.0,1.0,0.0
14,1700569,1.0,1.0,0.0
14,1700944,1.0,1.0,0.0
14,1701182,1.0,1.0,0.0
14,1701308,1.0,1.0,0.0
14,1701331,1.0,1.0,0.0
14,1702334,1.0,1.0,0.0
14,1702435,1.0,1.0,0.0
14,1703835,1.0,1.0,0.0
14,1704038,1.0,1.0,0.0
14,1704121,1.0,1.0,0.0
14,1704141,1.0,1.0,0.0
14,1704229,1.0,1.0,0.0
14,1704632,1.0,1.0,0.0
14,1705116,1.0,1.0,0.0
14,1705185,1.0,1.0,0.0
14,1706144,1.0,1.0,0.0
14,1706876,1.0,1.0,0.0
14,1706958,1.0,1.0,0.0
14,1707043,1.0,1.0,0.0
14,1707059,1.0,1.0,0.0
14,1709524,1.0,1.0,0.0
14,1709915,1.0,1.0,0.0
14,1710277,1.0,1.0,0.0
14,1710512,1.0,1.0,0.0
14,1711359,1.0,1.0,0.0
14,1712715,1.0,1.0,0.0
14,1713329,1.0,1.0,0.0
14,1713385,1.0,1.0,0.0
14,1713536,1.0,1.0,0.0
14,1714359,1.0,1.0,0.0
14,1714573,1.0,1.0,0.0
14,1715412,1.0,1.0,0.0
14,1715747,1.0,1.0,0.0
14,1715869,1.0,1.0,0.0
14,1716388,1.0,1.0,0.0
14,1716684,1.0,1.0,0.0
14,1716830,1.0,1.0,0.0
14,1718254,1.0,1.0,0.0
14,1719488,1.0,1.0,0.0
14,1719581,1.0,1.0,0.0
14,1720134,1.0,1.0,0.0
14,1720344,1.0,1.0,0.0
14,1720797,1.0,1.0,0.0
14,1721624,1.0,1.0,0.0
14,1722115,1.0,1.0,0.0
14,1722731,1.0,1.0,0.0
14,1723408,1.0,1.0,0.0
14,1723667,1.0,1.0,0.0
14,1724488,1.0,1.0,0.0
14,1724492,1.0,1.0,0.0
14,1725977,1.0,1.0,0.0
14,1726678,1.0,1.0,0.0
14,1726772,1.0,1.0,0.0
14,1727037,1.0,1.0,0.0
14,1727983,1.0,1.0,0.0
14,1728260,1.0,1.0,0.0
14,1728429,1.0,1.0,0.0
14,1728691,1.0,1.0,0.0
14,1731421,1.0,1.0,0.0
14,1731550,1.0,1.0,0.0
14,1732134,1.0,1.0,0.0
14,1732816,1.0,1.0,0.0
14,1733033,1.0,1.0,0.0
14,1734187,1.0,1.0,0.0
14,1734303,1.0,1.0,0.0
14,1734889,1.0,1.0,0.0
14,1735039,1.0,1.0,0.0
14,1735339,1.0,1.0,0.0
14,1736364,1.0,1.0,0.0
14,1737209,1.0,1.0,0.0
14,1737486,1.0,1.0,0.0
14,1737571,1.0,1.0,0.0
14,1737665,1.0,1.0,0.0
14,1738162,1.0,1.0,0.0
14,1738776,1.0,1.0,0.0
14,1739049,1.0,1.0,0.0
14,1739855,1.0,1.0,0.0
14,1740191,1.0,1.0,0.0
14,1740762,1.0,1.0,0.0
14,1741063,1.0,1.0,0.0
14,1741122,1.0,1.0,0.0
14,1741259,1.0,1.0,0.0
14,1742037,1.0,1.0,0.0
14,1742196,1.0,1.0,0.0
14,1742308,1.0,1.0,0.0
14,1742902,1.0,1.0,0.0
14,1743344,1.0,1.0,0.0
14,1744061,1.0,1.0,0.0
14,1744585,1.0,1.0,0.0
14,1744770,1.0,1.0,0.0
14,1744909,1.0,1.0,0.0
14,1745148,1.0,1.0,0.0
14,1745306,1.0,1.0,0.0
14,1745307,1.0,1.0,0.0
14,1745575,1.0,1.0,0.0
14,1745617,1.0,1.0,0.0
14,1745905,1.0,1.0,0.0
14,1745917,1.0,1.0,0.0
14,1746851,1.0,1.0,0.0
14,1746985,1.0,1.0,0.0
14,1747199,1.0,1.0,0.0
14,1748611,1.0,1.0,0.0
14,1748681,1.0,1.0,0.0
14,1749242,1.0,1.0,0.0
14,1751279,1.0,1.0,0.0
14,1751924,1.0,1.0,0.0
14,1751983,1.0,1.0,0.0
14,1752025,1.0,1.0,0.0
14,1753029,1.0,1.0,0.0
14,1753601,1.0,1.0,0.0
14,1753683,1.0,1.0,0.0
14,1753896,1.0,1.0,0.0
14,1755478,1.0,1.0,0.0
14,1755541,1.0,1.0,0.0
14,1756280,1.0,1.0,0.0
14,1757091,1.0,1.0,0.0
14,1757422,1.0,1.0,0.0
14,1758702,1.0,1.0,0.0
14,1759227,1.0,1.0,0.0
14,1759985,1.0,1.0,0.0
14,1760331,1.0,1.0,0.0
14,1761522,1.0,1.0,0.0
14,1761900,1.0,1.0,0.0
14,1763172,1.0,1.0,0.0
14,1764449,1.0,1.0,0.0
14,1764597,1.0,1.0,0.0
14,1764722,1.0,1.0,0.0
14,1765070,1.0,1.0,0.0
14,1765118,1.0,1.0,0.0
14,1765748,1.0,1.0,0.0
14,1765777,1.0,1.0,0.0
14,1766553,1.0,1.0,0.0
14,1766720,1.0,1.0,0.0
14,1766931,1.0,1.0,0.0
14,1768226,1.0,1.0,0.0
14,1768474,1.0,1.0,0.0
14,1768607,1.0,1.0,0.0
14,1768610,1.0,1.0,0.0
14,1768749,1.0,1.0,0.0
14,1769098,1.0,1.0,0.0
14,1769246,1.0,1.0,0.0
14,1769311,1.0,1.0,0.0
14,1770101,1.0,1.0,0.0
14,1770195,1.0,1.0,0.0
14,1770886,1.0,1.0,0.0
14,1771906,1.0,1.0,0.0
14,1774736,1.0,1.0,0.0
14,1775405,1.0,1.0,0.0
14,1775562,1.0,1.0,0.0
14,1776302,1.0,1.0,0.0
14,1776542,1.0,1.0,0.0
14,1777119,1.0,1.0,0.0
14,1777309,1.0,1.0,0.0
14,1777578,1.0,1.0,0.0
14,1777936,1.0,1.0,0.0
14,1778073,1.0,1.0,0.0
14,1778169,1.0,1.0,0.0
14,1778459,1.0,1.0,0.0
14,1778961,1.0,1.0,0.0
14,1779392,1.0,1.0,0.0
14,1780104,1.0,1.0,0.0
14,1780688,1.0,1.0,0.0
14,1781041,1.0,1.0,0.0
14,1781427,1.0,1.0,0.0
14,1781991,1.0,1.0,0.0
14,1782097,1.0,1.0,0.0
14,1782503,1.0,1.0,0.0
14,1782882,1.0,1.0,0.0
14,1784281,1.0,1.0,0.0
14,1784736,1.0,1.0,0.0
14,1785075,1.0,1.0,0.0
14,1785201,1.0,1.0,0.0
14,1785300,1.0,1.0,0.0
14,1785850,1.0,1.0,0.0
14,1786682,1.0,1.0,0.0
14,1786805,1.0,1.0,0.0
14,1787051,1.0,1.0,0.0
14,1787140,1.0,1.0,0.0
14,1787432,1.0,1.0,0.0
14,1788175,1.0,1.0,0.0
14,1789916,1.0,1.0,0.0
14,1790029,1.0,1.0,0.0
14,1790080,1.0,1.0,0.0
14,1790133,1.0,1.0,0.0
14,1790426,1.0,1.0,0.0
14,1790504,1.0,1.0,0.0
14,1791814,1.0,1.0,0.0
14,1791958,1.0,1.0,0.0
14,1792362,1.0,1.0,0.0
14,1793395,1.0,1.0,0.0
14,1793809,1.0,1.0,0.0
14,1794271,1.0,1.0,0.0
14,1795517,1.0,1.0,0.0
14,1796128,1.0,1.0,0.0
14,1796251,1.0,1.0,0.0
14,1796530,1.0,1.0,0.0
14,1796994,1.0,1.0,0.0
14,1797081,1.0,1.0,0.0
14,1797840,1.0,1.0,0.0
14,1797908,1.0,1.0,0.0
14,1798231,1.0,1.0,0.0
14,1798508,1.0,1.0,0.0
14,1798686,1.0,1.0,0.0
14,1799352,1.0,1.0,0.0
14,1799383,1.0,1.0,0.0
14,1799626,1.0,1.0,0.0
14,1800897,1.0,1.0,0.0
14,1802522,1.0,1.0,0.0
14,1802692,1.0,1.0,0.0
14,1803068,1.0,1.0,0.0
14,1803919,1.0,1.0,0.0
14,1805523,1.0,1.0,0.0
14,1806473,1.0,1.0,0.0
14,1806878,1.0,1.0,0.0
14,1807358,1.0,1.0,0.0
14,1807843,1.0,1.0,0.0
14,1808725,1.0,1.0,0.0
14,1809378,1.0,1.0,0.0
14,1809637,1.0,1.0,0.0
14,1809868,1.0,1.0,0.0
14,1809869,1.0,1.0,0.0
14,1810465,1.0,1.0,0.0
14,1811304,1.0,1.0,0.0
14,1811471,1.0,1.0,0.0
14,1811817,1.0,1.0,0.0
14,1811912,1.0,1.0,0.0
14,1813583,1.0,1.0,0.0
14,1814094,1.0,1.0,0.0
14,1814174,1.0,1.0,0.0
14,1814353,1.0,1.0,0.0
14,1814754,1.0,1.0,0.0
14,1815220,1.0,1.0,0.0
14,1815443,1.0,1.0,0.0
14,1815698,1.0,1.0,0.0
14,1816325,1.0,1.0,0.0
14,1816766,1.0,1.0,0.0
14,1817035,1.0,1.0,0.0
14,1817067,1.0,1.0,0.0
14,1817431,1.0,1.0,0.0
14,1820246,1.0,1.0,0.0
14,1821648,1.0,1.0,0.0
14,1822029,1.0,1.0,0.0
14,1822953,1.0,1.0,0.0
14,1823892,1.0,1.0,0.0
14,1826715,1.0,1.0,0.0
14,1827111,1.0,1.0,0.0
14,1827738,1.0,1.0,0.0
14,1828761,1.0,1.0,0.0
14,1829152,1.0,1.0,0.0
14,1829558,1.0,1.0,0.0
15,1831093,1.0,1.0,0.0
15,1831829,1.0,1.0,0.0
15,1832109,1.0,1.0,0.0
15,1832386,1.0,1.0,0.0
15,1833886,1.0,1.0,0.0
15,1835235,1.0,1.0,0.0
15,1835604,1.0,1.0,0.0
15,1837507,1.0,1.0,0.0
15,1838411,1.0,1.0,0.0
15,1839251,1.0,1.0,0.0
15,1839848,1.0,1.0,0.0
15,1840277,1.0,1.0,0.0
15,1840278,1.0,1.0,0.0
15,1840751,1.0,1.0,0.0
15,1840992,1.0,1.0,0.0
15,1841117,1.0,1.0,0.0
15,1842754,1.0,1.0,0.0
15,1843985,1.0,1.0,0.0
15,1844795,1.0,1.0,0.0
15,1845082,1.0,1.0,0.0
15,1845375,1.0,1.0,0.0
15,1845520,1.0,1.0,0.0
15,1846002,1.0,1.0,0.0
15,1846427,1.0,1.0,0.0
15,1846985,1.0,1.0,0.0
15,1847283,1.0,1.0,0.0
15,1847726,1.0,1.0,0.0
15,1848044,1.0,1.0,0.0
15,1848728,1.0,1.0,0.0
15,1849132,1.0,1.0,0.0
15,1849702,1.0,1.0,0.0
15,1852663,1.0,1.0,0.0
15,1853790,1.0,1.0,0.0
15,1853868,1.0,1.0,0.0
15,1854320,1.0,1.0,0.0
15,1854831,1.0,1.0,0.0
15,1855437,1.0,1.0,0.0
15,1856131,1.0,1.0,0.0
15,1856190,1.0,1.0,0.0
15,1856604,1.0,1.0,0.0
15,1857323,1.0,1.0,0.0
15,1858278,1.0,1.0,0.0
15,1858665,1.0,1.0,0.0
15,1858979,1.0,1.0,0.0
15,1859753,1.0,1.0,0.0
15,1859798,1.0,1.0,0.0
15,1860751,1.0,1.0,0.0
15,1860896,1.0,1.0,0.0
15,1861251,1.0,1.0,0.0
15,1862222,1.0,1.0,0.0
15,1862600,1.0,1.0,0.0
15,1864080,1.0,1.0,0.0
15,1864261,1.0,1.0,0.0
15,1864955,1.0,1.0,0.0
15,1865749,1.0,1.0,0.0
15,1865902,1.0,1.0,0.0
15,1866316,1.0,1.0,0.0
15,1867232,1.0,1.0,0.0
15,1868196,1.0,1.0,0.0
15,1868441,1.0,1.0,0.0
15,1869165,1.0,1.0,0.0
15,1869423,1.0,1.0,0.0
15,1871348,1.0,1.0,0.0
15,1871373,1.0,1.0,0.0
15,1872362,1.0,1.0,0.0
15,1872529,1.0,1.0,0.0
15,1872926,1.0,1.0,0.0
15,1874569,1.0,1.0,0.0
15,1874688,1.0,1.0,0.0
15,1874718,1.0,1.0,0.0
15,1874773,1.0,1.0,0.0
15,1874792,1.0,1.0,0.0
15,1875332,1.0,1.0,0.0
15,1875624,1.0,1.0,0.0
15,1876366,1.0,1.0,0.0
15,1876398,1.0,1.0,0.0
15,1877793,1.0,1.0,0.0
15,1879230,1.0,1.0,0.0
15,1879413,1.0,1.0,0.0
15,1880384,1.0,1.0,0.0
15,1880670,1.0,1.0,0.0
15,1880968,1.0,1.0,0.0
15,1883488,1.0,1.0,0.0
15,1884980,1.0,1.0,0.0
15,1885848,1.0,1.0,0.0
15,1886435,1.0,1.0,0.0
15,1886837,1.0,1.0,0.0
15,1886860,1.0,1.0,0.0
15,1887783,1.0,1.0,0.0
15,1890940,1.0,1.0,0.0
15,1891166,1.0,1.0,0.0
15,1891331,1.0,1.0,0.0
15,1891744,1.0,1.0,0.0
15,1892053,1.0,1.0,0.0
15,1892095,1.0,1.0,0.0
15,1892116,1.0,1.0,0.0
15,1893141,1.0,1.0,0.0
15,1894385,1.0,1.0,0.0
15,1895442,1.0,1.0,0.0
15,1896999,1.0,1.0,0.0
15,1897933,1.0,1.0,0.0
15,1898085,1.0,1.0,0.0
15,1898870,1.0,1.0,0.0
15,1899628,1.0,1.0,0.0
15,1899905,1.0,1.0,0.0
15,1900624,1.0,1.0,0.0
15,1901201,1.0,1.0,0.0
15,1901390,1.0,1.0,0.0
15,1901858,1.0,1.0,0.0
15,1901878,1.0,1.0,0.0
15,1902081,1.0,1.0,0.0
15,1902124,1.0,1.0,0.0
15,1902135,1.0,1.0,0.0
15,1902190,1.0,1.0,0.0
15,1902482,1.0,1.0,0.0
15,1902857,1.0,1.0,0.0
15,1903766,1.0,1.0,0.0
15,1903980,1.0,1.0,0.0
15,1904073,1.0,1.0,0.0
15,1904390,1.0,1.0,0.0
15,1904740,1.0,1.0,0.0
15,1904743,1.0,1.0,0.0
15,1906573,1.0,1.0,0.0
15,1907661,1.0,1.0,0.0
15,1907792,1.0,1.0,0.0
15,1907907,1.0,1.0,0.0
15,1908706,1.0,1.0,0.0
15,1908775,1.0,1.0,0.0
15,1908984,1.0,1.0,0.0
15,1909369,1.0,1.0,0.0
15,1909463,1.0,1.0,0.0
15,1909772,1.0,1.0,0.0
15,1909780,1.0,1.0,0.0
15,1909797,1.0,1.0,0.0
15,1910456,1.0,1.0,0.0
15,1910528,1.0,1.0,0.0
15,1910635,1.0,1.0,0.0
15,1911181,1.0,1.0,0.0
15,1911315,1.0,1.0,0.0
15,1911547,1.0,1.0,0.0
15,1911763,1.0,1.0,0.0
15,1912521,1.0,1.0,0.0
15,1912553,1.0,1.0,0.0
15,1913040,1.0,1.0,0.0
15,1913236,1.0,1.0,0.0
15,1913952,1.0,1.0,0.0
15,1914161,1.0,1.0,0.0
15,1914476,1.0,1.0,0.0
15,1914547,1.0,1.0,0.0
15,1914578,1.0,1.0,0.0
15,1915060,1.0,1.0,0.0
15,1915210,1.0,1.0,0.0
15,1915246,1.0,1.0,0.0
15,1915421,1.0,1.0,0.0
15,1915884,1.0,1.0,0.0
15,1915938,1.0,1.0,0.0
15,1916195,1.0,1.0,0.0
15,1916224,1.0,1.0,0.0
15,1916392,1.0,1.0,0.0
15,1917004,1.0,1.0,0.0
15,1917022,1.0,1.0,0.0
15,1917204,1.0,1.0,0.0
15,1917951,1.0,1.0,0.0
15,1918797,1.0,1.0,0.0
15,1919198,1.0,1.0,0.0
15,1919202,1.0,1.0,0.0
15,1919462,1.0,1.0,0.0
15,1919516,1.0,1.0,0.0
15,1919808,1.0,1.0,0.0
15,1920776,1.0,1.0,0.0
15,1920886,1.0,1.0,0.0
15,1921128,1.0,1.0,0.0
15,1921338,1.0,1.0,0.0
15,1922035,1.0,1.0,0.0
15,1922203,1.0,1.0,0.0
15,1922333,1.0,1.0,0.0
15,1922550,1.0,1.0,0.0
15,1923927,1.0,1.0,0.0
15,1924234,1.0,1.0,0.0
15,1924778,1.0,1.0,0.0
15,1924844,1.0,1.0,0.0
15,1924876,1.0,1.0,0.0
15,1924886,1.0,1.0,0.0
15,1925061,1.0,1.0,0.0
15,1925258,1.0,1.0,0.0
15,1927699,1.0,1.0,0.0
15,1928464,1.0,1.0,0.0
15,1928572,1.0,1.0,0.0
15,1928792,1.0,1.0,0.0
15,1928877,1.0,1.0,0.0
15,1929034,1.0,1.0,0.0
15,1929206,1.0,1.0,0.0
15,1929253,1.0,1.0,0.0
15,1929509,1.0,1.0,0.0
15,1929633,1.0,1.0,0.0
15,1930001,1.0,1.0,0.0
15,1930197,1.0,1.0,0.0
15,1930463,1.0,1.0,0.0
15,1930847,1.0,1.0,0.0
15,1931521,1.0,1.0,0.0
15,1931544,1.0,1.0,0.0
15,1932007,1.0,1.0,0.0
15,1932062,1.0,1.0,0.0
15,1932215,1.0,1.0,0.0
15,1932419,1.0,1.0,0.0
15,1932600,1.0,1.0,0.0
15,1933681,1.0,1.0,0.0
15,1933686,1.0,1.0,0.0
15,1934868,1.0,1.0,0.0
15,1935463,1.0,1.0,0.0
15,1935595,1.0,1.0,0.0
15,1935771,1.0,1.0,0.0
15,1935816,1.0,1.0,0.0
15,1937161,1.0,1.0,0.0
15,1937704,1.0,1.0,0.0
15,1938006,1.0,1.0,0.0
15,1938538,1.0,1.0,0.0
15,1938934,1.0,1.0,0.0
15,1939068,1.0,1.0,0.0
15,1939170,1.0,1.0,0.0
15,1939272,1.0,1.0,0.0
15,1939383,1.0,1.0,0.0
15,1939861,1.0,1.0,0.0
15,1940484,1.0,1.0,0.0
15,1940551,1.0,1.0,0.0
15,1940646,1.0,1.0,0.0
15,1940768,1.0,1.0,0.0
15,1940966,1.0,1.0,0.0
15,1941007,1.0,1.0,0.0
15,1941084,1.0,1.0,0.0
15,1941167,1.0,1.0,0.0
15,1941644,1.0,1.0,0.0
15,1941678,1.0,1.0,0.0
15,1942131,1.0,1.0,0.0
15,1942717,1.0,1.0,0.0
15,1944858,1.0,1.0,0.0
15,1945325,1.0,1.0,0.0
15,1946004,1.0,1.0,0.0
15,1946698,1.0,1.0,0.0
15,1946772,1.0,1.0,0.0
15,1947129,1.0,1.0,0.0
15,1947494,1.0,1.0,0.0
15,1947595,1.0,1.0,0.0
15,1948088,1.0,1.0,0.0
15,1948594,1.0,1.0,0.0
15,1948918,1.0,1.0,0.0
15,1949106,1.0,1.0,0.0
15,1949981,1.0,1.0,0.0
15,1950006,1.0,1.0,0.0
15,1950061,1.0,1.0,0.0
16,1950110,1.0,1.0,0.0
16,1950712,1.0,1.0,0.0
16,1950713,1.0,1.0,0.0
16,1951959,1.0,1.0,0.0
16,1952873,1.0,1.0,0.0
16,1952876,1.0,1.0,0.0
16,1953509,1.0,1.0,0.0
16,1953662,1.0,1.0,0.0
16,1953768,1.0,1.0,0.0
16,1954577,1.0,1.0,0.0
16,1954777,1.0,1.0,0.0
16,1955295,1.0,1.0,0.0
16,1956644,1.0,1.0,0.0
16,1956685,1.0,1.0,0.0
16,1957293,1.0,1.0,0.0
16,1957394,1.0,1.0,0.0
16,1957896,1.0,1.0,0.0
16,1958024,1.0,1.0,0.0
16,1958100,1.0,1.0,0.0
16,1958216,1.0,1.0,0.0
16,1958545,1.0,1.0,0.0
16,1958601,1.0,1.0,0.0
16,1958874,1.0,1.0,0.0
16,1958891,1.0,1.0,0.0
16,1959145,1.0,1.0,0.0
16,1959222,1.0,1.0,0.0
16,1959355,1.0,1.0,0.0
16,1959744,1.0,1.0,0.0
16,1960139,1.0,1.0,0.0
16,1960393,1.0,1.0,0.0
16,1960697,1.0,1.0,0.0
16,1961213,1.0,1.0,0.0
16,1961411,1.0,1.0,0.0
16,1961464,1.0,1.0,0.0
16,1962414,1.0,1.0,0.0
16,1962559,1.0,1.0,0.0
16,1962841,1.0,1.0,0.0
16,1963009,1.0,1.0,0.0
16,1963156,1.0,1.0,0.0
16,1963744,1.0,1.0,0.0
16,1963956,1.0,1.0,0.0
16,1964053,1.0,1.0,0.0
16,1965051,1.0,1.0,0.0
16,1965240,1.0,1.0,0.0
16,1965271,1.0,1.0,0.0
16,1966239,1.0,1.0,0.0
16,1966311,1.0,1.0,0.0
16,1966399,1.0,1.0,0.0
16,1966434,1.0,1.0,0.0
16,1966603,1.0,1.0,0.0
16,1968203,1.0,1.0,0.0
16,1968413,1.0,1.0,0.0
16,1968490,1.0,1.0,0.0
16,1968544,1.0,1.0,0.0
16,1968806,1.0,1.0,0.0
16,1969010,1.0,1.0,0.0
16,1969323,1.0,1.0,0.0
16,1969401,1.0,1.0,0.0
16,1969748,1.0,1.0,0.0
16,1970075,1.0,1.0,0.0
16,1970081,1.0,1.0,0.0
16,1971170,1.0,1.0,0.0
16,1971458,1.0,1.0,0.0
16,1971499,1.0,1.0,0.0
16,1971610,1.0,1.0,0.0
16,1971896,1.0,1.0,0.0
16,1972025,1.0,1.0,0.0
16,1972156,1.0,1.0,0.0
16,1972517,1.0,1.0,0.0
16,1972748,1.0,1.0,0.0
16,1972778,1.0,1.0,0.0
16,1973326,1.0,1.0,0.0
16,1973987,1.0,1.0,0.0
16,1974004,1.0,1.0,0.0
16,1974805,1.0,1.0,0.0
16,1975150,1.0,1.0,0.0
16,1975779,1.0,1.0,0.0
16,1976288,1.0,1.0,0.0
16,1976325,1.0,1.0,0.0
16,1976591,1.0,1.0,0.0
16,1976632,1.0,1.0,0.0
16,1976695,1.0,1.0,0.0
16,1977148,1.0,1.0,0.0
16,1978926,1.0,1.0,0.0
16,1979063,1.0,1.0,0.0
16,1979221,1.0,1.0,0.0
16,1979506,1.0,1.0,0.0
16,1980866,1.0,1.0,0.0
16,1981472,1.0,1.0,0.0
16,1981820,1.0,1.0,0.0
16,1981880,1.0,1.0,0.0
16,1982088,1.0,1.0,0.0
16,1982413,1.0,1.0,0.0
16,1982726,1.0,1.0,0.0
16,1983711,1.0,1.0,0.0
16,1983871,1.0,1.0,0.0
16,1984322,1.0,1.0,0.0
16,1984457,1.0,1.0,0.0
16,1984842,1.0,1.0,0.0
16,1985420,1.0,1.0,0.0
16,1985442,1.0,1.0,0.0
16,1986171,1.0,1.0,0.0
16,1986316,1.0,1.0,0.0
16,1986725,1.0,1.0,0.0
16,1986972,1.0,1.0,0.0
16,1987056,1.0,1.0,0.0
16,1988347,1.0,1.0,0.0
16,1988359,1.0,1.0,0.0
16,1988958,1.0,1.0,0.0
16,1989033,1.0,1.0,0.0
16,1989358,1.0,1.0,0.0
16,1990970,1.0,1.0,0.0
16,1991405,1.0,1.0,0.0
16,1991521,1.0,1.0,0.0
16,1992197,1.0,1.0,0.0
16,1992413,1.0,1.0,0.0
16,1993031,1.0,1.0,0.0
16,1993039,1.0,1.0,0.0
16,1993243,1.0,1.0,0.0
16,1994137,1.0,1.0,0.0
16,1994692,1.0,1.0,0.0
16,1994800,1.0,1.0,0.0
16,1996518,1.0,1.0,0.0
16,1997899,1.0,1.0,0.0
16,1998062,1.0,1.0,0.0
16,1998501,1.0,1.0,0.0
16,1998896,1.0,1.0,0.0
16,1999248,1.0,1.0,0.0
16,1999268,1.0,1.0,0.0
16,1999680,1.0,1.0,0.0
16,1999703,1.0,1.0,0.0
16,2000031,1.0,1.0,0.0
16,2000294,1.0,1.0,0.0
16,2000652,1.0,1.0,0.0
16,2001119,1.0,1.0,0.0
16,2001786,1.0,1.0,0.0
16,2002194,1.0,1.0,0.0
16,2002580,1.0,1.0,0.0
16,2003063,1.0,1.0,0.0
16,2003445,1.0,1.0,0.0
16,2003779,1.0,1.0,0.0
16,2004108,1.0,1.0,0.0
16,2004552,1.0,1.0,0.0
16,2004570,1.0,1.0,0.0
16,2006589,1.0,1.0,0.0
16,2006864,1.0,1.0,0.0
16,2006923,1.0,1.0,0.0
16,2007186,1.0,1.0,0.0
16,2007631,1.0,1.0,0.0
16,2008466,1.0,1.0,0.0
16,2008619,1.0,1.0,0.0
16,2009086,1.0,1.0,0.0
16,2009199,1.0,1.0,0.0
16,2010289,1.0,1.0,0.0
16,2012148,1.0,1.0,0.0
16,2012895,1.0,1.0,0.0
16,2013449,1.0,1.0,0.0
16,2013784,1.0,1.0,0.0
16,2014388,1.0,1.0,0.0
16,2015283,1.0,1.0,0.0
16,2016110,1.0,1.0,0.0
16,2017810,1.0,1.0,0.0
16,2017895,1.0,1.0,0.0
16,2020528,1.0,1.0,0.0
16,2020680,1.0,1.0,0.0
16,2021136,1.0,1.0,0.0
16,2021490,1.0,1.0,0.0
16,2022766,1.0,1.0,0.0
16,2022811,1.0,1.0,0.0
16,2024328,1.0,1.0,0.0
16,2024856,1.0,1.0,0.0
16,2025275,1.0,1.0,0.0
16,2026193,1.0,1.0,0.0
16,2026764,1.0,1.0,0.0
16,2027078,1.0,1.0,0.0
16,2027790,1.0,1.0,0.0
16,2027871,1.0,1.0,0.0
16,2028498,1.0,1.0,0.0
16,2029107,1.0,1.0,0.0
16,2029158,1.0,1.0,0.0
16,2029564,1.0,1.0,0.0
16,2030611,1.0,1.0,0.0
16,2030640,1.0,1.0,0.0
16,2031757,1.0,1.0,0.0
16,2032252,1.0,1.0,0.0
16,2032614,1.0,1.0,0.0
16,2032972,1.0,1.0,0.0
16,2034071,1.0,1.0,0.0
16,2034185,1.0,1.0,0.0
16,2034539,1.0,1.0,0.0
16,2034764,1.0,1.0,0.0
16,2035017,1.0,1.0,0.0
16,2036018,1.0,1.0,0.0
16,2036569,1.0,1.0,0.0
16,2036753,1.0,1.0,0.0
16,2036890,1.0,1.0,0.0
16,2038444,1.0,1.0,0.0
16,2038798,1.0,1.0,0.0
16,2039478,1.0,1.0,0.0
16,2039674,1.0,1.0,0.0
16,2039708,1.0,1.0,0.0
16,2040266,1.0,1.0,0.0
16,2040295,1.0,1.0,0.0
16,2040305,1.0,1.0,0.0
16,2040475,1.0,1.0,0.0
16,2040496,1.0,1.0,0.0
16,2040724,1.0,1.0,0.0
16,2042661,1.0,1.0,0.0
16,2042961,1.0,1.0,0.0
16,2043832,1.0,1.0,0.0
16,2043904,1.0,1.0,0.0
16,2044514,1.0,1.0,0.0
16,2045041,1.0,1.0,0.0
16,2046223,1.0,1.0,0.0
16,2046769,1.0,1.0,0.0
16,2046780,1.0,1.0,0.0
16,2047543,1.0,1.0,0.0
16,2047553,1.0,1.0,0.0
16,2048065,1.0,1.0,0.0
16,2048343,1.0,1.0,0.0
16,2048580,1.0,1.0,0.0
16,2048605,1.0,1.0,0.0
16,2049502,1.0,1.0,0.0
16,2049752,1.0,1.0,0.0
16,2049764,1.0,1.0,0.0
16,2050275,1.0,1.0,0.0
16,2050673,1.0,1.0,0.0
16,2052209,1.0,1.0,0.0
16,2052236,1.0,1.0,0.0
16,2052542,1.0,1.0,0.0
16,2052685,1.0,1.0,0.0
16,2053381,1.0,1.0,0.0
16,2053562,1.0,1.0,0.0
16,2054443,1.0,1.0,0.0
16,2054492,1.0,1.0,0.0
16,2054889,1.0,1.0,0.0
16,2055171,1.0,1.0,0.0
16,2055388,1.0,1.0,0.0
16,2055684,1.0,1.0,0.0
16,2056249,1.0,1.0,0.0
16,2057049,1.0,1.0,0.0
16,2057175,1.0,1.0,0.0
16,2059431,1.0,1.0,0.0
16,2060265,1.0,1.0,0.0
16,2060521,1.0,1.0,0.0
16,2061745,1.0,1.0,0.0
16,2061894,1.0,1.0,0.0
16,2062458,1.0,1.0,0.0
16,2063981,1.0,1.0,0.0
16,2064500,1.0,1.0,0.0
17,2064626,1.0,1.0,0.0
17,2065320,1.0,1.0,0.0
17,2066101,1.0,1.0,0.0
17,2066951,1.0,1.0,0.0
17,2067633,1.0,1.0,0.0
17,2067952,1.0,1.0,0.0
17,2069367,1.0,1.0,0.0
17,2070004,1.0,1.0,0.0
17,2070476,1.0,1.0,0.0
17,2072778,1.0,1.0,0.0
17,2072982,1.0,1.0,0.0
17,2075076,1.0,1.0,0.0
17,2076623,1.0,1.0,0.0
17,2076764,1.0,1.0,0.0
17,2078182,1.0,1.0,0.0
17,2078213,1.0,1.0,0.0
17,2078291,1.0,1.0,0.0
17,2078426,1.0,1.0,0.0
17,2078714,1.0,1.0,0.0
17,2078744,1.0,1.0,0.0
17,2079277,1.0,1.0,0.0
17,2079766,1.0,1.0,0.0
17,2081253,1.0,1.0,0.0
17,2081562,1.0,1.0,0.0
17,2082999,1.0,1.0,0.0
17,2083065,1.0,1.0,0.0
17,2083612,1.0,1.0,0.0
17,2083788,1.0,1.0,0.0
17,2084276,1.0,1.0,0.0
17,2084629,1.0,1.0,0.0
17,2084806,1.0,1.0,0.0
17,2085871,1.0,1.0,0.0
17,2086739,1.0,1.0,0.0
17,2088195,1.0,1.0,0.0
17,2088578,1.0,1.0,0.0
17,2088702,1.0,1.0,0.0
17,2089376,1.0,1.0,0.0
17,2089450,1.0,1.0,0.0
17,2089571,1.0,1.0,0.0
17,2090059,1.0,1.0,0.0
17,2090357,1.0,1.0,0.0
17,2090451,1.0,1.0,0.0
17,2090828,1.0,1.0,0.0
17,2091310,1.0,1.0,0.0
17,2093181,1.0,1.0,0.0
17,2093930,1.0,1.0,0.0
17,2094728,1.0,1.0,0.0
17,2094930,1.0,1.0,0.0
17,2095236,1.0,1.0,0.0
17,2095255,1.0,1.0,0.0
17,2095587,1.0,1.0,0.0
17,2095765,1.0,1.0,0.0
17,2097137,1.0,1.0,0.0
17,2097713,1.0,1.0,0.0
17,2099728,1.0,1.0,0.0
17,2101218,1.0,1.0,0.0
17,2101855,1.0,1.0,0.0
17,2102209,1.0,1.0,0.0
17,2103235,1.0,1.0,0.0
17,2103276,1.0,1.0,0.0
17,2103871,1.0,1.0,0.0
17,2103899,1.0,1.0,0.0
17,2104028,1.0,1.0,0.0
17,2104761,1.0,1.0,0.0
17,2104925,1.0,1.0,0.0
17,2105485,1.0,1.0,0.0
17,2105918,1.0,1.0,0.0
17,2106897,1.0,1.0,0.0
17,2107145,1.0,1.0,0.0
17,2107339,1.0,1.0,0.0
17,2108598,1.0,1.0,0.0
17,2108780,1.0,1.0,0.0
17,2109543,1.0,1.0,0.0
17,2109694,1.0,1.0,0.0
17,2110319,1.0,1.0,0.0
17,2110444,1.0,1.0,0.0
17,2110595,1.0,1.0,0.0
17,2110781,1.0,1.0,0.0
17,2111190,1.0,1.0,0.0
17,2111378,1.0,1.0,0.0
17,2111401,1.0,1.0,0.0
17,2112805,1.0,1.0,0.0
17,2112966,1.0,1.0,0.0
17,2113003,1.0,1.0,0.0
17,2113158,1.0,1.0,0.0
17,2113836,1.0,1.0,0.0
17,2114056,1.0,1.0,0.0
17,2114403,1.0,1.0,0.0
17,2114546,1.0,1.0,0.0
17,2115085,1.0,1.0,0.0
17,2115596,1.0,1.0,0.0
17,2115731,1.0,1.0,0.0
17,2116357,1.0,1.0,0.0
17,2116653,1.0,1.0,0.0
17,2116888,1.0,1.0,0.0
17,2118302,1.0,1.0,0.0
17,2118605,1.0,1.0,0.0
17,2118653,1.0,1.0,0.0
17,2118998,1.0,1.0,0.0
17,2119584,1.0,1.0,0.0
17,2120152,1.0,1.0,0.0
17,2121180,1.0,1.0,0.0
17,2121529,1.0,1.0,0.0
17,2122338,1.0,1.0,0.0
17,2122379,1.0,1.0,0.0
17,2123479,1.0,1.0,0.0
17,2123725,1.0,1.0,0.0
17,2124540,1.0,1.0,0.0
17,2124605,1.0,1.0,0.0
17,2125223,1.0,1.0,0.0
17,2125800,1.0,1.0,0.0
17,2125820,1.0,1.0,0.0
17,2126241,1.0,1.0,0.0
17,2126755,1.0,1.0,0.0
17,2126942,1.0,1.0,0.0
17,2128432,1.0,1.0,0.0
17,2128467,1.0,1.0,0.0
17,2128741,1.0,1.0,0.0
17,2128865,1.0,1.0,0.0
17,2129051,1.0,1.0,0.0
17,2129154,1.0,1.0,0.0
17,2129198,1.0,1.0,0.0
17,2129400,1.0,1.0,0.0
17,2129519,1.0,1.0,0.0
17,2129601,1.0,1.0,0.0
17,2130288,1.0,1.0,0.0
17,2130299,1.0,1.0,0.0
17,2130626,1.0,1.0,0.0
17,2130689,1.0,1.0,0.0
17,2130835,1.0,1.0,0.0
17,2131136,1.0,1.0,0.0
17,2131144,1.0,1.0,0.0
17,2133790,1.0,1.0,0.0
17,2134729,1.0,1.0,0.0
17,2135172,1.0,1.0,0.0
17,2135472,1.0,1.0,0.0
17,2136207,1.0,1.0,0.0
17,2137180,1.0,1.0,0.0
17,2137670,1.0,1.0,0.0
17,2137771,1.0,1.0,0.0
17,2138491,1.0,1.0,0.0
17,2138521,1.0,1.0,0.0
17,2138548,1.0,1.0,0.0
17,2138559,1.0,1.0,0.0
17,2138832,1.0,1.0,0.0
17,2139172,1.0,1.0,0.0
17,2139543,1.0,1.0,0.0
17,2139907,1.0,1.0,0.0
17,2140111,1.0,1.0,0.0
17,2140372,1.0,1.0,0.0
17,2140732,1.0,1.0,0.0
17,2141190,1.0,1.0,0.0
17,2141388,1.0,1.0,0.0
17,2141955,1.0,1.0,0.0
17,2142108,1.0,1.0,0.0
17,2142207,1.0,1.0,0.0
17,2142431,1.0,1.0,0.0
17,2142484,1.0,1.0,0.0
17,2142838,1.0,1.0,0.0
17,2143364,1.0,1.0,0.0
17,2143694,1.0,1.0,0.0
17,2143852,1.0,1.0,0.0
17,2144174,1.0,1.0,0.0
17,2144296,1.0,1.0,0.0
17,2144854,1.0,1.0,0.0
17,2144945,1.0,1.0,0.0
17,2145395,1.0,1.0,0.0
17,2145783,1.0,1.0,0.0
17,2146035,1.0,1.0,0.0
17,2147217,1.0,1.0,0.0
17,2147650,1.0,1.0,0.0
17,2148366,1.0,1.0,0.0
17,2148874,1.0,1.0,0.0
17,2149460,1.0,1.0,0.0
17,2150304,1.0,1.0,0.0
17,2151878,1.0,1.0,0.0
17,2152446,1.0,1.0,0.0
17,2152563,1.0,1.0,0.0
17,2152890,1.0,1.0,0.0
17,2152962,1.0,1.0,0.0
17,2153858,1.0,1.0,0.0
17,2153931,1.0,1.0,0.0
17,2154359,1.0,1.0,0.0
17,2154757,1.0,1.0,0.0
17,2155107,1.0,1.0,0.0
17,2155667,1.0,1.0,0.0
17,2155956,1.0,1.0,0.0
17,2157006,1.0,1.0,0.0
17,2158037,1.0,1.0,0.0
17,2158122,1.0,1.0,0.0
17,2159088,1.0,1.0,0.0
17,2159391,1.0,1.0,0.0
17,2159759,1.0,1.0,0.0
17,2159953,1.0,1.0,0.0
17,2160039,1.0,1.0,0.0
17,2160081,1.0,1.0,0.0
17,2161078,1.0,1.0,0.0
17,2161083,1.0,1.0,0.0
17,2161191,1.0,1.0,0.0
17,2161347,1.0,1.0,0.0
17,2161492,1.0,1.0,0.0
17,2161604,1.0,1.0,0.0
17,2162586,1.0,1.0,0.0
17,2163132,1.0,1.0,0.0
17,2163754,1.0,1.0,0.0
17,2164027,1.0,1.0,0.0
17,2164949,1.0,1.0,0.0
17,2165103,1.0,1.0,0.0
17,2165205,1.0,1.0,0.0
17,2165266,1.0,1.0,0.0
17,2165501,1.0,1.0,0.0
17,2165595,1.0,1.0,0.0
17,2166184,1.0,1.0,0.0
17,2166265,1.0,1.0,0.0
17,2166484,1.0,1.0,0.0
17,2166941,1.0,1.0,0.0
17,2166953,1.0,1.0,0.0
17,2167272,1.0,1.0,0.0
17,2167522,1.0,1.0,0.0
17,2167846,1.0,1.0,0.0
17,2167895,1.0,1.0,0.0
17,2168397,1.0,1.0,0.0
17,2168437,1.0,1.0,0.0
17,2168438,1.0,1.0,0.0
17,2170028,1.0,1.0,0.0
17,2170756,1.0,1.0,0.0
17,2171003,1.0,1.0,0.0
17,2171157,1.0,1.0,0.0
17,2171192,1.0,1.0,0.0
17,2171415,1.0,1.0,0.0
17,2171434,1.0,1.0,0.0
17,2173631,1.0,1.0,0.0
17,2173805,1.0,1.0,0.0
17,2174815,1.0,1.0,0.0
17,2175621,1.0,1.0,0.0
17,2175653,1.0,1.0,0.0
17,2176223,1.0,1.0,0.0
17,2176898,1.0,1.0,0.0
17,2177071,1.0,1.0,0.0
17,2177443,1.0,1.0,0.0
17,2177642,1.0,1.0,0.0
17,2177780,1.0,1.0,0.0
17,2178031,1.0,1.0,0.0
17,2178513,1.0,1.0,0.0
17,2178853,1.0,1.0,0.0
17,2179139,1.0,1.0,0.0
17,2179362,1.0,1.0,0.0
17,2179539,1.0,1.0,0.0
17,2180441,1.0,1.0,0.0
17,2180446,1.0,1.0,0.0
18,2180595,1.0,1.0,0.0
18,2181110,1.0,1.0,0.0
18,2181159,1.0,1.0,0.0
18,2181611,1.0,1.0,0.0
18,2181777,1.0,1.0,0.0
18,2181983,1.0,1.0,0.0
18,2182313,1.0,1.0,0.0
18,2183195,1.0,1.0,0.0
18,2183304,1.0,1.0,0.0
18,2184169,1.0,1.0,0.0
18,2184545,1.0,1.0,0.0
18,2184731,1.0,1.0,0.0
18,2185058,1.0,1.0,0.0
18,2186568,1.0,1.0,0.0
18,2187807,1.0,1.0,0.0
18,2187863,1.0,1.0,0.0
18,2188216,1.0,1.0,0.0
18,2188593,1.0,1.0,0.0
18,2188813,1.0,1.0,0.0
18,2189076,1.0,1.0,0.0
18,2190249,1.0,1.0,0.0
18,2190763,1.0,1.0,0.0
18,2191006,1.0,1.0,0.0
18,2192416,1.0,1.0,0.0
18,2192479,1.0,1.0,0.0
18,2192676,1.0,1.0,0.0
18,2192900,1.0,1.0,0.0
18,2194377,1.0,1.0,0.0
18,2194837,1.0,1.0,0.0
18,2195474,1.0,1.0,0.0
18,2195655,1.0,1.0,0.0
18,2196035,1.0,1.0,0.0
18,2196756,1.0,1.0,0.0
18,2197945,1.0,1.0,0.0
18,2198586,1.0,1.0,0.0
18,2199669,1.0,1.0,0.0
18,2199960,1.0,1.0,0.0
18,2200188,1.0,1.0,0.0
18,2200626,1.0,1.0,0.0
18,2201608,1.0,1.0,0.0
18,2203052,1.0,1.0,0.0
18,2203432,1.0,1.0,0.0
18,2203458,1.0,1.0,0.0
18,2203648,1.0,1.0,0.0
18,2203726,1.0,1.0,0.0
18,2204040,1.0,1.0,0.0
18,2204245,1.0,1.0,0.0
18,2204387,1.0,1.0,0.0
18,2204629,1.0,1.0,0.0
18,2204746,1.0,1.0,0.0
18,2204923,1.0,1.0,0.0
18,2205364,1.0,1.0,0.0
18,2206096,1.0,1.0,0.0
18,2206215,1.0,1.0,0.0
18,2206234,1.0,1.0,0.0
18,2206667,1.0,1.0,0.0
18,2207199,1.0,1.0,0.0
18,2207392,1.0,1.0,0.0
18,2207694,1.0,1.0,0.0
18,2208251,1.0,1.0,0.0
18,2208557,1.0,1.0,0.0
18,2208609,1.0,1.0,0.0
18,2208786,1.0,1.0,0.0
18,2209147,1.0,1.0,0.0
18,2209173,1.0,1.0,0.0
18,2209403,1.0,1.0,0.0
18,2209932,1.0,1.0,0.0
18,2209994,1.0,1.0,0.0
18,2210652,1.0,1.0,0.0
18,2211008,1.0,1.0,0.0
18,2211345,1.0,1.0,0.0
18,2211795,1.0,1.0,0.0
18,2211838,1.0,1.0,0.0
18,2212068,1.0,1.0,0.0
18,2212572,1.0,1.0,0.0
18,2212966,1.0,1.0,0.0
18,2213091,1.0,1.0,0.0
18,2213168,1.0,1.0,0.0
18,2213176,1.0,1.0,0.0
18,2213477,1.0,1.0,0.0
18,2213505,1.0,1.0,0.0
18,2213723,1.0,1.0,0.0
18,2213828,1.0,1.0,0.0
18,2214796,1.0,1.0,0.0
18,2214979,1.0,1.0,0.0
18,2215429,1.0,1.0,0.0
18,2215523,1.0,1.0,0.0
18,2215716,1.0,1.0,0.0
18,2215717,1.0,1.0,0.0
18,2215738,1.0,1.0,0.0
18,2215845,1.0,1.0,0.0
18,2215884,1.0,1.0,0.0
18,2216190,1.0,1.0,0.0
18,2216256,1.0,1.0,0.0
18,2216425,1.0,1.0,0.0
18,2217211,1.0,1.0,0.0
18,2217309,1.0,1.0,0.0
18,2217399,1.0,1.0,0.0
18,2218375,1.0,1.0,0.0
18,2218406,1.0,1.0,0.0
18,2218761,1.0,1.0,0.0
18,2219524,1.0,1.0,0.0
18,2220390,1.0,1.0,0.0
18,2220621,1.0,1.0,0.0
18,2221275,1.0,1.0,0.0
18,2221525,1.0,1.0,0.0
18,2221656,1.0,1.0,0.0
18,2221732,1.0,1.0,0.0
18,2222365,1.0,1.0,0.0
18,2222532,1.0,1.0,0.0
18,2222625,1.0,1.0,0.0
18,2222868,1.0,1.0,0.0
18,2222909,1.0,1.0,0.0
18,2223706,1.0,1.0,0.0
18,2223721,1.0,1.0,0.0
18,2224288,1.0,1.0,0.0
18,2224455,1.0,1.0,0.0
18,2224627,1.0,1.0,0.0
18,2224985,1.0,1.0,0.0
18,2225407,1.0,1.0,0.0
18,2225465,1.0,1.0,0.0
18,2225494,1.0,1.0,0.0
18,2225523,1.0,1.0,0.0
18,2225639,1.0,1.0,0.0
18,2226106,1.0,1.0,0.0
18,2226477,1.0,1.0,0.0
18,2226577,1.0,1.0,0.0
18,2226835,1.0,1.0,0.0
18,2226875,1.0,1.0,0.0
18,2226942,1.0,1.0,0.0
18,2227028,1.0,1.0,0.0
18,2227423,1.0,1.0,0.0
18,2228023,1.0,1.0,0.0
18,2228115,1.0,1.0,0.0
18,2228272,1.0,1.0,0.0
18,2228315,1.0,1.0,0.0
18,2228471,1.0,1.0,0.0
18,2228507,1.0,1.0,0.0
18,2228995,1.0,1.0,0.0
18,2229217,1.0,1.0,0.0
18,2229309,1.0,1.0,0.0
18,2230690,1.0,1.0,0.0
18,2231320,1.0,1.0,0.0
18,2231714,1.0,1.0,0.0
18,2231898,1.0,1.0,0.0
18,2232212,1.0,1.0,0.0
18,2232368,1.0,1.0,0.0
18,2232472,1.0,1.0,0.0
18,2232650,1.0,1.0,0.0
18,2232847,1.0,1.0,0.0
18,2232921,1.0,1.0,0.0
18,2233187,1.0,1.0,0.0
18,2233377,1.0,1.0,0.0
18,2234543,1.0,1.0,0.0
18,2235207,1.0,1.0,0.0
18,2235352,1.0,1.0,0.0
18,2236029,1.0,1.0,0.0
18,2236236,1.0,1.0,0.0
18,2236674,1.0,1.0,0.0
18,2237071,1.0,1.0,0.0
18,2237361,1.0,1.0,0.0
18,2237610,1.0,1.0,0.0
18,2237883,1.0,1.0,0.0
18,2237941,1.0,1.0,0.0
18,2238430,1.0,1.0,0.0
18,2239472,1.0,1.0,0.0
18,2239662,1.0,1.0,0.0
18,2239797,1.0,1.0,0.0
18,2239884,1.0,1.0,0.0
18,2240098,1.0,1.0,0.0
18,2240311,1.0,1.0,0.0
18,2240815,1.0,1.0,0.0
18,2240865,1.0,1.0,0.0
18,2240999,1.0,1.0,0.0
18,2241111,1.0,1.0,0.0
18,2241223,1.0,1.0,0.0
18,2241534,1.0,1.0,0.0
18,2241538,1.0,1.0,0.0
18,2241725,1.0,1.0,0.0
18,2241846,1.0,1.0,0.0
18,2242345,1.0,1.0,0.0
18,2242784,1.0,1.0,0.0
18,2243298,1.0,1.0,0.0
18,2243310,1.0,1.0,0.0
18,2243391,1.0,1.0,0.0
18,2243689,1.0,1.0,0.0
18,2244430,1.0,1.0,0.0
18,2244728,1.0,1.0,0.0
18,2244859,1.0,1.0,0.0
18,2245118,1.0,1.0,0.0
18,2245152,1.0,1.0,0.0
18,2245293,1.0,1.0,0.0
18,2245433,1.0,1.0,0.0
18,2245614,1.0,1.0,0.0
18,2246005,1.0,1.0,0.0
18,2246115,1.0,1.0,0.0
18,2246294,1.0,1.0,0.0
18,2246352,1.0,1.0,0.0
18,2246582,1.0,1.0,0.0
18,2246739,1.0,1.0,0.0
18,2247182,1.0,1.0,0.0
18,2247283,1.0,1.0,0.0
18,2247780,1.0,1.0,0.0
18,2247984,1.0,1.0,0.0
18,2247986,1.0,1.0,0.0
18,2248052,1.0,1.0,0.0
18,2248284,1.0,1.0,0.0
18,2248316,1.0,1.0,0.0
18,2248873,1.0,1.0,0.0
18,2249170,1.0,1.0,0.0
18,2249255,1.0,1.0,0.0
18,2249308,1.0,1.0,0.0
18,2249697,1.0,1.0,0.0
18,2250322,1.0,1.0,0.0
18,2250566,1.0,1.0,0.0
18,2250820,1.0,1.0,0.0
18,2251307,1.0,1.0,0.0
18,2251552,1.0,1.0,0.0
18,2252920,1.0,1.0,0.0
18,2252931,1.0,1.0,0.0
18,2252999,1.0,1.0,0.0
18,2253294,1.0,1.0,0.0
18,2253403,1.0,1.0,0.0
18,2253411,1.0,1.0,0.0
18,2253436,1.0,1.0,0.0
18,2253437,1.0,1.0,0.0
18,2254055,1.0,1.0,0.0
18,2254093,1.0,1.0,0.0
18,2254775,1.0,1.0,0.0
18,2254895,1.0,1.0,0.0
18,2254909,1.0,1.0,0.0
18,2255478,1.0,1.0,0.0
18,2255755,1.0,1.0,0.0
18,2256017,1.0,1.0,0.0
18,2256020,1.0,1.0,0.0
18,2256514,1.0,1.0,0.0
18,2256747,1.0,1.0,0.0
18,2256827,1.0,1.0,0.0
18,2257659,1.0,1.0,0.0
18,2257756,1.0,1.0,0.0
18,2258424,1.0,1.0,0.0
18,2258452,1.0,1.0,0.0
18,2258786,1.0,1.0,0.0
18,2258987,1.0,1.0,0.0
18,2260017,1.0,1.0,0.0
18,2260404,1.0,1.0,0.0
18,2260639,1.0,1.0,0.0
18,2260926,1.0,1.0,0.0
18,2261042,1.0,1.0,0.0
18,2261249,1.0,1.0,0.0
19,2261611,1.0,1.0,0.0
19,2261622,1.0,1.0,0.0
19,2261644,1.0,1.0,0.0
19,2261743,1.0,1.0,0.0
19,2261985,1.0,1.0,0.0
19,2262110,1.0,1.0,0.0
19,2262272,1.0,1.0,0.0
19,2263217,1.0,1.0,0.0
19,2263477,1.0,1.0,0.0
19,2263535,1.0,1.0,0.0
19,2263995,1.0,1.0,0.0
19,2264216,1.0,1.0,0.0
19,2264519,1.0,1.0,0.0
19,2264709,1.0,1.0,0.0
19,2266496,1.0,1.0,0.0
19,2266554,1.0,1.0,0.0
19,2266860,1.0,1.0,0.0
19,2266908,1.0,1.0,0.0
19,2267036,1.0,1.0,0.0
19,2267355,1.0,1.0,0.0
19,2267485,1.0,1.0,0.0
19,2267544,1.0,1.0,0.0
19,2267675,1.0,1.0,0.0
19,2267848,1.0,1.0,0.0
19,2268363,1.0,1.0,0.0
19,2269013,1.0,1.0,0.0
19,2269035,1.0,1.0,0.0
19,2269205,1.0,1.0,0.0
19,2269812,1.0,1.0,0.0
19,2269962,1.0,1.0,0.0
19,2270211,1.0,1.0,0.0
19,2270252,1.0,1.0,0.0
19,2270501,1.0,1.0,0.0
19,2270610,1.0,1.0,0.0
19,2271101,1.0,1.0,0.0
19,2271127,1.0,1.0,0.0
19,2271228,1.0,1.0,0.0
19,2271237,1.0,1.0,0.0
19,2271253,1.0,1.0,0.0
19,2271301,1.0,1.0,0.0
19,2271678,1.0,1.0,0.0
19,2272007,1.0,1.0,0.0
19,2272403,1.0,1.0,0.0
19,2273039,1.0,1.0,0.0
19,2273053,1.0,1.0,0.0
19,2273313,1.0,1.0,0.0
19,2273447,1.0,1.0,0.0
19,2273490,1.0,1.0,0.0
19,2273921,1.0,1.0,0.0
19,2274113,1.0,1.0,0.0
19,2274426,1.0,1.0,0.0
19,2274451,1.0,1.0,0.0
19,2274524,1.0,1.0,0.0
19,2275386,1.0,1.0,0.0
19,2275830,1.0,1.0,0.0
19,2276395,1.0,1.0,0.0
19,2277078,1.0,1.0,0.0
19,2277340,1.0,1.0,0.0
19,2277386,1.0,1.0,0.0
19,2277556,1.0,1.0,0.0
19,2277762,1.0,1.0,0.0
19,2277769,1.0,1.0,0.0
19,2278661,1.0,1.0,0.0
19,2278805,1.0,1.0,0.0
19,2279203,1.0,1.0,0.0
19,2279305,1.0,1.0,0.0
19,2279481,1.0,1.0,0.0
19,2280515,1.0,1.0,0.0
19,2280643,1.0,1.0,0.0
19,2281028,1.0,1.0,0.0
19,2281379,1.0,1.0,0.0
19,2281857,1.0,1.0,0.0
19,2282566,1.0,1.0,0.0
19,2283059,1.0,1.0,0.0
19,2283270,1.0,1.0,0.0
19,2283450,1.0,1.0,0.0
19,2284177,1.0,1.0,0.0
19,2284183,1.0,1.0,0.0
19,2284262,1.0,1.0,0.0
19,2284849,1.0,1.0,0.0
19,2285170,1.0,1.0,0.0
19,2285212,1.0,1.0,0.0
19,2285898,1.0,1.0,0.0
19,2285913,1.0,1.0,0.0
19,2285928,1.0,1.0,0.0
19,2286207,1.0,1.0,0.0
19,2286267,1.0,1.0,0.0
19,2286875,1.0,1.0,0.0
19,2287780,1.0,1.0,0.0
19,2288201,1.0,1.0,0.0
19,2288240,1.0,1.0,0.0
19,2289122,1.0,1.0,0.0
19,2289145,1.0,1.0,0.0
19,2289720,1.0,1.0,0.0
19,2290178,1.0,1.0,0.0
19,2290195,1.0,1.0,0.0
19,2291017,1.0,1.0,0.0
19,2291282,1.0,1.0,0.0
19,2291331,1.0,1.0,0.0
19,2291642,1.0,1.0,0.0
19,2292257,1.0,1.0,0.0
19,2292737,1.0,1.0,0.0
19,2292881,1.0,1.0,0.0
19,2293812,1.0,1.0,0.0
19,2293900,1.0,1.0,0.0
19,2294236,1.0,1.0,0.0
19,2294490,1.0,1.0,0.0
19,2294887,1.0,1.0,0.0
19,2295265,1.0,1.0,0.0
19,2295342,1.0,1.0,0.0
19,2295463,1.0,1.0,0.0
19,2295480,1.0,1.0,0.0
19,2295537,1.0,1.0,0.0
19,2295719,1.0,1.0,0.0
19,2296040,1.0,1.0,0.0
19,2296069,1.0,1.0,0.0
19,2296074,1.0,1.0,0.0
19,2296140,1.0,1.0,0.0
19,2296255,1.0,1.0,0.0
19,2296294,1.0,1.0,0.0
19,2296501,1.0,1.0,0.0
19,2296965,1.0,1.0,0.0
19,2297257,1.0,1.0,0.0
19,2297717,1.0,1.0,0.0
19,2297758,1.0,1.0,0.0
19,2297987,1.0,1.0,0.0
19,2298287,1.0,1.0,0.0
19,2298412,1.0,1.0,0.0
19,2298723,1.0,1.0,0.0
19,2299534,1.0,1.0,0.0
19,2299580,1.0,1.0,0.0
19,2299668,1.0,1.0,0.0
19,2299702,1.0,1.0,0.0
19,2299872,1.0,1.0,0.0
19,2299882,1.0,1.0,0.0
19,2299973,1.0,1.0,0.0
19,2300011,1.0,1.0,0.0
19,2300690,1.0,1.0,0.0
19,2301142,1.0,1.0,0.0
19,2303104,1.0,1.0,0.0
19,2303776,1.0,1.0,0.0
19,2303814,1.0,1.0,0.0
19,2303961,1.0,1.0,0.0
19,2304148,1.0,1.0,0.0
19,2306753,1.0,1.0,0.0
19,2307493,1.0,1.0,0.0
19,2309432,1.0,1.0,0.0
19,2310088,1.0,1.0,0.0
19,2311791,1.0,1.0,0.0
19,2312865,1.0,1.0,0.0
19,2314796,1.0,1.0,0.0
19,2316563,1.0,1.0,0.0
19,2316981,1.0,1.0,0.0
19,2317200,1.0,1.0,0.0
19,2317407,1.0,1.0,0.0
19,2317963,1.0,1.0,0.0
19,2320534,1.0,1.0,0.0
19,2321478,1.0,1.0,0.0
19,2321726,1.0,1.0,0.0
19,2323661,1.0,1.0,0.0
19,2324230,1.0,1.0,0.0
19,2324314,1.0,1.0,0.0
19,2326062,1.0,1.0,0.0
19,2326266,1.0,1.0,0.0
19,2326540,1.0,1.0,0.0
19,2327466,1.0,1.0,0.0
19,2327482,1.0,1.0,0.0
19,2327609,1.0,1.0,0.0
19,2327802,1.0,1.0,0.0
19,2330100,1.0,1.0,0.0
19,2330216,1.0,1.0,0.0
19,2330479,1.0,1.0,0.0
19,2330934,1.0,1.0,0.0
19,2334367,1.0,1.0,0.0
19,2334731,1.0,1.0,0.0
19,2336260,1.0,1.0,0.0
19,2336369,1.0,1.0,0.0
19,2336563,1.0,1.0,0.0
19,2339501,1.0,1.0,0.0
19,2339755,1.0,1.0,0.0
19,2340115,1.0,1.0,0.0
19,2342185,1.0,1.0,0.0
19,2342381,1.0,1.0,0.0
19,2343127,1.0,1.0,0.0
19,2344118,1.0,1.0,0.0
19,2344573,1.0,1.0,0.0
19,2345228,1.0,1.0,0.0
19,2345818,1.0,1.0,0.0
19,2345981,1.0,1.0,0.0
19,2346060,1.0,1.0,0.0
19,2346097,1.0,1.0,0.0
19,2346664,1.0,1.0,0.0
19,2346694,1.0,1.0,0.0
19,2347108,1.0,1.0,0.0
19,2348269,1.0,1.0,0.0
19,2349967,1.0,1.0,0.0
19,2350505,1.0,1.0,0.0
19,2351294,1.0,1.0,0.0
19,2351969,1.0,1.0,0.0
19,2352356,1.0,1.0,0.0
19,2353720,1.0,1.0,0.0
19,2355583,1.0,1.0,0.0
19,2355598,1.0,1.0,0.0
19,2355778,1.0,1.0,0.0
19,2356362,1.0,1.0,0.0
19,2359304,1.0,1.0,0.0
19,2360470,1.0,1.0,0.0
19,2360795,1.0,1.0,0.0
19,2361399,1.0,1.0,0.0
19,2362286,1.0,1.0,0.0
19,2362344,1.0,1.0,0.0
19,2363071,1.0,1.0,0.0
19,2363673,1.0,1.0,0.0
19,2366647,1.0,1.0,0.0
19,2367070,1.0,1.0,0.0
19,2367776,1.0,1.0,0.0
19,2368719,1.0,1.0,0.0
19,2369100,1.0,1.0,0.0
19,2369697,1.0,1.0,0.0
19,2369772,1.0,1.0,0.0
19,2369946,1.0,1.0,0.0
19,2370012,1.0,1.0,0.0
19,2371528,1.0,1.0,0.0
19,2372113,1.0,1.0,0.0
19,2372393,1.0,1.0,0.0
19,2373461,1.0,1.0,0.0
19,2376866,1.0,1.0,0.0
19,2377001,1.0,1.0,0.0
19,2378419,1.0,1.0,0.0
19,2378966,1.0,1.0,0.0
19,2379830,1.0,1.0,0.0
19,2381497,1.0,1.0,0.0
19,2382805,1.0,1.0,0.0
19,2384275,1.0,1.0,0.0
19,2386725,1.0,1.0,0.0
19,2387309,1.0,1.0,0.0
19,2388177,1.0,1.0,0.0
19,2388824,1.0,1.0,0.0
19,2389025,1.0,1.0,0.0
19,2389362,1.0,1.0,0.0
19,2389484,1.0,1.0,0.0
19,2389955,1.0,1.0,0.0
19,2391294,1.0,1.0,0.0
19,2391853,1.0,1.0,0.0
19,2392440,1.0,1.0,0.0
19,2392601,1.0,1.0,0.0
19,2392879,1.0,1.0,0.0
19,2393066,1.0,1.0,0.0
19,2393727,1.0,1.0,0.0
19,2393833,1.0,1.0,0.0
20,2394629,1.0,1.0,0.0
20,2396490,1.0,1.0,0.0
20,2396626,1.0,1.0,0.0
20,2396982,1.0,1.0,0.0
20,2397415,1.0,1.0,0.0
20,2398222,1.0,1.0,0.0
20,2398782,1.0,1.0,0.0
20,2399863,1.0,1.0,0.0
20,2399925,1.0,1.0,0.0
20,2400103,1.0,1.0,0.0
20,2401127,1.0,1.0,0.0
20,2401494,1.0,1.0,0.0
20,2402682,1.0,1.0,0.0
20,2402807,1.0,1.0,0.0
20,2403424,1.0,1.0,0.0
20,2403673,1.0,1.0,0.0
20,2405020,1.0,1.0,0.0
20,2405043,1.0,1.0,0.0
20,2405473,1.0,1.0,0.0
20,2406316,1.0,1.0,0.0
20,2406357,1.0,1.0,0.0
20,2407517,1.0,1.0,0.0
20,2408019,1.0,1.0,0.0
20,2408123,1.0,1.0,0.0
20,2408223,1.0,1.0,0.0
20,2408273,1.0,1.0,0.0
20,2408488,1.0,1.0,0.0
20,2408497,1.0,1.0,0.0
20,2409207,1.0,1.0,0.0
20,2409558,1.0,1.0,0.0
20,2409594,1.0,1.0,0.0
20,2411784,1.0,1.0,0.0
20,2411903,1.0,1.0,0.0
20,2411955,1.0,1.0,0.0
20,2412292,1.0,1.0,0.0
20,2412943,1.0,1.0,0.0
20,2415089,1.0,1.0,0.0
20,2416260,1.0,1.0,0.0
20,2416953,1.0,1.0,0.0
20,2417204,1.0,1.0,0.0
20,2417479,1.0,1.0,0.0
20,2417693,1.0,1.0,0.0
20,2417780,1.0,1.0,0.0
20,2418139,1.0,1.0,0.0
20,2418640,1.0,1.0,0.0
20,2419157,1.0,1.0,0.0
20,2419310,1.0,1.0,0.0
20,2419906,1.0,1.0,0.0
20,2420005,1.0,1.0,0.0
20,2420895,1.0,1.0,0.0
20,2421395,1.0,1.0,0.0
20,2421947,1.0,1.0,0.0
20,2422339,1.0,1.0,0.0
20,2422769,1.0,1.0,0.0
20,2422884,1.0,1.0,0.0
20,2422957,1.0,1.0,0.0
20,2423352,1.0,1.0,0.0
20,2424547,1.0,1.0,0.0
20,2425662,1.0,1.0,0.0
20,2426230,1.0,1.0,0.0
20,2426400,1.0,1.0,0.0
20,2426557,1.0,1.0,0.0
20,2426856,1.0,1.0,0.0
20,2428394,1.0,1.0,0.0
20,2428398,1.0,1.0,0.0
20,2428428,1.0,1.0,0.0
20,2428508,1.0,1.0,0.0
20,2428788,1.0,1.0,0.0
20,2428909,1.0,1.0,0.0
20,2429614,1.0,1.0,0.0
20,2431576,1.0,1.0,0.0
20,2431713,1.0,1.0,0.0
20,2432168,1.0,1.0,0.0
20,2432663,1.0,1.0,0.0
20,2433442,1.0,1.0,0.0
20,2434992,1.0,1.0,0.0
20,2435892,1.0,1.0,0.0
20,2436046,1.0,1.0,0.0
20,2437369,1.0,1.0,0.0
20,2437494,1.0,1.0,0.0
20,2438404,1.0,1.0,0.0
20,2439594,1.0,1.0,0.0
20,2440826,1.0,1.0,0.0
20,2440951,1.0,1.0,0.0
20,2441469,1.0,1.0,0.0
20,2441548,1.0,1.0,0.0
20,2441961,1.0,1.0,0.0
20,2442755,1.0,1.0,0.0
20,2442913,1.0,1.0,0.0
20,2443034,1.0,1.0,0.0
20,2444578,1.0,1.0,0.0
20,2444681,1.0,1.0,0.0
20,2444887,1.0,1.0,0.0
20,2445764,1.0,1.0,0.0
20,2446905,1.0,1.0,0.0
20,2449072,1.0,1.0,0.0
20,2449183,1.0,1.0,0.0
20,2450398,1.0,1.0,0.0
20,2450810,1.0,1.0,0.0
20,2452198,1.0,1.0,0.0
20,2452250,1.0,1.0,0.0
20,2452386,1.0,1.0,0.0
20,2452474,1.0,1.0,0.0
20,2453559,1.0,1.0,0.0
20,2454406,1.0,1.0,0.0
20,2454789,1.0,1.0,0.0
20,2455377,1.0,1.0,0.0
20,2455436,1.0,1.0,0.0
20,2455996,1.0,1.0,0.0
20,2456059,1.0,1.0,0.0
20,2456293,1.0,1.0,0.0
20,2456530,1.0,1.0,0.0
20,2456600,1.0,1.0,0.0
20,2458203,1.0,1.0,0.0
20,2458257,1.0,1.0,0.0
20,2458660,1.0,1.0,0.0
20,2458825,1.0,1.0,0.0
20,2459026,1.0,1.0,0.0
20,2459200,1.0,1.0,0.0
20,2459235,1.0,1.0,0.0
20,2461020,1.0,1.0,0.0
20,2461231,1.0,1.0,0.0
20,2461425,1.0,1.0,0.0
20,2462398,1.0,1.0,0.0
20,2462657,1.0,1.0,0.0
20,2464490,1.0,1.0,0.0
20,2464626,1.0,1.0,0.0
20,2464729,1.0,1.0,0.0
20,2465192,1.0,1.0,0.0
20,2465291,1.0,1.0,0.0
20,2466966,1.0,1.0,0.0
20,2467278,1.0,1.0,0.0
20,2467915,1.0,1.0,0.0
20,2468805,1.0,1.0,0.0
20,2469707,1.0,1.0,0.0
20,2470033,1.0,1.0,0.0
20,2470648,1.0,1.0,0.0
20,2472357,1.0,1.0,0.0
20,2473506,1.0,1.0,0.0
20,2474261,1.0,1.0,0.0
20,2474379,1.0,1.0,0.0
20,2474458,1.0,1.0,0.0
20,2475305,1.0,1.0,0.0
20,2475798,1.0,1.0,0.0
20,2476227,1.0,1.0,0.0
20,2476460,1.0,1.0,0.0
20,2476495,1.0,1.0,0.0
20,2476954,1.0,1.0,0.0
20,2477191,1.0,1.0,0.0
20,2477461,1.0,1.0,0.0
20,2478237,1.0,1.0,0.0
20,2478240,1.0,1.0,0.0
20,2480926,1.0,1.0,0.0
20,2480967,1.0,1.0,0.0
20,2481434,1.0,1.0,0.0
20,2481543,1.0,1.0,0.0
20,2481706,1.0,1.0,0.0
20,2481787,1.0,1.0,0.0
20,2482879,1.0,1.0,0.0
20,2482969,1.0,1.0,0.0
20,2483429,1.0,1.0,0.0
20,2483567,1.0,1.0,0.0
20,2484160,1.0,1.0,0.0
20,2485118,1.0,1.0,0.0
20,2486477,1.0,1.0,0.0
20,2486537,1.0,1.0,0.0
20,2486664,1.0,1.0,0.0
20,2486842,1.0,1.0,0.0
20,2487268,1.0,1.0,0.0
20,2487476,1.0,1.0,0.0
20,2487664,1.0,1.0,0.0
20,2487799,1.0,1.0,0.0
20,2487851,1.0,1.0,0.0
20,2487854,1.0,1.0,0.0
20,2488077,1.0,1.0,0.0
20,2488373,1.0,1.0,0.0
20,2488669,1.0,1.0,0.0
20,2489012,1.0,1.0,0.0
20,2489072,1.0,1.0,0.0
20,2489519,1.0,1.0,0.0
20,2490367,1.0,1.0,0.0
20,2491055,1.0,1.0,0.0
20,2491293,1.0,1.0,0.0
20,2491951,1.0,1.0,0.0
20,2492074,1.0,1.0,0.0
20,2492105,1.0,1.0,0.0
20,2493225,1.0,1.0,0.0
20,2494296,1.0,1.0,0.0
20,2495096,1.0,1.0,0.0
20,2495185,1.0,1.0,0.0
20,2497235,1.0,1.0,0.0
20,2497933,1.0,1.0,0.0
20,2499055,1.0,1.0,0.0
20,2499152,1.0,1.0,0.0
20,2499681,1.0,1.0,0.0
20,2499839,1.0,1.0,0.0
20,2500356,1.0,1.0,0.0
20,2500682,1.0,1.0,0.0
20,2501601,1.0,1.0,0.0
20,2501718,1.0,1.0,0.0
20,2502093,1.0,1.0,0.0
20,2503118,1.0,1.0,0.0
20,2503403,1.0,1.0,0.0
20,2503616,1.0,1.0,0.0
20,2504474,1.0,1.0,0.0
20,2506186,1.0,1.0,0.0
20,2506338,1.0,1.0,0.0
20,2506584,1.0,1.0,0.0
20,2507655,1.0,1.0,0.0
20,2507925,1.0,1.0,0.0
20,2508115,1.0,1.0,0.0
20,2508200,1.0,1.0,0.0
20,2508683,1.0,1.0,0.0
20,2508936,1.0,1.0,0.0
20,2510354,1.0,1.0,0.0
20,2510531,1.0,1.0,0.0
20,2511770,1.0,1.0,0.0
20,2512188,1.0,1.0,0.0
20,2512645,1.0,1.0,0.0
20,2512884,1.0,1.0,0.0
20,2514004,1.0,1.0,0.0
20,2514180,1.0,1.0,0.0
20,2514445,1.0,1.0,0.0
20,2514490,1.0,1.0,0.0
20,2516339,1.0,1.0,0.0
20,2516398,1.0,1.0,0.0
20,2516635,1.0,1.0,0.0
20,2517261,1.0,1.0,0.0
20,2518848,1.0,1.0,0.0
20,2519696,1.0,1.0,0.0
20,2520126,1.0,1.0,0.0
20,2520387,1.0,1.0,0.0
20,2520678,1.0,1.0,0.0
20,2521010,1.0,1.0,0.0
20,2522167,1.0,1.0,0.0
20,2522482,1.0,1.0,0.0
20,2523151,1.0,1.0,0.0
20,2523895,1.0,1.0,0.0
20,2524072,1.0,1.0,0.0
20,2524916,1.0,1.0,0.0
20,2525099,1.0,1.0,0.0
20,2525824,1.0,1.0,0.0
20,2525829,1.0,1.0,0.0
20,2525830,1.0,1.0,0.0
20,2525842,1.0,1.0,0.0
20,2525860,1.0,1.0,0.0
20,2525872,1.0,1.0,0.0
20,2525892,1.0,1.0,0.0
20,2525924,1.0,1.0,0.0
20,2525925,1.0,1.0,0.0
