bucket,query_value,actual_frequency,estimated_frequency,selectivity_error
1,'Debbie's Got Reefer',1.0,1.0,0.0
1,'The Black Swan',1.0,1.0,0.0
1,'Til Death Do Us Part,1.0,1.0,0.0
2,(#1.1),36.0,36.0,0.0
3,(#1.10),11.0,11.0,0.0
4,(#1.100),3.0,1.290909090909091,0.0003166155815285122
4,(#1.10028),1.0,1.290909090909091,5.389201387719359e-05
4,(#1.10376),1.0,1.290909090909091,5.389201387719359e-05
4,(#1.104),1.0,1.290909090909091,5.389201387719359e-05
4,(#1.10412),1.0,1.290909090909091,5.389201387719359e-05
4,(#1.10452),1.0,1.290909090909091,5.389201387719359e-05
4,(#1.105),1.0,1.290909090909091,5.389201387719359e-05
4,(#1.10538),1.0,1.290909090909091,5.389201387719359e-05
4,(#1.1055),1.0,1.290909090909091,5.389201387719359e-05
4,(#1.10592),1.0,1.290909090909091,5.389201387719359e-05
4,(#1.107),2.0,1.290909090909091,0.0001313617838256593
4,(#1.108),1.0,1.290909090909091,5.389201387719359e-05
4,(#1.10828),1.0,1.290909090909091,5.389201387719359e-05
4,(#1.10857),1.0,1.290909090909091,5.389201387719359e-05
4,(#1.109),1.0,1.290909090909091,5.389201387719359e-05
4,(#1.11030),1.0,1.290909090909091,5.389201387719359e-05
4,(#1.11244),1.0,1.290909090909091,5.389201387719359e-05
4,(#1.115),1.0,1.290909090909091,5.389201387719359e-05
4,(#1.119),1.0,1.290909090909091,5.389201387719359e-05
4,(#1.11949),1.0,1.290909090909091,5.389201387719359e-05
4,(#1.12),5.0,1.290909090909091,0.000687123176934218
4,(#1.120),1.0,1.290909090909091,5.389201387719359e-05
4,(#1.121),1.0,1.290909090909091,5.389201387719359e-05
4,(#1.1211),1.0,1.290909090909091,5.389201387719359e-05
4,(#1.1212),1.0,1.290909090909091,5.389201387719359e-05
4,(#1.12185),1.0,1.290909090909091,5.389201387719359e-05
4,(#1.12189),1.0,1.290909090909091,5.389201387719359e-05
4,(#1.1243),1.0,1.290909090909091,5.389201387719359e-05
4,(#1.125),1.0,1.290909090909091,5.389201387719359e-05
4,(#1.1250),1.0,1.290909090909091,5.389201387719359e-05
4,(#1.12584),1.0,1.290909090909091,5.389201387719359e-05
4,(#1.1268),1.0,1.290909090909091,5.389201387719359e-05
4,(#1.12760),1.0,1.290909090909091,5.389201387719359e-05
4,(#1.12916),1.0,1.290909090909091,5.389201387719359e-05
4,(#1.130),1.0,1.290909090909091,5.389201387719359e-05
4,(#1.131),2.0,1.290909090909091,0.0001313617838256593
4,(#1.1328),1.0,1.290909090909091,5.389201387719359e-05
4,(#1.136),1.0,1.290909090909091,5.389201387719359e-05
4,(#1.137),2.0,1.290909090909091,0.0001313617838256593
4,(#1.13712),1.0,1.290909090909091,5.389201387719359e-05
4,(#1.138),3.0,1.290909090909091,0.0003166155815285122
4,(#1.139),1.0,1.290909090909091,5.389201387719359e-05
4,(#1.14),3.0,1.290909090909091,0.0003166155815285122
4,(#1.142),1.0,1.290909090909091,5.389201387719359e-05
4,(#1.1487),1.0,1.290909090909091,5.389201387719359e-05
4,(#1.15),4.0,1.290909090909091,0.0005018693792313651
4,(#1.150),1.0,1.290909090909091,5.389201387719359e-05
4,(#1.15001),1.0,1.290909090909091,5.389201387719359e-05
4,(#1.15095),1.0,1.290909090909091,5.389201387719359e-05
4,(#1.151),1.0,1.290909090909091,5.389201387719359e-05
4,(#1.15137),1.0,1.290909090909091,5.389201387719359e-05
4,(#1.1549),1.0,1.290909090909091,5.389201387719359e-05
4,(#1.155),1.0,1.290909090909091,5.389201387719359e-05
4,(#1.157),1.0,1.290909090909091,5.389201387719359e-05
4,(#1.158),1.0,1.290909090909091,5.389201387719359e-05
5,(#1.16),5.0,5.0,0.0
6,(#1.161),1.0,1.875,0.0001620970729899963
6,(#1.168),1.0,1.875,0.0001620970729899963
6,(#1.17),6.0,1.875,0.0007641719155242683
6,(#1.170),1.0,1.875,0.0001620970729899963
6,(#1.172),1.0,1.875,0.0001620970729899963
6,(#1.176),2.0,1.875,2.3156724712856613e-05
6,(#1.1762),1.0,1.875,0.0001620970729899963
6,(#1.179),1.0,1.875,0.0001620970729899963
6,(#1.18),5.0,1.875,0.0005789181178214154
6,(#1.184),2.0,1.875,2.3156724712856613e-05
6,(#1.188),1.0,1.875,0.0001620970729899963
6,(#1.19),3.0,1.875,0.00020841052241570953
6,(#1.190),1.0,1.875,0.0001620970729899963
6,(#1.193),1.0,1.875,0.0001620970729899963
6,(#1.194),2.0,1.875,2.3156724712856613e-05
6,(#1.199),1.0,1.875,0.0001620970729899963
7,(#1.2),29.0,29.0,0.0
8,(#1.206),1.0,1.53125,9.84160800296406e-05
8,(#1.2074),1.0,1.53125,9.84160800296406e-05
8,(#1.209),2.0,1.53125,8.68377176732123e-05
8,(#1.2098),1.0,1.53125,9.84160800296406e-05
8,(#1.21),4.0,1.53125,0.0004573453130789181
8,(#1.2170),1.0,1.53125,9.84160800296406e-05
8,(#1.2176),1.0,1.53125,9.84160800296406e-05
8,(#1.22),4.0,1.53125,0.0004573453130789181
8,(#1.229),1.0,1.53125,9.84160800296406e-05
8,(#1.23),5.0,1.53125,0.000642599110781771
8,(#1.232),1.0,1.53125,9.84160800296406e-05
8,(#1.2326),1.0,1.53125,9.84160800296406e-05
8,(#1.235),1.0,1.53125,9.84160800296406e-05
8,(#1.2351),1.0,1.53125,9.84160800296406e-05
8,(#1.239),1.0,1.53125,9.84160800296406e-05
8,(#1.24),3.0,1.53125,0.0002720915153760652
8,(#1.2409),1.0,1.53125,9.84160800296406e-05
8,(#1.246),1.0,1.53125,9.84160800296406e-05
8,(#1.25),2.0,1.53125,8.68377176732123e-05
8,(#1.250),1.0,1.53125,9.84160800296406e-05
8,(#1.2563),1.0,1.53125,9.84160800296406e-05
8,(#1.257),1.0,1.53125,9.84160800296406e-05
8,(#1.2698),1.0,1.53125,9.84160800296406e-05
8,(#1.27),2.0,1.53125,8.68377176732123e-05
8,(#1.273),1.0,1.53125,9.84160800296406e-05
8,(#1.2731),1.0,1.53125,9.84160800296406e-05
8,(#1.2774),1.0,1.53125,9.84160800296406e-05
8,(#1.2777),1.0,1.53125,9.84160800296406e-05
8,(#1.283),1.0,1.53125,9.84160800296406e-05
8,(#1.29),3.0,1.53125,0.0002720915153760652
8,(#1.298),1.0,1.53125,9.84160800296406e-05
8,(#1.2984),1.0,1.53125,9.84160800296406e-05
9,(#1.3),24.0,24.0,0.0
10,(#1.30),7.0,7.0,0.0
11,(#1.3026),1.0,1.0909090909090908,1.6841254336622977e-05
11,(#1.3035),1.0,1.0909090909090908,1.6841254336622977e-05
11,(#1.307),1.0,1.0909090909090908,1.6841254336622977e-05
11,(#1.309),1.0,1.0909090909090908,1.6841254336622977e-05
11,(#1.31),2.0,1.0909090909090908,0.00016841254336622994
11,(#1.310),1.0,1.0909090909090908,1.6841254336622977e-05
11,(#1.311),1.0,1.0909090909090908,1.6841254336622977e-05
11,(#1.3114),1.0,1.0909090909090908,1.6841254336622977e-05
11,(#1.3161),1.0,1.0909090909090908,1.6841254336622977e-05
11,(#1.3163),1.0,1.0909090909090908,1.6841254336622977e-05
11,(#1.319),1.0,1.0909090909090908,1.6841254336622977e-05
12,(#1.32),7.0,7.0,0.0
13,(#1.321),1.0,1.5555555555555556,0.00010291877650158495
13,(#1.3245),1.0,1.5555555555555556,0.00010291877650158495
13,(#1.33),4.0,1.5555555555555556,0.0004528426166069738
13,(#1.3305),1.0,1.5555555555555556,0.00010291877650158495
13,(#1.3345),1.0,1.5555555555555556,0.00010291877650158495
13,(#1.3385),1.0,1.5555555555555556,0.00010291877650158495
13,(#1.34),1.0,1.5555555555555556,0.00010291877650158495
13,(#1.3460),1.0,1.5555555555555556,0.00010291877650158495
13,(#1.347),1.0,1.5555555555555556,0.00010291877650158495
13,(#1.35),3.0,1.5555555555555556,0.00026758881890412086
13,(#1.3511),1.0,1.5555555555555556,0.00010291877650158495
13,(#1.352),1.0,1.5555555555555556,0.00010291877650158495
13,(#1.38),3.0,1.5555555555555556,0.00026758881890412086
13,(#1.39),4.0,1.5555555555555556,0.0004528426166069738
13,(#1.3932),1.0,1.5555555555555556,0.00010291877650158495
13,(#1.3940),1.0,1.5555555555555556,0.00010291877650158495
13,(#1.3954),1.0,1.5555555555555556,0.00010291877650158495
13,(#1.3975),1.0,1.5555555555555556,0.00010291877650158495
14,(#1.4),25.0,25.0,0.0
15,(#1.4005),1.0,1.3103448275862069,5.749255790778193e-05
15,(#1.4007),1.0,1.3103448275862069,5.749255790778193e-05
15,(#1.4036),1.0,1.3103448275862069,5.749255790778193e-05
15,(#1.41),3.0,1.3103448275862069,0.0003130150374979239
15,(#1.410),1.0,1.3103448275862069,5.749255790778193e-05
15,(#1.4115),1.0,1.3103448275862069,5.749255790778193e-05
15,(#1.413),1.0,1.3103448275862069,5.749255790778193e-05
15,(#1.42),3.0,1.3103448275862069,0.0003130150374979239
15,(#1.4205),1.0,1.3103448275862069,5.749255790778193e-05
15,(#1.4234),1.0,1.3103448275862069,5.749255790778193e-05
15,(#1.427),1.0,1.3103448275862069,5.749255790778193e-05
15,(#1.43),3.0,1.3103448275862069,0.0003130150374979239
15,(#1.437),1.0,1.3103448275862069,5.749255790778193e-05
15,(#1.438),1.0,1.3103448275862069,5.749255790778193e-05
15,(#1.44),2.0,1.3103448275862069,0.00012776123979507098
15,(#1.444),1.0,1.3103448275862069,5.749255790778193e-05
15,(#1.45),1.0,1.3103448275862069,5.749255790778193e-05
15,(#1.4532),1.0,1.3103448275862069,5.749255790778193e-05
15,(#1.459),1.0,1.3103448275862069,5.749255790778193e-05
15,(#1.47),2.0,1.3103448275862069,0.00012776123979507098
15,(#1.4712),1.0,1.3103448275862069,5.749255790778193e-05
15,(#1.4780),1.0,1.3103448275862069,5.749255790778193e-05
15,(#1.4811),1.0,1.3103448275862069,5.749255790778193e-05
15,(#1.4816),1.0,1.3103448275862069,5.749255790778193e-05
15,(#1.4850),1.0,1.3103448275862069,5.749255790778193e-05
15,(#1.4861),1.0,1.3103448275862069,5.749255790778193e-05
15,(#1.4864),1.0,1.3103448275862069,5.749255790778193e-05
15,(#1.49),2.0,1.3103448275862069,0.00012776123979507098
15,(#1.490),1.0,1.3103448275862069,5.749255790778193e-05
16,(#1.5),28.0,28.0,0.0
17,(#1.50),4.0,1.1851851851851851,0.000521455134274697
17,(#1.5084),1.0,1.1851851851851851,3.430625883386164e-05
17,(#1.5099),1.0,1.1851851851851851,3.430625883386164e-05
17,(#1.51),3.0,1.1851851851851851,0.0003362013365718442
17,(#1.5172),1.0,1.1851851851851851,3.430625883386164e-05
17,(#1.5191),1.0,1.1851851851851851,3.430625883386164e-05
17,(#1.5203),1.0,1.1851851851851851,3.430625883386164e-05
17,(#1.5207),1.0,1.1851851851851851,3.430625883386164e-05
17,(#1.5229),1.0,1.1851851851851851,3.430625883386164e-05
17,(#1.5251),1.0,1.1851851851851851,3.430625883386164e-05
17,(#1.5267),1.0,1.1851851851851851,3.430625883386164e-05
17,(#1.53),1.0,1.1851851851851851,3.430625883386164e-05
17,(#1.5377),1.0,1.1851851851851851,3.430625883386164e-05
17,(#1.5430),1.0,1.1851851851851851,3.430625883386164e-05
17,(#1.5461),1.0,1.1851851851851851,3.430625883386164e-05
17,(#1.5563),1.0,1.1851851851851851,3.430625883386164e-05
17,(#1.566),1.0,1.1851851851851851,3.430625883386164e-05
17,(#1.57),1.0,1.1851851851851851,3.430625883386164e-05
17,(#1.572),1.0,1.1851851851851851,3.430625883386164e-05
17,(#1.5747),1.0,1.1851851851851851,3.430625883386164e-05
17,(#1.5753),1.0,1.1851851851851851,3.430625883386164e-05
17,(#1.5763),1.0,1.1851851851851851,3.430625883386164e-05
17,(#1.5808),1.0,1.1851851851851851,3.430625883386164e-05
17,(#1.582),1.0,1.1851851851851851,3.430625883386164e-05
17,(#1.59),1.0,1.1851851851851851,3.430625883386164e-05
17,(#1.592),1.0,1.1851851851851851,3.430625883386164e-05
17,(#1.598),1.0,1.1851851851851851,3.430625883386164e-05
18,(#1.6),20.0,20.0,0.0
19,(#1.60),3.0,1.3776824034334765,0.0003005404958441133
19,(#1.6006),1.0,1.3776824034334765,6.996709956159253e-05
19,(#1.603),1.0,1.3776824034334765,6.996709956159253e-05
19,(#1.6044),1.0,1.3776824034334765,6.996709956159253e-05
19,(#1.6070),1.0,1.3776824034334765,6.996709956159253e-05
19,(#1.61),3.0,1.3776824034334765,0.0003005404958441133
19,(#1.616),1.0,1.3776824034334765,6.996709956159253e-05
19,(#1.6186),1.0,1.3776824034334765,6.996709956159253e-05
19,(#1.6189),1.0,1.3776824034334765,6.996709956159253e-05
19,(#1.62),1.0,1.3776824034334765,6.996709956159253e-05
19,(#1.6215),1.0,1.3776824034334765,6.996709956159253e-05
19,(#1.6250),1.0,1.3776824034334765,6.996709956159253e-05
19,(#1.6295),1.0,1.3776824034334765,6.996709956159253e-05
19,(#1.6298),1.0,1.3776824034334765,6.996709956159253e-05
19,(#1.6382),1.0,1.3776824034334765,6.996709956159253e-05
19,(#1.6417),1.0,1.3776824034334765,6.996709956159253e-05
19,(#1.644),1.0,1.3776824034334765,6.996709956159253e-05
19,(#1.65),1.0,1.3776824034334765,6.996709956159253e-05
19,(#1.6536),1.0,1.3776824034334765,6.996709956159253e-05
19,(#1.657),1.0,1.3776824034334765,6.996709956159253e-05
19,(#1.660),1.0,1.3776824034334765,6.996709956159253e-05
19,(#1.6760),1.0,1.3776824034334765,6.996709956159253e-05
19,(#1.6815),1.0,1.3776824034334765,6.996709956159253e-05
19,(#1.682),1.0,1.3776824034334765,6.996709956159253e-05
19,(#1.7008),1.0,1.3776824034334765,6.996709956159253e-05
19,(#1.71),2.0,1.3776824034334765,0.00011528669814126037
19,(#1.72),1.0,1.3776824034334765,6.996709956159253e-05
19,(#1.729),1.0,1.3776824034334765,6.996709956159253e-05
19,(#1.73),3.0,1.3776824034334765,0.0003005404958441133
19,(#1.730),1.0,1.3776824034334765,6.996709956159253e-05
19,(#1.74),1.0,1.3776824034334765,6.996709956159253e-05
19,(#1.76),1.0,1.3776824034334765,6.996709956159253e-05
19,(#1.764),1.0,1.3776824034334765,6.996709956159253e-05
19,(#1.77),3.0,1.3776824034334765,0.0003005404958441133
19,(#1.80),2.0,1.3776824034334765,0.00011528669814126037
19,(#1.800),1.0,1.3776824034334765,6.996709956159253e-05
19,(#1.8098),1.0,1.3776824034334765,6.996709956159253e-05
19,(#1.82),1.0,1.3776824034334765,6.996709956159253e-05
19,(#1.8305),1.0,1.3776824034334765,6.996709956159253e-05
19,(#1.8384),1.0,1.3776824034334765,6.996709956159253e-05
19,(#1.841),1.0,1.3776824034334765,6.996709956159253e-05
19,(#1.845),1.0,1.3776824034334765,6.996709956159253e-05
19,(#1.86),1.0,1.3776824034334765,6.996709956159253e-05
19,(#1.87),1.0,1.3776824034334765,6.996709956159253e-05
19,(#1.876),1.0,1.3776824034334765,6.996709956159253e-05
19,(#1.90),1.0,1.3776824034334765,6.996709956159253e-05
19,(#1.91),2.0,1.3776824034334765,0.00011528669814126037
19,(#1.9205),1.0,1.3776824034334765,6.996709956159253e-05
19,(#1.9429),1.0,1.3776824034334765,6.996709956159253e-05
19,(#1.950),1.0,1.3776824034334765,6.996709956159253e-05
19,(#1.9555),1.0,1.3776824034334765,6.996709956159253e-05
19,(#1.9572),1.0,1.3776824034334765,6.996709956159253e-05
19,(#1.97),1.0,1.3776824034334765,6.996709956159253e-05
19,(#1.9863),1.0,1.3776824034334765,6.996709956159253e-05
19,(#1.9889),1.0,1.3776824034334765,6.996709956159253e-05
19,(#1.99),2.0,1.3776824034334765,0.00011528669814126037
19,(#1.9939),1.0,1.3776824034334765,6.996709956159253e-05
19,(#1.9993),1.0,1.3776824034334765,6.996709956159253e-05
19,(#10.12),1.0,1.3776824034334765,6.996709956159253e-05
19,(#10.154),1.0,1.3776824034334765,6.996709956159253e-05
19,(#10.2),1.0,1.3776824034334765,6.996709956159253e-05
19,(#10.21),1.0,1.3776824034334765,6.996709956159253e-05
19,(#10.31),1.0,1.3776824034334765,6.996709956159253e-05
19,(#10.7),1.0,1.3776824034334765,6.996709956159253e-05
19,(#10.8),1.0,1.3776824034334765,6.996709956159253e-05
19,(#11.1),1.0,1.3776824034334765,6.996709956159253e-05
19,(#11.10),1.0,1.3776824034334765,6.996709956159253e-05
19,(#11.2),1.0,1.3776824034334765,6.996709956159253e-05
19,(#11.21),1.0,1.3776824034334765,6.996709956159253e-05
19,(#11.42),1.0,1.3776824034334765,6.996709956159253e-05
19,(#11.69),1.0,1.3776824034334765,6.996709956159253e-05
19,(#11.96),1.0,1.3776824034334765,6.996709956159253e-05
19,(#12.11),1.0,1.3776824034334765,6.996709956159253e-05
19,(#12.151),1.0,1.3776824034334765,6.996709956159253e-05
19,(#12.20),1.0,1.3776824034334765,6.996709956159253e-05
19,(#12.218),1.0,1.3776824034334765,6.996709956159253e-05
19,(#12.37),1.0,1.3776824034334765,6.996709956159253e-05
19,(#13.2),1.0,1.3776824034334765,6.996709956159253e-05
19,(#13.21),1.0,1.3776824034334765,6.996709956159253e-05
19,(#13.38),1.0,1.3776824034334765,6.996709956159253e-05
19,(#13.4),1.0,1.3776824034334765,6.996709956159253e-05
19,(#13.53),1.0,1.3776824034334765,6.996709956159253e-05
19,(#13.61),1.0,1.3776824034334765,6.996709956159253e-05
19,(#14.18),2.0,1.3776824034334765,0.00011528669814126037
19,(#14.181),2.0,1.3776824034334765,0.00011528669814126037
19,(#14.2),1.0,1.3776824034334765,6.996709956159253e-05
19,(#14.208),1.0,1.3776824034334765,6.996709956159253e-05
19,(#14.27),1.0,1.3776824034334765,6.996709956159253e-05
19,(#14.28),1.0,1.3776824034334765,6.996709956159253e-05
19,(#14.6),1.0,1.3776824034334765,6.996709956159253e-05
19,(#14.73),1.0,1.3776824034334765,6.996709956159253e-05
19,(#15.122),1.0,1.3776824034334765,6.996709956159253e-05
19,(#15.39),1.0,1.3776824034334765,6.996709956159253e-05
19,(#15.56),1.0,1.3776824034334765,6.996709956159253e-05
19,(#15.6),2.0,1.3776824034334765,0.00011528669814126037
19,(#15.7),1.0,1.3776824034334765,6.996709956159253e-05
19,(#15.74),1.0,1.3776824034334765,6.996709956159253e-05
19,(#16.148),1.0,1.3776824034334765,6.996709956159253e-05
19,(#16.2),1.0,1.3776824034334765,6.996709956159253e-05
19,(#16.27),1.0,1.3776824034334765,6.996709956159253e-05
19,(#16.46),1.0,1.3776824034334765,6.996709956159253e-05
19,(#16.51),1.0,1.3776824034334765,6.996709956159253e-05
19,(#17.17),1.0,1.3776824034334765,6.996709956159253e-05
19,(#17.37),1.0,1.3776824034334765,6.996709956159253e-05
19,(#17.8),1.0,1.3776824034334765,6.996709956159253e-05
19,(#18.10),1.0,1.3776824034334765,6.996709956159253e-05
19,(#18.100),1.0,1.3776824034334765,6.996709956159253e-05
19,(#18.34),1.0,1.3776824034334765,6.996709956159253e-05
19,(#19.154),1.0,1.3776824034334765,6.996709956159253e-05
19,(#19.35),1.0,1.3776824034334765,6.996709956159253e-05
19,(#2.10),5.0,1.3776824034334765,0.000671048091249819
19,(#2.11),3.0,1.3776824034334765,0.0003005404958441133
19,(#2.111),1.0,1.3776824034334765,6.996709956159253e-05
19,(#2.12),3.0,1.3776824034334765,0.0003005404958441133
19,(#2.13),3.0,1.3776824034334765,0.0003005404958441133
19,(#2.132),1.0,1.3776824034334765,6.996709956159253e-05
19,(#2.15),1.0,1.3776824034334765,6.996709956159253e-05
19,(#2.16),2.0,1.3776824034334765,0.00011528669814126037
19,(#2.168),1.0,1.3776824034334765,6.996709956159253e-05
19,(#2.176),1.0,1.3776824034334765,6.996709956159253e-05
19,(#2.18),1.0,1.3776824034334765,6.996709956159253e-05
19,(#2.185),1.0,1.3776824034334765,6.996709956159253e-05
19,(#2.193),1.0,1.3776824034334765,6.996709956159253e-05
19,(#2.199),1.0,1.3776824034334765,6.996709956159253e-05
19,(#2.2),3.0,1.3776824034334765,0.0003005404958441133
19,(#2.20),2.0,1.3776824034334765,0.00011528669814126037
19,(#2.208),1.0,1.3776824034334765,6.996709956159253e-05
19,(#2.22),1.0,1.3776824034334765,6.996709956159253e-05
19,(#2.220),1.0,1.3776824034334765,6.996709956159253e-05
19,(#2.24),1.0,1.3776824034334765,6.996709956159253e-05
19,(#2.26),1.0,1.3776824034334765,6.996709956159253e-05
19,(#2.27),2.0,1.3776824034334765,0.00011528669814126037
19,(#2.29),2.0,1.3776824034334765,0.00011528669814126037
19,(#2.30),1.0,1.3776824034334765,6.996709956159253e-05
19,(#2.31),1.0,1.3776824034334765,6.996709956159253e-05
19,(#2.33),1.0,1.3776824034334765,6.996709956159253e-05
19,(#2.34),1.0,1.3776824034334765,6.996709956159253e-05
19,(#2.36),2.0,1.3776824034334765,0.00011528669814126037
19,(#2.39),1.0,1.3776824034334765,6.996709956159253e-05
19,(#2.40),2.0,1.3776824034334765,0.00011528669814126037
19,(#2.41),1.0,1.3776824034334765,6.996709956159253e-05
19,(#2.45),1.0,1.3776824034334765,6.996709956159253e-05
19,(#2.49),1.0,1.3776824034334765,6.996709956159253e-05
19,(#2.5),9.0,1.3776824034334765,0.0014120632820612306
19,(#2.50),1.0,1.3776824034334765,6.996709956159253e-05
19,(#2.64),1.0,1.3776824034334765,6.996709956159253e-05
19,(#2.66),2.0,1.3776824034334765,0.00011528669814126037
19,(#2.7),3.0,1.3776824034334765,0.0003005404958441133
19,(#2.71),1.0,1.3776824034334765,6.996709956159253e-05
19,(#2.8),6.0,1.3776824034334765,0.000856301888952672
19,(#2.9),5.0,1.3776824034334765,0.000671048091249819
19,(#2.90),1.0,1.3776824034334765,6.996709956159253e-05
19,(#20.4),1.0,1.3776824034334765,6.996709956159253e-05
19,(#20.76),1.0,1.3776824034334765,6.996709956159253e-05
19,(#20.8),1.0,1.3776824034334765,6.996709956159253e-05
19,(#20.9),1.0,1.3776824034334765,6.996709956159253e-05
19,(#21.21),1.0,1.3776824034334765,6.996709956159253e-05
19,(#21.22),1.0,1.3776824034334765,6.996709956159253e-05
19,(#21.24),1.0,1.3776824034334765,6.996709956159253e-05
19,(#21.25),1.0,1.3776824034334765,6.996709956159253e-05
19,(#21.84),1.0,1.3776824034334765,6.996709956159253e-05
19,(#22.13),1.0,1.3776824034334765,6.996709956159253e-05
19,(#22.161),1.0,1.3776824034334765,6.996709956159253e-05
19,(#22.171),1.0,1.3776824034334765,6.996709956159253e-05
19,(#23.22),1.0,1.3776824034334765,6.996709956159253e-05
19,(#23.44),1.0,1.3776824034334765,6.996709956159253e-05
19,(#26.3),1.0,1.3776824034334765,6.996709956159253e-05
19,(#26.4),1.0,1.3776824034334765,6.996709956159253e-05
19,(#27.116),1.0,1.3776824034334765,6.996709956159253e-05
19,(#27.2),1.0,1.3776824034334765,6.996709956159253e-05
19,(#28.134),1.0,1.3776824034334765,6.996709956159253e-05
19,(#29.20),1.0,1.3776824034334765,6.996709956159253e-05
19,(#3.11),4.0,1.3776824034334765,0.0004857942935469662
19,(#3.113),1.0,1.3776824034334765,6.996709956159253e-05
19,(#3.12),1.0,1.3776824034334765,6.996709956159253e-05
19,(#3.15),1.0,1.3776824034334765,6.996709956159253e-05
19,(#3.17),2.0,1.3776824034334765,0.00011528669814126037
19,(#3.187),1.0,1.3776824034334765,6.996709956159253e-05
19,(#3.2),5.0,1.3776824034334765,0.000671048091249819
19,(#3.21),1.0,1.3776824034334765,6.996709956159253e-05
19,(#3.210),1.0,1.3776824034334765,6.996709956159253e-05
19,(#3.24),2.0,1.3776824034334765,0.00011528669814126037
19,(#3.25),1.0,1.3776824034334765,6.996709956159253e-05
19,(#3.26),1.0,1.3776824034334765,6.996709956159253e-05
19,(#3.3),4.0,1.3776824034334765,0.0004857942935469662
19,(#3.30),1.0,1.3776824034334765,6.996709956159253e-05
19,(#3.32),1.0,1.3776824034334765,6.996709956159253e-05
19,(#3.33),1.0,1.3776824034334765,6.996709956159253e-05
19,(#3.38),1.0,1.3776824034334765,6.996709956159253e-05
19,(#3.45),1.0,1.3776824034334765,6.996709956159253e-05
19,(#3.46),1.0,1.3776824034334765,6.996709956159253e-05
19,(#3.49),1.0,1.3776824034334765,6.996709956159253e-05
19,(#3.7),1.0,1.3776824034334765,6.996709956159253e-05
19,(#3.72),1.0,1.3776824034334765,6.996709956159253e-05
19,(#3.8),2.0,1.3776824034334765,0.00011528669814126037
19,(#3.9),3.0,1.3776824034334765,0.0003005404958441133
19,(#31.172),1.0,1.3776824034334765,6.996709956159253e-05
19,(#32.18),1.0,1.3776824034334765,6.996709956159253e-05
19,(#32.3),1.0,1.3776824034334765,6.996709956159253e-05
19,(#34.7),1.0,1.3776824034334765,6.996709956159253e-05
19,(#34.86),1.0,1.3776824034334765,6.996709956159253e-05
19,(#36.19),1.0,1.3776824034334765,6.996709956159253e-05
19,(#37.83),1.0,1.3776824034334765,6.996709956159253e-05
19,(#4.1),3.0,1.3776824034334765,0.0003005404958441133
19,(#4.10),1.0,1.3776824034334765,6.996709956159253e-05
19,(#4.11),1.0,1.3776824034334765,6.996709956159253e-05
19,(#4.13),3.0,1.3776824034334765,0.0003005404958441133
19,(#4.130),1.0,1.3776824034334765,6.996709956159253e-05
19,(#4.146),1.0,1.3776824034334765,6.996709956159253e-05
19,(#4.154),1.0,1.3776824034334765,6.996709956159253e-05
19,(#4.169),1.0,1.3776824034334765,6.996709956159253e-05
19,(#4.170),2.0,1.3776824034334765,0.00011528669814126037
19,(#4.178),1.0,1.3776824034334765,6.996709956159253e-05
19,(#4.21),1.0,1.3776824034334765,6.996709956159253e-05
19,(#4.219),1.0,1.3776824034334765,6.996709956159253e-05
19,(#4.22),1.0,1.3776824034334765,6.996709956159253e-05
19,(#4.23),2.0,1.3776824034334765,0.00011528669814126037
19,(#4.24),2.0,1.3776824034334765,0.00011528669814126037
19,(#4.26),1.0,1.3776824034334765,6.996709956159253e-05
19,(#4.28),2.0,1.3776824034334765,0.00011528669814126037
19,(#4.31),2.0,1.3776824034334765,0.00011528669814126037
19,(#4.5),2.0,1.3776824034334765,0.00011528669814126037
19,(#4.51),1.0,1.3776824034334765,6.996709956159253e-05
19,(#4.6),3.0,1.3776824034334765,0.0003005404958441133
19,(#4.7),4.0,1.3776824034334765,0.0004857942935469662
19,(#4.8),2.0,1.3776824034334765,0.00011528669814126037
19,(#4.83),1.0,1.3776824034334765,6.996709956159253e-05
19,(#4.86),1.0,1.3776824034334765,6.996709956159253e-05
19,(#4.9),3.0,1.3776824034334765,0.0003005404958441133
19,(#41.17),1.0,1.3776824034334765,6.996709956159253e-05
19,(#42.1),1.0,1.3776824034334765,6.996709956159253e-05
19,(#5.1),2.0,1.3776824034334765,0.00011528669814126037
19,(#5.10),2.0,1.3776824034334765,0.00011528669814126037
20,(#5.14),1.0,1.012264564169952,2.272057089653931e-06
20,(#5.15),1.0,1.012264564169952,2.272057089653931e-06
20,(#5.16),1.0,1.012264564169952,2.272057089653931e-06
20,(#5.17),1.0,1.012264564169952,2.272057089653931e-06
20,(#5.175),1.0,1.012264564169952,2.272057089653931e-06
20,(#5.18),1.0,1.012264564169952,2.272057089653931e-06
20,(#5.2),1.0,1.012264564169952,2.272057089653931e-06
20,(#5.24),1.0,1.012264564169952,2.272057089653931e-06
20,(#5.261),1.0,1.012264564169952,2.272057089653931e-06
20,(#5.36),1.0,1.012264564169952,2.272057089653931e-06
20,(#5.45),1.0,1.012264564169952,2.272057089653931e-06
20,(#5.49),1.0,1.012264564169952,2.272057089653931e-06
20,(#5.6),2.0,1.012264564169952,0.00018298174061319897
20,(#5.64),1.0,1.012264564169952,2.272057089653931e-06
20,(#5.7),1.0,1.012264564169952,2.272057089653931e-06
20,(#5.77),1.0,1.012264564169952,2.272057089653931e-06
20,(#5.88),1.0,1.012264564169952,2.272057089653931e-06
20,(#5.9),1.0,1.012264564169952,2.272057089653931e-06
20,(#50.107),1.0,1.012264564169952,2.272057089653931e-06
20,(#53.12),1.0,1.012264564169952,2.272057089653931e-06
20,(#6.107),1.0,1.012264564169952,2.272057089653931e-06
20,(#6.11),1.0,1.012264564169952,2.272057089653931e-06
20,(#6.110),1.0,1.012264564169952,2.272057089653931e-06
20,(#6.14),1.0,1.012264564169952,2.272057089653931e-06
20,(#6.154),1.0,1.012264564169952,2.272057089653931e-06
20,(#6.21),1.0,1.012264564169952,2.272057089653931e-06
20,(#6.3),2.0,1.012264564169952,0.00018298174061319897
20,(#6.35),1.0,1.012264564169952,2.272057089653931e-06
20,(#6.6),3.0,1.012264564169952,0.0003682355383160519
20,(#7.112),1.0,1.012264564169952,2.272057089653931e-06
20,(#7.14),2.0,1.012264564169952,0.00018298174061319897
20,(#7.168),1.0,1.012264564169952,2.272057089653931e-06
20,(#7.173),1.0,1.012264564169952,2.272057089653931e-06
20,(#7.19),2.0,1.012264564169952,0.00018298174061319897
20,(#7.20),1.0,1.012264564169952,2.272057089653931e-06
20,(#7.23),1.0,1.012264564169952,2.272057089653931e-06
20,(#7.25),1.0,1.012264564169952,2.272057089653931e-06
20,(#7.255),1.0,1.012264564169952,2.272057089653931e-06
20,(#7.37),1.0,1.012264564169952,2.272057089653931e-06
20,(#7.4),1.0,1.012264564169952,2.272057089653931e-06
20,(#7.41),1.0,1.012264564169952,2.272057089653931e-06
20,(#7.53),1.0,1.012264564169952,2.272057089653931e-06
20,(#7.78),1.0,1.012264564169952,2.272057089653931e-06
20,(#8.149),1.0,1.012264564169952,2.272057089653931e-06
20,(#8.23),1.0,1.012264564169952,2.272057089653931e-06
20,(#8.284),1.0,1.012264564169952,2.272057089653931e-06
20,(#8.3),1.0,1.012264564169952,2.272057089653931e-06
20,(#8.5),1.0,1.012264564169952,2.272057089653931e-06
20,(#8.59),1.0,1.012264564169952,2.272057089653931e-06
20,(#8.80),1.0,1.012264564169952,2.272057089653931e-06
20,(#8.98),1.0,1.012264564169952,2.272057089653931e-06
20,(#9.103),1.0,1.012264564169952,2.272057089653931e-06
20,(#9.113),1.0,1.012264564169952,2.272057089653931e-06
20,(#9.226),1.0,1.012264564169952,2.272057089653931e-06
20,(#9.3),1.0,1.012264564169952,2.272057089653931e-06
20,(#9.69),1.0,1.012264564169952,2.272057089653931e-06
20,(#9.75),1.0,1.012264564169952,2.272057089653931e-06
20,(#9.8),3.0,1.012264564169952,0.0003682355383160519
20,(1947-11-10),1.0,1.012264564169952,2.272057089653931e-06
20,(1948-03-24),1.0,1.012264564169952,2.272057089653931e-06
20,(1949-09-23),1.0,1.012264564169952,2.272057089653931e-06
20,(1951-03-21),1.0,1.012264564169952,2.272057089653931e-06
20,(1951-10-20),1.0,1.012264564169952,2.272057089653931e-06
20,(1954-02-07),1.0,1.012264564169952,2.272057089653931e-06
20,(1954-11-23),1.0,1.012264564169952,2.272057089653931e-06
20,(1955-04-11),1.0,1.012264564169952,2.272057089653931e-06
20,(1956-10-07),1.0,1.012264564169952,2.272057089653931e-06
20,(1956-10-27),1.0,1.012264564169952,2.272057089653931e-06
20,(1957-03-18),1.0,1.012264564169952,2.272057089653931e-06
20,(1958-05-08),1.0,1.012264564169952,2.272057089653931e-06
20,(1958-07-27),1.0,1.012264564169952,2.272057089653931e-06
20,(1959-05-27),1.0,1.012264564169952,2.272057089653931e-06
20,(1959-11-02),1.0,1.012264564169952,2.272057089653931e-06
20,(1960-10-03),1.0,1.012264564169952,2.272057089653931e-06
20,(1962-04-09),1.0,1.012264564169952,2.272057089653931e-06
20,(1962-09-20),1.0,1.012264564169952,2.272057089653931e-06
20,(1964-09-28),1.0,1.012264564169952,2.272057089653931e-06
20,(1965-06-28),1.0,1.012264564169952,2.272057089653931e-06
20,(1965-09-08),1.0,1.012264564169952,2.272057089653931e-06
20,(1965-10-28),1.0,1.012264564169952,2.272057089653931e-06
20,(1966-05-11),1.0,1.012264564169952,2.272057089653931e-06
20,(1966-10-24),1.0,1.012264564169952,2.272057089653931e-06
20,(1966-12-15),1.0,1.012264564169952,2.272057089653931e-06
20,(1967-07-09),1.0,1.012264564169952,2.272057089653931e-06
20,(1967-09-23),1.0,1.012264564169952,2.272057089653931e-06
20,(1967-10-18),1.0,1.012264564169952,2.272057089653931e-06
20,(1967-11-17),1.0,1.012264564169952,2.272057089653931e-06
20,(1968-02-16),1.0,1.012264564169952,2.272057089653931e-06
20,(1969-02-05),1.0,1.012264564169952,2.272057089653931e-06
20,(1969-03-03),1.0,1.012264564169952,2.272057089653931e-06
20,(1969-03-22),1.0,1.012264564169952,2.272057089653931e-06
20,(1970-02-09),1.0,1.012264564169952,2.272057089653931e-06
20,(1970-02-13),1.0,1.012264564169952,2.272057089653931e-06
20,(1970-05-08),1.0,1.012264564169952,2.272057089653931e-06
20,(1970-05-12),1.0,1.012264564169952,2.272057089653931e-06
20,(1970-08-19),1.0,1.012264564169952,2.272057089653931e-06
20,(1970-11-06),1.0,1.012264564169952,2.272057089653931e-06
20,(1970-12-06),1.0,1.012264564169952,2.272057089653931e-06
20,(1971-01-30),1.0,1.012264564169952,2.272057089653931e-06
20,(1971-07-08),1.0,1.012264564169952,2.272057089653931e-06
20,(1971-07-30),1.0,1.012264564169952,2.272057089653931e-06
20,(1971-08-10),1.0,1.012264564169952,2.272057089653931e-06
20,(1971-09-28),2.0,1.012264564169952,0.00018298174061319897
20,(1972-06-26),1.0,1.012264564169952,2.272057089653931e-06
20,(1972-10-21),1.0,1.012264564169952,2.272057089653931e-06
20,(1972-11-18),1.0,1.012264564169952,2.272057089653931e-06
20,(1973-01-16),1.0,1.012264564169952,2.272057089653931e-06
20,(1973-01-24),1.0,1.012264564169952,2.272057089653931e-06
20,(1973-01-28),1.0,1.012264564169952,2.272057089653931e-06
20,(1973-02-21),1.0,1.012264564169952,2.272057089653931e-06
20,(1973-09-03),1.0,1.012264564169952,2.272057089653931e-06
20,(1974-01-03),1.0,1.012264564169952,2.272057089653931e-06
20,(1974-06-12),1.0,1.012264564169952,2.272057089653931e-06
20,(1974-12-10),1.0,1.012264564169952,2.272057089653931e-06
20,(1975-03-03),1.0,1.012264564169952,2.272057089653931e-06
20,(1975-03-04),1.0,1.012264564169952,2.272057089653931e-06
20,(1975-08-25),1.0,1.012264564169952,2.272057089653931e-06
20,(1975-11-12),1.0,1.012264564169952,2.272057089653931e-06
20,(1976-02-19),1.0,1.012264564169952,2.272057089653931e-06
20,(1976-06-13),1.0,1.012264564169952,2.272057089653931e-06
20,(1976-09-17),1.0,1.012264564169952,2.272057089653931e-06
20,(1976-10-28),1.0,1.012264564169952,2.272057089653931e-06
20,(1976-11-24),1.0,1.012264564169952,2.272057089653931e-06
20,(1977-03-16),1.0,1.012264564169952,2.272057089653931e-06
20,(1977-08-24),1.0,1.012264564169952,2.272057089653931e-06
20,(1977-09-15),1.0,1.012264564169952,2.272057089653931e-06
20,(1977-10-04),1.0,1.012264564169952,2.272057089653931e-06
20,(1977-10-21),1.0,1.012264564169952,2.272057089653931e-06
20,(1977-11-26),1.0,1.012264564169952,2.272057089653931e-06
20,(1978-03-08),1.0,1.012264564169952,2.272057089653931e-06
20,(1978-05-17),1.0,1.012264564169952,2.272057089653931e-06
20,(1979-01-26),1.0,1.012264564169952,2.272057089653931e-06
20,(1979-02-08),1.0,1.012264564169952,2.272057089653931e-06
20,(1979-10-30),1.0,1.012264564169952,2.272057089653931e-06
20,(1980-01-17),1.0,1.012264564169952,2.272057089653931e-06
20,(1980-01-30),1.0,1.012264564169952,2.272057089653931e-06
20,(1980-06-13),1.0,1.012264564169952,2.272057089653931e-06
20,(1980-06-18),1.0,1.012264564169952,2.272057089653931e-06
20,(1983-04-19),1.0,1.012264564169952,2.272057089653931e-06
20,(1983-11-04),1.0,1.012264564169952,2.272057089653931e-06
20,(1983-12-10),1.0,1.012264564169952,2.272057089653931e-06
20,(1983-12-28),1.0,1.012264564169952,2.272057089653931e-06
20,(1984-05-05),1.0,1.012264564169952,2.272057089653931e-06
20,(1984-10-16),1.0,1.012264564169952,2.272057089653931e-06
20,(1986-01-31),1.0,1.012264564169952,2.272057089653931e-06
20,(1986-04-18),1.0,1.012264564169952,2.272057089653931e-06
20,(1987-01-02),1.0,1.012264564169952,2.272057089653931e-06
20,(1987-02-05),1.0,1.012264564169952,2.272057089653931e-06
20,(1987-02-10),1.0,1.012264564169952,2.272057089653931e-06
20,(1987-05-22),1.0,1.012264564169952,2.272057089653931e-06
20,(1987-10-28),1.0,1.012264564169952,2.272057089653931e-06
20,(1987-11-13),1.0,1.012264564169952,2.272057089653931e-06
20,(1988-10-21),1.0,1.012264564169952,2.272057089653931e-06
20,(1989-01-01),1.0,1.012264564169952,2.272057089653931e-06
20,(1989-05-01),1.0,1.012264564169952,2.272057089653931e-06
20,(1989-06-09),1.0,1.012264564169952,2.272057089653931e-06
20,(1989-06-17),1.0,1.012264564169952,2.272057089653931e-06
20,(1989-07-22),1.0,1.012264564169952,2.272057089653931e-06
20,(1989-10-26),1.0,1.012264564169952,2.272057089653931e-06
20,(1990-02-08),1.0,1.012264564169952,2.272057089653931e-06
20,(1990-05-06),1.0,1.012264564169952,2.272057089653931e-06
20,(1990-05-09),1.0,1.012264564169952,2.272057089653931e-06
20,(1990-05-15),1.0,1.012264564169952,2.272057089653931e-06
20,(1990-06-10),1.0,1.012264564169952,2.272057089653931e-06
20,(1990-07-04),1.0,1.012264564169952,2.272057089653931e-06
20,(1990-08-04),1.0,1.012264564169952,2.272057089653931e-06
20,(1990-09-11),1.0,1.012264564169952,2.272057089653931e-06
20,(1990-09-25),1.0,1.012264564169952,2.272057089653931e-06
20,(1990-11-20),1.0,1.012264564169952,2.272057089653931e-06
20,(1990-11-21),1.0,1.012264564169952,2.272057089653931e-06
20,(1990-11-28),1.0,1.012264564169952,2.272057089653931e-06
20,(1990-12-19),1.0,1.012264564169952,2.272057089653931e-06
20,(1991-02-05),1.0,1.012264564169952,2.272057089653931e-06
20,(1991-03-16),1.0,1.012264564169952,2.272057089653931e-06
20,(1991-07-09),1.0,1.012264564169952,2.272057089653931e-06
20,(1991-07-27),1.0,1.012264564169952,2.272057089653931e-06
20,(1991-09-23),1.0,1.012264564169952,2.272057089653931e-06
20,(1991-11-02),1.0,1.012264564169952,2.272057089653931e-06
20,(1991-11-16),1.0,1.012264564169952,2.272057089653931e-06
20,(1992-02-02),1.0,1.012264564169952,2.272057089653931e-06
20,(1992-03-12),1.0,1.012264564169952,2.272057089653931e-06
20,(1992-07-21),1.0,1.012264564169952,2.272057089653931e-06
20,(1993-03-19),1.0,1.012264564169952,2.272057089653931e-06
20,(1993-06-07),1.0,1.012264564169952,2.272057089653931e-06
20,(1993-09-13),1.0,1.012264564169952,2.272057089653931e-06
20,(1993-09-30),1.0,1.012264564169952,2.272057089653931e-06
20,(1993-12-17),1.0,1.012264564169952,2.272057089653931e-06
20,(1993-12-19),1.0,1.012264564169952,2.272057089653931e-06
20,(1994-02-17),1.0,1.012264564169952,2.272057089653931e-06
20,(1994-03-06),1.0,1.012264564169952,2.272057089653931e-06
20,(1994-07-22),1.0,1.012264564169952,2.272057089653931e-06
20,(1994-08-01),1.0,1.012264564169952,2.272057089653931e-06
20,(1994-12-22),1.0,1.012264564169952,2.272057089653931e-06
20,(1995-01-13),1.0,1.012264564169952,2.272057089653931e-06
20,(1995-01-28),1.0,1.012264564169952,2.272057089653931e-06
20,(1995-02-03),2.0,1.012264564169952,0.00018298174061319897
20,(1995-02-15),1.0,1.012264564169952,2.272057089653931e-06
20,(1995-02-16),1.0,1.012264564169952,2.272057089653931e-06
20,(1995-03-03),1.0,1.012264564169952,2.272057089653931e-06
20,(1995-04-07),1.0,1.012264564169952,2.272057089653931e-06
20,(1995-05-21),1.0,1.012264564169952,2.272057089653931e-06
20,(1995-05-28),1.0,1.012264564169952,2.272057089653931e-06
20,(1995-06-01),1.0,1.012264564169952,2.272057089653931e-06
20,(1995-06-13),1.0,1.012264564169952,2.272057089653931e-06
20,(1995-06-26),1.0,1.012264564169952,2.272057089653931e-06
20,(1995-07-19),1.0,1.012264564169952,2.272057089653931e-06
20,(1995-08-10),1.0,1.012264564169952,2.272057089653931e-06
20,(1995-08-19),1.0,1.012264564169952,2.272057089653931e-06
20,(1995-08-23),1.0,1.012264564169952,2.272057089653931e-06
20,(1995-08-26),1.0,1.012264564169952,2.272057089653931e-06
20,(1995-10-03),1.0,1.012264564169952,2.272057089653931e-06
20,(1995-10-18),1.0,1.012264564169952,2.272057089653931e-06
20,(1995-10-25),1.0,1.012264564169952,2.272057089653931e-06
20,(1995-11-09),1.0,1.012264564169952,2.272057089653931e-06
20,(1995-12-01),1.0,1.012264564169952,2.272057089653931e-06
20,(1995-12-12),1.0,1.012264564169952,2.272057089653931e-06
20,(1996-01-13),1.0,1.012264564169952,2.272057089653931e-06
20,(1996-01-28),1.0,1.012264564169952,2.272057089653931e-06
20,(1996-02-26),1.0,1.012264564169952,2.272057089653931e-06
20,(1996-05-08),1.0,1.012264564169952,2.272057089653931e-06
20,(1996-05-12),1.0,1.012264564169952,2.272057089653931e-06
20,(1996-05-17),1.0,1.012264564169952,2.272057089653931e-06
20,(1996-05-22),1.0,1.012264564169952,2.272057089653931e-06
20,(1996-07-01),1.0,1.012264564169952,2.272057089653931e-06
20,(1996-07-05),1.0,1.012264564169952,2.272057089653931e-06
20,(1996-08-27),1.0,1.012264564169952,2.272057089653931e-06
20,(1996-10-07),1.0,1.012264564169952,2.272057089653931e-06
20,(1997-03-10),1.0,1.012264564169952,2.272057089653931e-06
20,(1997-03-17),1.0,1.012264564169952,2.272057089653931e-06
20,(1997-05-08),1.0,1.012264564169952,2.272057089653931e-06
20,(1997-05-26),1.0,1.012264564169952,2.272057089653931e-06
20,(1997-07-15),1.0,1.012264564169952,2.272057089653931e-06
20,(1997-08-14),1.0,1.012264564169952,2.272057089653931e-06
20,(1997-09-14),1.0,1.012264564169952,2.272057089653931e-06
20,(1997-10-18),1.0,1.012264564169952,2.272057089653931e-06
20,(1997-11-10),1.0,1.012264564169952,2.272057089653931e-06
20,(1997-11-26),1.0,1.012264564169952,2.272057089653931e-06
20,(1997-12-04),1.0,1.012264564169952,2.272057089653931e-06
20,(1997-12-22),1.0,1.012264564169952,2.272057089653931e-06
20,(1998-01-10),1.0,1.012264564169952,2.272057089653931e-06
20,(1998-03-05),1.0,1.012264564169952,2.272057089653931e-06
20,(1998-03-09),1.0,1.012264564169952,2.272057089653931e-06
20,(1998-04-02),1.0,1.012264564169952,2.272057089653931e-06
20,(1998-05-22),1.0,1.012264564169952,2.272057089653931e-06
20,(1998-05-25),1.0,1.012264564169952,2.272057089653931e-06
20,(1998-06-22),2.0,1.012264564169952,0.00018298174061319897
20,(1998-06-26),1.0,1.012264564169952,2.272057089653931e-06
20,(1998-07-28),1.0,1.012264564169952,2.272057089653931e-06
20,(1998-08-18),1.0,1.012264564169952,2.272057089653931e-06
20,(1998-09-09),1.0,1.012264564169952,2.272057089653931e-06
20,(1998-09-14),1.0,1.012264564169952,2.272057089653931e-06
20,(1998-09-23),1.0,1.012264564169952,2.272057089653931e-06
20,(1998-09-30),1.0,1.012264564169952,2.272057089653931e-06
20,(1998-10-11),1.0,1.012264564169952,2.272057089653931e-06
20,(1998-10-13),1.0,1.012264564169952,2.272057089653931e-06
20,(1998-10-30),1.0,1.012264564169952,2.272057089653931e-06
20,(1998-11-07),1.0,1.012264564169952,2.272057089653931e-06
20,(1998-12-15),1.0,1.012264564169952,2.272057089653931e-06
20,(1998-12-24),1.0,1.012264564169952,2.272057089653931e-06
20,(1998-12-25),1.0,1.012264564169952,2.272057089653931e-06
20,(1999-01-13),1.0,1.012264564169952,2.272057089653931e-06
20,(1999-03-04),1.0,1.012264564169952,2.272057089653931e-06
20,(1999-03-21),1.0,1.012264564169952,2.272057089653931e-06
20,(1999-04-05),1.0,1.012264564169952,2.272057089653931e-06
20,(1999-04-28),1.0,1.012264564169952,2.272057089653931e-06
20,(1999-05-12),1.0,1.012264564169952,2.272057089653931e-06
20,(1999-06-05),1.0,1.012264564169952,2.272057089653931e-06
20,(1999-06-11),1.0,1.012264564169952,2.272057089653931e-06
20,(1999-06-14),1.0,1.012264564169952,2.272057089653931e-06
20,(1999-07-25),1.0,1.012264564169952,2.272057089653931e-06
20,(1999-08-09),1.0,1.012264564169952,2.272057089653931e-06
20,(1999-08-16),1.0,1.012264564169952,2.272057089653931e-06
20,(1999-08-18),1.0,1.012264564169952,2.272057089653931e-06
20,(1999-08-25),1.0,1.012264564169952,2.272057089653931e-06
20,(1999-09-04),1.0,1.012264564169952,2.272057089653931e-06
20,(1999-09-23),1.0,1.012264564169952,2.272057089653931e-06
20,(1999-09-29),1.0,1.012264564169952,2.272057089653931e-06
20,(1999-10-24),1.0,1.012264564169952,2.272057089653931e-06
20,(1999-11-01),1.0,1.012264564169952,2.272057089653931e-06
20,(1999-11-02),1.0,1.012264564169952,2.272057089653931e-06
20,(1999-11-19),1.0,1.012264564169952,2.272057089653931e-06
20,(1999-12-11),1.0,1.012264564169952,2.272057089653931e-06
20,(1999-12-31),1.0,1.012264564169952,2.272057089653931e-06
20,(2000-01-11),1.0,1.012264564169952,2.272057089653931e-06
20,(2000-01-15),1.0,1.012264564169952,2.272057089653931e-06
20,(2000-01-25),1.0,1.012264564169952,2.272057089653931e-06
20,(2000-02-04),1.0,1.012264564169952,2.272057089653931e-06
20,(2000-02-10),1.0,1.012264564169952,2.272057089653931e-06
20,(2000-02-16),1.0,1.012264564169952,2.272057089653931e-06
20,(2000-03-03),1.0,1.012264564169952,2.272057089653931e-06
20,(2000-03-06),1.0,1.012264564169952,2.272057089653931e-06
20,(2000-03-11),1.0,1.012264564169952,2.272057089653931e-06
20,(2000-04-14),1.0,1.012264564169952,2.272057089653931e-06
20,(2000-04-17),1.0,1.012264564169952,2.272057089653931e-06
20,(2000-04-26),1.0,1.012264564169952,2.272057089653931e-06
20,(2000-04-30),1.0,1.012264564169952,2.272057089653931e-06
20,(2000-05-10),1.0,1.012264564169952,2.272057089653931e-06
20,(2000-05-13),1.0,1.012264564169952,2.272057089653931e-06
20,(2000-05-16),2.0,1.012264564169952,0.00018298174061319897
20,(2000-07-03),1.0,1.012264564169952,2.272057089653931e-06
20,(2000-07-05),1.0,1.012264564169952,2.272057089653931e-06
20,(2000-07-22),1.0,1.012264564169952,2.272057089653931e-06
20,(2000-07-31),1.0,1.012264564169952,2.272057089653931e-06
20,(2000-08-07),1.0,1.012264564169952,2.272057089653931e-06
20,(2000-09-14),1.0,1.012264564169952,2.272057089653931e-06
20,(2000-10-14),1.0,1.012264564169952,2.272057089653931e-06
20,(2000-10-17),1.0,1.012264564169952,2.272057089653931e-06
20,(2000-11-14),1.0,1.012264564169952,2.272057089653931e-06
20,(2000-11-20),1.0,1.012264564169952,2.272057089653931e-06
20,(2000-12-21),1.0,1.012264564169952,2.272057089653931e-06
20,(2001-01-10),2.0,1.012264564169952,0.00018298174061319897
20,(2001-01-11),1.0,1.012264564169952,2.272057089653931e-06
20,(2001-01-20),1.0,1.012264564169952,2.272057089653931e-06
20,(2001-02-06),1.0,1.012264564169952,2.272057089653931e-06
20,(2001-02-08),1.0,1.012264564169952,2.272057089653931e-06
20,(2001-02-15),1.0,1.012264564169952,2.272057089653931e-06
20,(2001-02-19),1.0,1.012264564169952,2.272057089653931e-06
20,(2001-02-21),1.0,1.012264564169952,2.272057089653931e-06
20,(2001-02-27),1.0,1.012264564169952,2.272057089653931e-06
20,(2001-03-08),1.0,1.012264564169952,2.272057089653931e-06
20,(2001-03-16),1.0,1.012264564169952,2.272057089653931e-06
20,(2001-03-23),1.0,1.012264564169952,2.272057089653931e-06
20,(2001-03-29),1.0,1.012264564169952,2.272057089653931e-06
20,(2001-04-19),1.0,1.012264564169952,2.272057089653931e-06
20,(2001-04-24),1.0,1.012264564169952,2.272057089653931e-06
20,(2001-05-06),1.0,1.012264564169952,2.272057089653931e-06
20,(2001-05-23),1.0,1.012264564169952,2.272057089653931e-06
20,(2001-05-25),1.0,1.012264564169952,2.272057089653931e-06
20,(2001-05-30),1.0,1.012264564169952,2.272057089653931e-06
20,(2001-06-02),1.0,1.012264564169952,2.272057089653931e-06
20,(2001-06-04),1.0,1.012264564169952,2.272057089653931e-06
20,(2001-07-07),1.0,1.012264564169952,2.272057089653931e-06
20,(2001-07-19),1.0,1.012264564169952,2.272057089653931e-06
20,(2001-08-14),1.0,1.012264564169952,2.272057089653931e-06
20,(2001-09-05),1.0,1.012264564169952,2.272057089653931e-06
20,(2001-09-24),2.0,1.012264564169952,0.00018298174061319897
20,(2001-09-29),1.0,1.012264564169952,2.272057089653931e-06
20,(2001-10-14),1.0,1.012264564169952,2.272057089653931e-06
20,(2001-11-08),1.0,1.012264564169952,2.272057089653931e-06
20,(2001-11-28),1.0,1.012264564169952,2.272057089653931e-06
20,(2001-12-15),1.0,1.012264564169952,2.272057089653931e-06
20,(2002-01-03),1.0,1.012264564169952,2.272057089653931e-06
20,(2002-01-18),1.0,1.012264564169952,2.272057089653931e-06
20,(2002-01-28),1.0,1.012264564169952,2.272057089653931e-06
20,(2002-02-05),1.0,1.012264564169952,2.272057089653931e-06
20,(2002-02-07),1.0,1.012264564169952,2.272057089653931e-06
20,(2002-02-15),1.0,1.012264564169952,2.272057089653931e-06
20,(2002-02-21),1.0,1.012264564169952,2.272057089653931e-06
20,(2002-03-13),1.0,1.012264564169952,2.272057089653931e-06
20,(2002-03-25),1.0,1.012264564169952,2.272057089653931e-06
20,(2002-03-27),2.0,1.012264564169952,0.00018298174061319897
20,(2002-04-10),1.0,1.012264564169952,2.272057089653931e-06
20,(2002-04-15),1.0,1.012264564169952,2.272057089653931e-06
20,(2002-04-30),1.0,1.012264564169952,2.272057089653931e-06
20,(2002-05-24),1.0,1.012264564169952,2.272057089653931e-06
20,(2002-06-19),1.0,1.012264564169952,2.272057089653931e-06
20,(2002-06-24),1.0,1.012264564169952,2.272057089653931e-06
20,(2002-07-09),1.0,1.012264564169952,2.272057089653931e-06
20,(2002-07-12),1.0,1.012264564169952,2.272057089653931e-06
20,(2002-07-18),2.0,1.012264564169952,0.00018298174061319897
20,(2002-08-16),1.0,1.012264564169952,2.272057089653931e-06
20,(2002-08-29),1.0,1.012264564169952,2.272057089653931e-06
20,(2002-09-20),1.0,1.012264564169952,2.272057089653931e-06
20,(2002-09-24),1.0,1.012264564169952,2.272057089653931e-06
20,(2002-10-02),1.0,1.012264564169952,2.272057089653931e-06
20,(2002-11-01),1.0,1.012264564169952,2.272057089653931e-06
20,(2002-11-25),1.0,1.012264564169952,2.272057089653931e-06
20,(2003-02-09),1.0,1.012264564169952,2.272057089653931e-06
20,(2003-02-14),1.0,1.012264564169952,2.272057089653931e-06
20,(2003-03-28),1.0,1.012264564169952,2.272057089653931e-06
20,(2003-04-25),2.0,1.012264564169952,0.00018298174061319897
20,(2003-06-02),1.0,1.012264564169952,2.272057089653931e-06
20,(2003-06-03),1.0,1.012264564169952,2.272057089653931e-06
20,(2003-06-06),1.0,1.012264564169952,2.272057089653931e-06
20,(2003-06-10),1.0,1.012264564169952,2.272057089653931e-06
20,(2003-06-26),1.0,1.012264564169952,2.272057089653931e-06
20,(2003-07-02),1.0,1.012264564169952,2.272057089653931e-06
20,(2003-07-10),1.0,1.012264564169952,2.272057089653931e-06
20,(2003-07-11),1.0,1.012264564169952,2.272057089653931e-06
20,(2003-07-14),1.0,1.012264564169952,2.272057089653931e-06
20,(2003-07-15),1.0,1.012264564169952,2.272057089653931e-06
20,(2003-07-23),1.0,1.012264564169952,2.272057089653931e-06
20,(2003-08-27),1.0,1.012264564169952,2.272057089653931e-06
20,(2003-09-12),1.0,1.012264564169952,2.272057089653931e-06
20,(2003-10-09),1.0,1.012264564169952,2.272057089653931e-06
20,(2003-10-30),1.0,1.012264564169952,2.272057089653931e-06
20,(2003-11-06),1.0,1.012264564169952,2.272057089653931e-06
20,(2003-11-17),2.0,1.012264564169952,0.00018298174061319897
20,(2003-12-24),1.0,1.012264564169952,2.272057089653931e-06
20,(2004-01-19),1.0,1.012264564169952,2.272057089653931e-06
20,(2004-01-20),1.0,1.012264564169952,2.272057089653931e-06
20,(2004-01-30),1.0,1.012264564169952,2.272057089653931e-06
20,(2004-02-06),1.0,1.012264564169952,2.272057089653931e-06
20,(2004-02-15),1.0,1.012264564169952,2.272057089653931e-06
20,(2004-02-25),1.0,1.012264564169952,2.272057089653931e-06
20,(2004-02-27),1.0,1.012264564169952,2.272057089653931e-06
20,(2004-03-09),1.0,1.012264564169952,2.272057089653931e-06
20,(2004-03-10),1.0,1.012264564169952,2.272057089653931e-06
20,(2004-04-08),1.0,1.012264564169952,2.272057089653931e-06
20,(2004-05-04),1.0,1.012264564169952,2.272057089653931e-06
20,(2004-05-06),1.0,1.012264564169952,2.272057089653931e-06
20,(2004-05-10),1.0,1.012264564169952,2.272057089653931e-06
20,(2004-05-18),1.0,1.012264564169952,2.272057089653931e-06
20,(2004-05-19),1.0,1.012264564169952,2.272057089653931e-06
20,(2004-06-02),1.0,1.012264564169952,2.272057089653931e-06
20,(2004-06-03),1.0,1.012264564169952,2.272057089653931e-06
20,(2004-06-15),1.0,1.012264564169952,2.272057089653931e-06
20,(2004-06-22),1.0,1.012264564169952,2.272057089653931e-06
20,(2004-06-29),1.0,1.012264564169952,2.272057089653931e-06
20,(2004-07-08),1.0,1.012264564169952,2.272057089653931e-06
20,(2004-08-05),1.0,1.012264564169952,2.272057089653931e-06
20,(2004-08-10),1.0,1.012264564169952,2.272057089653931e-06
20,(2004-08-31),1.0,1.012264564169952,2.272057089653931e-06
20,(2004-09-27),1.0,1.012264564169952,2.272057089653931e-06
20,(2004-09-30),1.0,1.012264564169952,2.272057089653931e-06
20,(2004-10-02),1.0,1.012264564169952,2.272057089653931e-06
20,(2004-10-19),1.0,1.012264564169952,2.272057089653931e-06
20,(2004-10-27),1.0,1.012264564169952,2.272057089653931e-06
20,(2004-11-05),1.0,1.012264564169952,2.272057089653931e-06
20,(2004-11-09),1.0,1.012264564169952,2.272057089653931e-06
20,(2004-12-15),1.0,1.012264564169952,2.272057089653931e-06
20,(2004-12-20),1.0,1.012264564169952,2.272057089653931e-06
20,(2004-12-27),1.0,1.012264564169952,2.272057089653931e-06
20,(2005-02-01),3.0,1.012264564169952,0.0003682355383160519
20,(2005-02-03),1.0,1.012264564169952,2.272057089653931e-06
20,(2005-02-09),1.0,1.012264564169952,2.272057089653931e-06
20,(2005-02-16),1.0,1.012264564169952,2.272057089653931e-06
20,(2005-02-25),1.0,1.012264564169952,2.272057089653931e-06
20,(2005-03-01),1.0,1.012264564169952,2.272057089653931e-06
20,(2005-03-06),1.0,1.012264564169952,2.272057089653931e-06
20,(2005-03-16),1.0,1.012264564169952,2.272057089653931e-06
20,(2005-03-21),1.0,1.012264564169952,2.272057089653931e-06
20,(2005-07-07),1.0,1.012264564169952,2.272057089653931e-06
20,(2005-07-24),1.0,1.012264564169952,2.272057089653931e-06
20,(2005-07-28),1.0,1.012264564169952,2.272057089653931e-06
20,(2005-08-04),1.0,1.012264564169952,2.272057089653931e-06
20,(2005-09-09),1.0,1.012264564169952,2.272057089653931e-06
20,(2005-09-21),1.0,1.012264564169952,2.272057089653931e-06
20,(2005-10-05),1.0,1.012264564169952,2.272057089653931e-06
20,(2005-10-06),1.0,1.012264564169952,2.272057089653931e-06
20,(2005-10-28),1.0,1.012264564169952,2.272057089653931e-06
20,(2005-11-05),1.0,1.012264564169952,2.272057089653931e-06
20,(2005-11-08),1.0,1.012264564169952,2.272057089653931e-06
20,(2005-11-19),1.0,1.012264564169952,2.272057089653931e-06
20,(2005-12-25),1.0,1.012264564169952,2.272057089653931e-06
20,(2006-01-05),1.0,1.012264564169952,2.272057089653931e-06
20,(2006-01-12),2.0,1.012264564169952,0.00018298174061319897
20,(2006-01-17),2.0,1.012264564169952,0.00018298174061319897
20,(2006-02-09),1.0,1.012264564169952,2.272057089653931e-06
20,(2006-02-25),1.0,1.012264564169952,2.272057089653931e-06
20,(2006-03-03),1.0,1.012264564169952,2.272057089653931e-06
20,(2006-03-16),1.0,1.012264564169952,2.272057089653931e-06
20,(2006-03-24),1.0,1.012264564169952,2.272057089653931e-06
20,(2006-04-21),1.0,1.012264564169952,2.272057089653931e-06
20,(2006-04-25),1.0,1.012264564169952,2.272057089653931e-06
20,(2006-04-30),1.0,1.012264564169952,2.272057089653931e-06
20,(2006-05-17),1.0,1.012264564169952,2.272057089653931e-06
20,(2006-05-24),1.0,1.012264564169952,2.272057089653931e-06
20,(2006-05-26),1.0,1.012264564169952,2.272057089653931e-06
20,(2006-05-27),1.0,1.012264564169952,2.272057089653931e-06
20,(2006-06-09),1.0,1.012264564169952,2.272057089653931e-06
20,(2006-06-18),1.0,1.012264564169952,2.272057089653931e-06
20,(2006-06-26),1.0,1.012264564169952,2.272057089653931e-06
20,(2006-06-30),1.0,1.012264564169952,2.272057089653931e-06
20,(2006-07-08),1.0,1.012264564169952,2.272057089653931e-06
20,(2006-07-09),1.0,1.012264564169952,2.272057089653931e-06
20,(2006-07-12),1.0,1.012264564169952,2.272057089653931e-06
20,(2006-07-15),1.0,1.012264564169952,2.272057089653931e-06
20,(2006-07-16),1.0,1.012264564169952,2.272057089653931e-06
20,(2006-07-25),1.0,1.012264564169952,2.272057089653931e-06
20,(2006-07-29),1.0,1.012264564169952,2.272057089653931e-06
20,(2006-08-10),1.0,1.012264564169952,2.272057089653931e-06
20,(2006-08-19),1.0,1.012264564169952,2.272057089653931e-06
20,(2006-08-22),1.0,1.012264564169952,2.272057089653931e-06
20,(2006-09-01),1.0,1.012264564169952,2.272057089653931e-06
20,(2006-10-13),1.0,1.012264564169952,2.272057089653931e-06
20,(2006-10-27),1.0,1.012264564169952,2.272057089653931e-06
20,(2006-10-28),1.0,1.012264564169952,2.272057089653931e-06
20,(2006-10),1.0,1.012264564169952,2.272057089653931e-06
20,(2006-11-12),1.0,1.012264564169952,2.272057089653931e-06
20,(2006-11-16),1.0,1.012264564169952,2.272057089653931e-06
20,(2006-11-22),1.0,1.012264564169952,2.272057089653931e-06
20,(2006-11-24),1.0,1.012264564169952,2.272057089653931e-06
20,(2006-12-01),1.0,1.012264564169952,2.272057089653931e-06
20,(2006-12-19),1.0,1.012264564169952,2.272057089653931e-06
20,(2006-12-20),1.0,1.012264564169952,2.272057089653931e-06
20,(2006-12-29),1.0,1.012264564169952,2.272057089653931e-06
20,(2006-12-30),1.0,1.012264564169952,2.272057089653931e-06
20,(2007-01-02),1.0,1.012264564169952,2.272057089653931e-06
20,(2007-01-09),1.0,1.012264564169952,2.272057089653931e-06
20,(2007-01-12),1.0,1.012264564169952,2.272057089653931e-06
20,(2007-02-04),1.0,1.012264564169952,2.272057089653931e-06
20,(2007-02-05),3.0,1.012264564169952,0.0003682355383160519
20,(2007-02-21),1.0,1.012264564169952,2.272057089653931e-06
20,(2007-02-28),1.0,1.012264564169952,2.272057089653931e-06
20,(2007-03-21),1.0,1.012264564169952,2.272057089653931e-06
20,(2007-04-06),1.0,1.012264564169952,2.272057089653931e-06
20,(2007-04-10),1.0,1.012264564169952,2.272057089653931e-06
20,(2007-04-30),1.0,1.012264564169952,2.272057089653931e-06
20,(2007-05-06),1.0,1.012264564169952,2.272057089653931e-06
20,(2007-05-19),1.0,1.012264564169952,2.272057089653931e-06
20,(2007-05-29),1.0,1.012264564169952,2.272057089653931e-06
20,(2007-05-31),1.0,1.012264564169952,2.272057089653931e-06
20,(2007-06-05),1.0,1.012264564169952,2.272057089653931e-06
20,(2007-06-21),1.0,1.012264564169952,2.272057089653931e-06
20,(2007-06-25),1.0,1.012264564169952,2.272057089653931e-06
20,(2007-07-06),1.0,1.012264564169952,2.272057089653931e-06
20,(2007-07-09),1.0,1.012264564169952,2.272057089653931e-06
20,(2007-07-10),1.0,1.012264564169952,2.272057089653931e-06
20,(2007-07-11),1.0,1.012264564169952,2.272057089653931e-06
20,(2007-07-16),1.0,1.012264564169952,2.272057089653931e-06
20,(2007-07-18),1.0,1.012264564169952,2.272057089653931e-06
20,(2007-08-13),1.0,1.012264564169952,2.272057089653931e-06
20,(2007-08-21),1.0,1.012264564169952,2.272057089653931e-06
20,(2007-09-01),1.0,1.012264564169952,2.272057089653931e-06
20,(2007-09-07),1.0,1.012264564169952,2.272057089653931e-06
20,(2007-09-13),1.0,1.012264564169952,2.272057089653931e-06
20,(2007-09-14),2.0,1.012264564169952,0.00018298174061319897
20,(2007-09-28),1.0,1.012264564169952,2.272057089653931e-06
20,(2007-10-19),1.0,1.012264564169952,2.272057089653931e-06
20,(2007-11-07),1.0,1.012264564169952,2.272057089653931e-06
20,(2007-11-17),1.0,1.012264564169952,2.272057089653931e-06
20,(2007-11-26),1.0,1.012264564169952,2.272057089653931e-06
20,(2008-01-14),2.0,1.012264564169952,0.00018298174061319897
20,(2008-01-15),1.0,1.012264564169952,2.272057089653931e-06
20,(2008-01-31),1.0,1.012264564169952,2.272057089653931e-06
20,(2008-02-09),1.0,1.012264564169952,2.272057089653931e-06
20,(2008-02-29),1.0,1.012264564169952,2.272057089653931e-06
20,(2008-04-01),1.0,1.012264564169952,2.272057089653931e-06
20,(2008-04-07),1.0,1.012264564169952,2.272057089653931e-06
20,(2008-04-28),1.0,1.012264564169952,2.272057089653931e-06
20,(2008-06-10),1.0,1.012264564169952,2.272057089653931e-06
20,(2008-06-14),1.0,1.012264564169952,2.272057089653931e-06
20,(2008-08-19),1.0,1.012264564169952,2.272057089653931e-06
20,(2008-10-21),1.0,1.012264564169952,2.272057089653931e-06
20,(2008-11-17),1.0,1.012264564169952,2.272057089653931e-06
20,(2008-11-23),1.0,1.012264564169952,2.272057089653931e-06
20,(2008-12-05),1.0,1.012264564169952,2.272057089653931e-06
20,(2008-12-26),1.0,1.012264564169952,2.272057089653931e-06
20,(2009-01-18),1.0,1.012264564169952,2.272057089653931e-06
20,(2009-01-29),1.0,1.012264564169952,2.272057089653931e-06
20,(2009-02-16),1.0,1.012264564169952,2.272057089653931e-06
20,(2009-02-26),1.0,1.012264564169952,2.272057089653931e-06
20,(2009-03-03),1.0,1.012264564169952,2.272057089653931e-06
20,(2009-03-12),2.0,1.012264564169952,0.00018298174061319897
20,(2009-03-20),1.0,1.012264564169952,2.272057089653931e-06
20,(2009-03-23),1.0,1.012264564169952,2.272057089653931e-06
20,(2009-03-24),1.0,1.012264564169952,2.272057089653931e-06
20,(2009-03-26),1.0,1.012264564169952,2.272057089653931e-06
20,(2009-04-07),1.0,1.012264564169952,2.272057089653931e-06
20,(2009-05-06),1.0,1.012264564169952,2.272057089653931e-06
20,(2009-06-24),1.0,1.012264564169952,2.272057089653931e-06
20,(2009-08-08),1.0,1.012264564169952,2.272057089653931e-06
20,(2009-08-14),1.0,1.012264564169952,2.272057089653931e-06
20,(2009-08-20),1.0,1.012264564169952,2.272057089653931e-06
20,(2009-08-23),1.0,1.012264564169952,2.272057089653931e-06
20,(2009-09-02),1.0,1.012264564169952,2.272057089653931e-06
20,(2009-09-06),1.0,1.012264564169952,2.272057089653931e-06
20,(2009-09-08),1.0,1.012264564169952,2.272057089653931e-06
20,(2009-11-09),1.0,1.012264564169952,2.272057089653931e-06
20,(2009-11-15),1.0,1.012264564169952,2.272057089653931e-06
20,(2009-11-22),1.0,1.012264564169952,2.272057089653931e-06
20,(2009-12-08),2.0,1.012264564169952,0.00018298174061319897
20,(2009-12-09),1.0,1.012264564169952,2.272057089653931e-06
20,(2009-12-10),1.0,1.012264564169952,2.272057089653931e-06
20,(2009-12-15),1.0,1.012264564169952,2.272057089653931e-06
20,(2009-12-17),1.0,1.012264564169952,2.272057089653931e-06
20,(2010-01-07),1.0,1.012264564169952,2.272057089653931e-06
20,(2010-01-14),1.0,1.012264564169952,2.272057089653931e-06
20,(2010-01-22),1.0,1.012264564169952,2.272057089653931e-06
20,(2010-02-02),1.0,1.012264564169952,2.272057089653931e-06
20,(2010-02-06),1.0,1.012264564169952,2.272057089653931e-06
20,(2010-02-07),1.0,1.012264564169952,2.272057089653931e-06
20,(2010-02-22),1.0,1.012264564169952,2.272057089653931e-06
20,(2010-03-06),1.0,1.012264564169952,2.272057089653931e-06
20,(2010-03-17),1.0,1.012264564169952,2.272057089653931e-06
20,(2010-03-24),1.0,1.012264564169952,2.272057089653931e-06
20,(2010-03-30),1.0,1.012264564169952,2.272057089653931e-06
20,(2010-04-13),1.0,1.012264564169952,2.272057089653931e-06
20,(2010-04-15),1.0,1.012264564169952,2.272057089653931e-06
20,(2010-04-20),1.0,1.012264564169952,2.272057089653931e-06
20,(2010-04-24),1.0,1.012264564169952,2.272057089653931e-06
20,(2010-05-07),1.0,1.012264564169952,2.272057089653931e-06
20,(2010-05-29),1.0,1.012264564169952,2.272057089653931e-06
20,(2010-06-07),1.0,1.012264564169952,2.272057089653931e-06
20,(2010-06-20),1.0,1.012264564169952,2.272057089653931e-06
20,(2010-06-21),1.0,1.012264564169952,2.272057089653931e-06
20,(2010-06-28),1.0,1.012264564169952,2.272057089653931e-06
20,(2010-07-23),1.0,1.012264564169952,2.272057089653931e-06
20,(2010-08-03),1.0,1.012264564169952,2.272057089653931e-06
20,(2010-09-09),1.0,1.012264564169952,2.272057089653931e-06
20,(2010-09-16),1.0,1.012264564169952,2.272057089653931e-06
20,(2010-09-17),1.0,1.012264564169952,2.272057089653931e-06
20,(2010-10-01),2.0,1.012264564169952,0.00018298174061319897
20,(2010-10-20),1.0,1.012264564169952,2.272057089653931e-06
20,(2010-11-05),1.0,1.012264564169952,2.272057089653931e-06
20,(2010-11-09),1.0,1.012264564169952,2.272057089653931e-06
20,(2010-11-11),1.0,1.012264564169952,2.272057089653931e-06
20,(2010-11-12),1.0,1.012264564169952,2.272057089653931e-06
20,(2010-11-18),1.0,1.012264564169952,2.272057089653931e-06
20,(2010-11-25),1.0,1.012264564169952,2.272057089653931e-06
20,(2010-11-29),1.0,1.012264564169952,2.272057089653931e-06
20,(2010-12-04),1.0,1.012264564169952,2.272057089653931e-06
20,(2011-01-14),2.0,1.012264564169952,0.00018298174061319897
20,(2011-01-15),1.0,1.012264564169952,2.272057089653931e-06
20,(2011-01-21),1.0,1.012264564169952,2.272057089653931e-06
20,(2011-01-26),1.0,1.012264564169952,2.272057089653931e-06
20,(2011-02-14),1.0,1.012264564169952,2.272057089653931e-06
20,(2011-02-17),1.0,1.012264564169952,2.272057089653931e-06
20,(2011-02-20),1.0,1.012264564169952,2.272057089653931e-06
20,(2011-03-26),1.0,1.012264564169952,2.272057089653931e-06
20,(2011-03-27),1.0,1.012264564169952,2.272057089653931e-06
20,(2011-04-01),1.0,1.012264564169952,2.272057089653931e-06
20,(2011-04-11),1.0,1.012264564169952,2.272057089653931e-06
20,(2011-04-25),1.0,1.012264564169952,2.272057089653931e-06
20,(2011-05-04),1.0,1.012264564169952,2.272057089653931e-06
20,(2011-05-17),1.0,1.012264564169952,2.272057089653931e-06
20,(2011-05-21),1.0,1.012264564169952,2.272057089653931e-06
20,(2011-05-26),1.0,1.012264564169952,2.272057089653931e-06
20,(2011-06-01),1.0,1.012264564169952,2.272057089653931e-06
20,(2011-06-06),1.0,1.012264564169952,2.272057089653931e-06
20,(2011-06-09),1.0,1.012264564169952,2.272057089653931e-06
20,(2011-06-22),1.0,1.012264564169952,2.272057089653931e-06
20,(2011-06-24),1.0,1.012264564169952,2.272057089653931e-06
20,(2011-06-29),1.0,1.012264564169952,2.272057089653931e-06
20,(2011-07-07),1.0,1.012264564169952,2.272057089653931e-06
20,(2011-07-11),1.0,1.012264564169952,2.272057089653931e-06
20,(2011-07-26),1.0,1.012264564169952,2.272057089653931e-06
20,(2011-08-18),1.0,1.012264564169952,2.272057089653931e-06
20,(2011-09-02),1.0,1.012264564169952,2.272057089653931e-06
20,(2011-09-15),1.0,1.012264564169952,2.272057089653931e-06
20,(2011-09-22),1.0,1.012264564169952,2.272057089653931e-06
20,(2011-09-24),1.0,1.012264564169952,2.272057089653931e-06
20,(2011-09-29),1.0,1.012264564169952,2.272057089653931e-06
20,(2011-10-02),1.0,1.012264564169952,2.272057089653931e-06
20,(2011-10-11),1.0,1.012264564169952,2.272057089653931e-06
20,(2011-10-16),1.0,1.012264564169952,2.272057089653931e-06
20,(2011-10-19),1.0,1.012264564169952,2.272057089653931e-06
20,(2011-10-28),1.0,1.012264564169952,2.272057089653931e-06
20,(2011-11-30),1.0,1.012264564169952,2.272057089653931e-06
20,(2011-12-23),1.0,1.012264564169952,2.272057089653931e-06
20,(2011-12-27),1.0,1.012264564169952,2.272057089653931e-06
20,(2012-01-03),1.0,1.012264564169952,2.272057089653931e-06
20,(2012-01-06),1.0,1.012264564169952,2.272057089653931e-06
20,(2012-02-06),1.0,1.012264564169952,2.272057089653931e-06
20,(2012-02-13),1.0,1.012264564169952,2.272057089653931e-06
20,(2012-02-29),2.0,1.012264564169952,0.00018298174061319897
20,(2012-03-01),1.0,1.012264564169952,2.272057089653931e-06
20,(2012-03-13),1.0,1.012264564169952,2.272057089653931e-06
20,(2012-03-19),1.0,1.012264564169952,2.272057089653931e-06
20,(2012-03-23),1.0,1.012264564169952,2.272057089653931e-06
20,(2012-03-31),1.0,1.012264564169952,2.272057089653931e-06
20,(2012-04-04),1.0,1.012264564169952,2.272057089653931e-06
20,(2012-04-06),1.0,1.012264564169952,2.272057089653931e-06
20,(2012-04-10),1.0,1.012264564169952,2.272057089653931e-06
20,(2012-04-12),1.0,1.012264564169952,2.272057089653931e-06
20,(2012-04-19),1.0,1.012264564169952,2.272057089653931e-06
20,(2012-04-20),1.0,1.012264564169952,2.272057089653931e-06
20,(2012-04-21),1.0,1.012264564169952,2.272057089653931e-06
20,(2012-05-06),1.0,1.012264564169952,2.272057089653931e-06
20,(2012-05-10),1.0,1.012264564169952,2.272057089653931e-06
20,(2012-05-11),1.0,1.012264564169952,2.272057089653931e-06
20,(2012-05-15),1.0,1.012264564169952,2.272057089653931e-06
20,(2012-06-05),1.0,1.012264564169952,2.272057089653931e-06
20,(2012-06-20),1.0,1.012264564169952,2.272057089653931e-06
20,(2012-06-21),1.0,1.012264564169952,2.272057089653931e-06
20,(2012-06-27),1.0,1.012264564169952,2.272057089653931e-06
20,(2012-07-03),1.0,1.012264564169952,2.272057089653931e-06
20,(2012-07-04),2.0,1.012264564169952,0.00018298174061319897
20,(2012-07-08),1.0,1.012264564169952,2.272057089653931e-06
20,(2012-07-18),1.0,1.012264564169952,2.272057089653931e-06
20,(2012-07-19),1.0,1.012264564169952,2.272057089653931e-06
20,(2012-08-01),1.0,1.012264564169952,2.272057089653931e-06
20,(2012-08-07),2.0,1.012264564169952,0.00018298174061319897
20,(2012-08-10),1.0,1.012264564169952,2.272057089653931e-06
20,(2012-08-13),1.0,1.012264564169952,2.272057089653931e-06
20,(2012-08-20),1.0,1.012264564169952,2.272057089653931e-06
20,(2012-08-24),1.0,1.012264564169952,2.272057089653931e-06
20,(2012-08-25),2.0,1.012264564169952,0.00018298174061319897
20,(2012-08-28),1.0,1.012264564169952,2.272057089653931e-06
20,(2012-09-12),1.0,1.012264564169952,2.272057089653931e-06
20,(2012-09-13),1.0,1.012264564169952,2.272057089653931e-06
20,(2012-09-25),2.0,1.012264564169952,0.00018298174061319897
20,(2012-09-28),1.0,1.012264564169952,2.272057089653931e-06
20,(2012-10-05),1.0,1.012264564169952,2.272057089653931e-06
20,(2012-10-14),1.0,1.012264564169952,2.272057089653931e-06
20,(2012-10-23),1.0,1.012264564169952,2.272057089653931e-06
20,(2012-10-24),2.0,1.012264564169952,0.00018298174061319897
20,(2012-10-26),1.0,1.012264564169952,2.272057089653931e-06
20,(2012-10-28),1.0,1.012264564169952,2.272057089653931e-06
20,(2012-11-04),1.0,1.012264564169952,2.272057089653931e-06
20,(2012-11-22),1.0,1.012264564169952,2.272057089653931e-06
20,(2012-11-25),1.0,1.012264564169952,2.272057089653931e-06
20,(2012-11-27),1.0,1.012264564169952,2.272057089653931e-06
20,(2012-11-29),1.0,1.012264564169952,2.272057089653931e-06
20,(2012-12-06),1.0,1.012264564169952,2.272057089653931e-06
20,(2012-12-11),1.0,1.012264564169952,2.272057089653931e-06
20,(2012-12-24),1.0,1.012264564169952,2.272057089653931e-06
20,(2012-12-26),1.0,1.012264564169952,2.272057089653931e-06
20,(2012-12-27),1.0,1.012264564169952,2.272057089653931e-06
20,(2013-01-10),1.0,1.012264564169952,2.272057089653931e-06
20,(2013-01-25),1.0,1.012264564169952,2.272057089653931e-06
20,(2013-02-12),2.0,1.012264564169952,0.00018298174061319897
20,(2013-02-14),1.0,1.012264564169952,2.272057089653931e-06
20,(2013-02-19),3.0,1.012264564169952,0.0003682355383160519
20,(2013-02-24),1.0,1.012264564169952,2.272057089653931e-06
20,(2013-03-13),1.0,1.012264564169952,2.272057089653931e-06
20,(2013-03-18),1.0,1.012264564169952,2.272057089653931e-06
20,(2013-03-29),1.0,1.012264564169952,2.272057089653931e-06
20,(2013-04-01),1.0,1.012264564169952,2.272057089653931e-06
20,(2013-04-07),1.0,1.012264564169952,2.272057089653931e-06
20,(2013-04-12),1.0,1.012264564169952,2.272057089653931e-06
20,(2013-04-16),1.0,1.012264564169952,2.272057089653931e-06
20,(2013-04-20),1.0,1.012264564169952,2.272057089653931e-06
20,(2013-04-22),2.0,1.012264564169952,0.00018298174061319897
20,(2013-04-23),1.0,1.012264564169952,2.272057089653931e-06
20,(2013-04-25),2.0,1.012264564169952,0.00018298174061319897
20,(2013-04-30),1.0,1.012264564169952,2.272057089653931e-06
20,(2013-05-01),1.0,1.012264564169952,2.272057089653931e-06
20,(2013-05-09),2.0,1.012264564169952,0.00018298174061319897
20,(2013-05-14),1.0,1.012264564169952,2.272057089653931e-06
20,(2013-05-20),1.0,1.012264564169952,2.272057089653931e-06
20,...And Three Raccoons,1.0,1.012264564169952,2.272057089653931e-06
20,¡Terminaron!,1.0,1.012264564169952,2.272057089653931e-06
20,¿Bruno en la mira?,1.0,1.012264564169952,2.272057089653931e-06
20,¿Lucho stripper?,1.0,1.012264564169952,2.272057089653931e-06
20,¿Pilar enamorada de Gonzalo?,1.0,1.012264564169952,2.272057089653931e-06
20,¿Por qué estoy cansado? Cuando el hígado se avería,1.0,1.012264564169952,2.272057089653931e-06
20,¿Quién dice la verdad?,1.0,1.012264564169952,2.272057089653931e-06
20,¿Quién ha inventado las palabras?,1.0,1.012264564169952,2.272057089653931e-06
20,¿Se les puede llamar enfermedades raras?,1.0,1.012264564169952,2.272057089653931e-06
20,003,1.0,1.012264564169952,2.272057089653931e-06
20,047,1.0,1.012264564169952,2.272057089653931e-06
20,10.1,1.0,1.012264564169952,2.272057089653931e-06
20,130e de ligne,1.0,1.012264564169952,2.272057089653931e-06
20,1971,1.0,1.012264564169952,2.272057089653931e-06
20,1971 Christmas Special,1.0,1.012264564169952,2.272057089653931e-06
20,1996 World Series,1.0,1.012264564169952,2.272057089653931e-06
20,2 Chicks for Every Dick,1.0,1.012264564169952,2.272057089653931e-06
20,2 steg från Håkan,1.0,1.012264564169952,2.272057089653931e-06
20,2001 nen no otoko un,1.0,1.012264564169952,2.272057089653931e-06
20,2001 New Orleans Bowl,1.0,1.012264564169952,2.272057089653931e-06
20,2011 Kids Week Game 4,1.0,1.012264564169952,2.272057089653931e-06
20,24 karat,1.0,1.012264564169952,2.272057089653931e-06
20,3,1.0,1.012264564169952,2.272057089653931e-06
20,3 cuernos de chivo,1.0,1.012264564169952,2.272057089653931e-06
20,3.11 Sono hi Ishinomaki de nani ga okitanoka - 6 mai no kabe shimbun,1.0,1.012264564169952,2.272057089653931e-06
20,"30 Jahre Wetten, dass..?",1.0,1.012264564169952,2.272057089653931e-06
20,35 Years and 60 Minutes,1.0,1.012264564169952,2.272057089653931e-06
20,4:31 AM,1.0,1.012264564169952,2.272057089653931e-06
20,5th Back to Back Eviction Night,1.0,1.012264564169952,2.272057089653931e-06
20,60 Seconds of Fame,1.0,1.012264564169952,2.272057089653931e-06
20,99 Women: Jess' Women,1.0,1.012264564169952,2.272057089653931e-06
20,A 'Rival' Scan,1.0,1.012264564169952,2.272057089653931e-06
20,A Beautiful Day,1.0,1.012264564169952,2.272057089653931e-06
20,A béke útja,1.0,1.012264564169952,2.272057089653931e-06
20,A Call to Arms: Part 1,1.0,1.012264564169952,2.272057089653931e-06
20,À corps perdu,1.0,1.012264564169952,2.272057089653931e-06
20,A Couple of Swells,1.0,1.012264564169952,2.272057089653931e-06
20,"A Couple Sails to Puerto Morelos, Mexico to Open a Dive Shop",1.0,1.012264564169952,2.272057089653931e-06
20,A Cowgirl Cinderella,1.0,1.012264564169952,2.272057089653931e-06
20,A Dark Side of Husband & Wife,1.0,1.012264564169952,2.272057089653931e-06
20,A Day at Woburn,1.0,1.012264564169952,2.272057089653931e-06
20,A Day in the Life of Kevin Donnellon,1.0,1.012264564169952,2.272057089653931e-06
20,A Day to Remember/Paddington in Spain/A Most Unusual Ceremony,1.0,1.012264564169952,2.272057089653931e-06
20,A Day with DMC,1.0,1.012264564169952,2.272057089653931e-06
20,A Different Spin with Mark Hoppus,1.0,1.012264564169952,2.272057089653931e-06
20,A Dream of Magic: A Greed of Money,1.0,1.012264564169952,2.272057089653931e-06
20,A Fable About Beauty,1.0,1.012264564169952,2.272057089653931e-06
20,A Fair Crack of the Whip: Part 2,1.0,1.012264564169952,2.272057089653931e-06
20,A fényképezögép,1.0,1.012264564169952,2.272057089653931e-06
20,A Film About Faith,1.0,1.012264564169952,2.272057089653931e-06
20,A Film for Mommy,1.0,1.012264564169952,2.272057089653931e-06
20,A Fistful of Fuku,1.0,1.012264564169952,2.272057089653931e-06
20,A Fool and His Friend,1.0,1.012264564169952,2.272057089653931e-06
20,A Friend in Deed,1.0,1.012264564169952,2.272057089653931e-06
20,A Goat's Tale,1.0,1.012264564169952,2.272057089653931e-06
20,A Grande Cidade ou As Aventuras e Desventuras de Luzia e Seus 3 Amigos Chegados de Longe,1.0,1.012264564169952,2.272057089653931e-06
20,A haza oltára,1.0,1.012264564169952,2.272057089653931e-06
20,A Heap of Trouble,1.0,1.012264564169952,2.272057089653931e-06
20,A History of Murder,1.0,1.012264564169952,2.272057089653931e-06
20,A Kiss Before Lying,1.0,1.012264564169952,2.272057089653931e-06
20,A Light in the Window,1.0,1.012264564169952,2.272057089653931e-06
20,A Little Less Conversation,1.0,1.012264564169952,2.272057089653931e-06
20,A Little Silver Trumpet,1.0,1.012264564169952,2.272057089653931e-06
20,A Matter of Discretion,1.0,1.012264564169952,2.272057089653931e-06
20,A Matter of Life and Breath,1.0,1.012264564169952,2.272057089653931e-06
20,A Mexican Romance,1.0,1.012264564169952,2.272057089653931e-06
20,A Million Pounds,1.0,1.012264564169952,2.272057089653931e-06
20,A Moody Christmas,1.0,1.012264564169952,2.272057089653931e-06
20,A Penitência do Imortal,1.0,1.012264564169952,2.272057089653931e-06
20,A Place of Safety,1.0,1.012264564169952,2.272057089653931e-06
20,A pornókazetta,1.0,1.012264564169952,2.272057089653931e-06
20,A Praia do Pecado,1.0,1.012264564169952,2.272057089653931e-06
20,A Question of Time,1.0,1.012264564169952,2.272057089653931e-06
20,A Quiet Funeral,1.0,1.012264564169952,2.272057089653931e-06
20,"A Reborn Vegeta, Father and Son, Sally Forth",1.0,1.012264564169952,2.272057089653931e-06
20,A Red Man's Love,1.0,1.012264564169952,2.272057089653931e-06
20,A Reggae Session,1.0,1.012264564169952,2.272057089653931e-06
20,A Rose Is a Rose,1.0,1.012264564169952,2.272057089653931e-06
20,A Sesame Street Christmas Carol,1.0,1.012264564169952,2.272057089653931e-06
20,A Short Film About Falling Down,1.0,1.012264564169952,2.272057089653931e-06
20,A Soldier's Winnings,1.0,1.012264564169952,2.272057089653931e-06
20,A Sort of Fame,1.0,1.012264564169952,2.272057089653931e-06
20,A Star Is Born,1.0,1.012264564169952,2.272057089653931e-06
20,A Star Is Born. Got the Punch Line?,1.0,1.012264564169952,2.272057089653931e-06
20,A Tale of Five Cities: Part 5 - South Florida,1.0,1.012264564169952,2.272057089653931e-06
20,A Third Man Appears to Determine Lin's Fate!,1.0,1.012264564169952,2.272057089653931e-06
20,A Trevi Fountain Wish Comes True,1.0,1.012264564169952,2.272057089653931e-06
20,A Trip to Spain,1.0,1.012264564169952,2.272057089653931e-06
20,A Tuneful Toot on a Trumpet,1.0,1.012264564169952,2.272057089653931e-06
20,A Turkey Too Far,1.0,1.012264564169952,2.272057089653931e-06
20,A Two-Family Christmas,1.0,1.012264564169952,2.272057089653931e-06
20,A Wayward Daughter,1.0,1.012264564169952,2.272057089653931e-06
20,A Woman in Pawn,1.0,1.012264564169952,2.272057089653931e-06
20,Abominable Snowman,1.0,1.012264564169952,2.272057089653931e-06
20,About Truus Bronkhorst,1.0,1.012264564169952,2.272057089653931e-06
20,Abribus,1.0,1.012264564169952,2.272057089653931e-06
20,Acabar con todo,1.0,1.012264564169952,2.272057089653931e-06
20,Acai Madness,1.0,1.012264564169952,2.272057089653931e-06
20,Acceptance,1.0,1.012264564169952,2.272057089653931e-06
20,Accident,1.0,1.012264564169952,2.272057089653931e-06
20,Accidental Icon: The Real Gidget Story,1.0,1.012264564169952,2.272057089653931e-06
20,Accumulating Process,1.0,1.012264564169952,2.272057089653931e-06
20,Achew!,1.0,1.012264564169952,2.272057089653931e-06
20,Achimgwajeonyeoksai,1.0,1.012264564169952,2.272057089653931e-06
20,Action Man,1.0,1.012264564169952,2.272057089653931e-06
20,"Activism, Anarchism, and Power",1.0,1.012264564169952,2.272057089653931e-06
20,ActorsE with Mike Pfaff and Brett Walkow,1.0,1.012264564169952,2.272057089653931e-06
20,Adam Lambert,1.0,1.012264564169952,2.272057089653931e-06
20,Adanali kardesler,1.0,1.012264564169952,2.272057089653931e-06
20,Add Two Children and Stir: Part 1,1.0,1.012264564169952,2.272057089653931e-06
20,Addo' sta Rossellini?,1.0,1.012264564169952,2.272057089653931e-06
20,Adelfi mou... agapi mou,1.0,1.012264564169952,2.272057089653931e-06
20,Adhar,1.0,1.012264564169952,2.272057089653931e-06
20,Adrienne's Fashion Show,1.0,1.012264564169952,2.272057089653931e-06
20,Adventures of the Old West,1.0,1.012264564169952,2.272057089653931e-06
20,Adzuchijou tenshu ashita wo kaketa shitou!,1.0,1.012264564169952,2.272057089653931e-06
20,AE: Apocalypse Earth,1.0,1.012264564169952,2.272057089653931e-06
20,AFI Young Hollywood,1.0,1.012264564169952,2.272057089653931e-06
20,Aflevering 1119,1.0,1.012264564169952,2.272057089653931e-06
20,Aflevering 399,1.0,1.012264564169952,2.272057089653931e-06
20,Aflevering 400,1.0,1.012264564169952,2.272057089653931e-06
20,Aflevering 443,1.0,1.012264564169952,2.272057089653931e-06
20,Aflevering 519,1.0,1.012264564169952,2.272057089653931e-06
20,Aflevering 669,1.0,1.012264564169952,2.272057089653931e-06
20,Aflevering 959,1.0,1.012264564169952,2.272057089653931e-06
20,Aflevering 965,1.0,1.012264564169952,2.272057089653931e-06
20,Afno Ghar Afno Manche,1.0,1.012264564169952,2.272057089653931e-06
20,Afro-Centrix Volume 48: Just Say Blow #2,1.0,1.012264564169952,2.272057089653931e-06
20,Afscheid,1.0,1.012264564169952,2.272057089653931e-06
20,Aftellen,1.0,1.012264564169952,2.272057089653931e-06
20,"After Their Super Sweet Moments, mukhang aatras na naman si Maya",1.0,1.012264564169952,2.272057089653931e-06
20,"After You, Hugo",1.0,1.012264564169952,2.272057089653931e-06
20,Again with the Hockey Player: Part 2,1.0,1.012264564169952,2.272057089653931e-06
20,Agamemnon,1.0,1.012264564169952,2.272057089653931e-06
20,"Agent Drakenmeyer, Part II",1.0,1.012264564169952,2.272057089653931e-06
20,Agustina,1.0,1.012264564169952,2.272057089653931e-06
20,Ai to kassai no ebi,1.0,1.012264564169952,2.272057089653931e-06
20,Aid Station,1.0,1.012264564169952,2.272057089653931e-06
20,AIDS Warriors,1.0,1.012264564169952,2.272057089653931e-06
20,Ain't Nobody's Business If I Do,1.0,1.012264564169952,2.272057089653931e-06
20,Ain't That a Knee Slapper?,1.0,1.012264564169952,2.272057089653931e-06
20,Aishia no natsu,1.0,1.012264564169952,2.272057089653931e-06
20,AJ Goes to France,1.0,1.012264564169952,2.272057089653931e-06
20,Akrobater,1.0,1.012264564169952,2.272057089653931e-06
20,Akt,1.0,1.012264564169952,2.272057089653931e-06
20,Akteur,1.0,1.012264564169952,2.272057089653931e-06
20,Aku ni kieta romansu,1.0,1.012264564169952,2.272057089653931e-06
20,Al descobert,1.0,1.012264564169952,2.272057089653931e-06
20,Al teu servei,1.0,1.012264564169952,2.272057089653931e-06
20,Alan Shepard: Ambassador of Exploration,1.0,1.012264564169952,2.272057089653931e-06
20,Albatross Mooring Techniques,1.0,1.012264564169952,2.272057089653931e-06
20,Albert Einstein vs. Stephen Hawking,1.0,1.012264564169952,2.272057089653931e-06
20,Alcatraz,1.0,1.012264564169952,2.272057089653931e-06
20,Alec Baldwin/Beastie Boys,1.0,1.012264564169952,2.272057089653931e-06
20,Algo pasa allá afuera,1.0,1.012264564169952,2.272057089653931e-06
20,Alguien muere la víspera,1.0,1.012264564169952,2.272057089653931e-06
20,Alibi,1.0,1.012264564169952,2.272057089653931e-06
20,Alice's Wild West Show,1.0,1.012264564169952,2.272057089653931e-06
20,Alien Anthology,1.0,1.012264564169952,2.272057089653931e-06
20,Alien: Resurrection,1.0,1.012264564169952,2.272057089653931e-06
20,Alive in Havana,1.0,1.012264564169952,2.272057089653931e-06
20,All's High Myrrh,1.0,1.012264564169952,2.272057089653931e-06
20,All About Christmas Eve,1.0,1.012264564169952,2.272057089653931e-06
20,All About Sam/Half Twister,1.0,1.012264564169952,2.272057089653931e-06
20,All About the Head,1.0,1.012264564169952,2.272057089653931e-06
20,All in the Family,1.0,1.012264564169952,2.272057089653931e-06
20,"All New! Donahue, Sally, Geraldo, Montel, Ricki: Talk Show Hosts Together for the First Time",1.0,1.012264564169952,2.272057089653931e-06
20,Alle Vögel sind schon da,1.0,1.012264564169952,2.272057089653931e-06
20,Aller taget 1902 i Blaagaardsgade,1.0,1.012264564169952,2.272057089653931e-06
20,Alles aus Liebe,1.0,1.012264564169952,2.272057089653931e-06
20,Almanac,1.0,1.012264564169952,2.272057089653931e-06
20,Almirante Reis,1.0,1.012264564169952,2.272057089653931e-06
20,Along the Way,1.0,1.012264564169952,2.272057089653931e-06
20,AlpTraum,1.0,1.012264564169952,2.272057089653931e-06
20,ALS Blizzard Tour,1.0,1.012264564169952,2.272057089653931e-06
20,Alta Fidelidade,1.0,1.012264564169952,2.272057089653931e-06
20,Am Abgrund,1.0,1.012264564169952,2.272057089653931e-06
20,Am toten Punkt,1.0,1.012264564169952,2.272057089653931e-06
20,Amakusa Treasure Legend Murder Case: File 1,1.0,1.012264564169952,2.272057089653931e-06
20,Amarillo Slim,1.0,1.012264564169952,2.272057089653931e-06
20,Ambalaza,1.0,1.012264564169952,2.272057089653931e-06
20,America's Cooking,1.0,1.012264564169952,2.272057089653931e-06
20,America's Sex Pioneers,1.0,1.012264564169952,2.272057089653931e-06
20,Amigos hasta la muerte,1.0,1.012264564169952,2.272057089653931e-06
20,Amor serrano,1.0,1.012264564169952,2.272057089653931e-06
20,Amy Sedaris/Paul Simon,1.0,1.012264564169952,2.272057089653931e-06
20,An'ei,1.0,1.012264564169952,2.272057089653931e-06
20,An Education,1.0,1.012264564169952,2.272057089653931e-06
20,An Episode of the Early Mormon Days,1.0,1.012264564169952,2.272057089653931e-06
20,An Eye for a Tooth,1.0,1.012264564169952,2.272057089653931e-06
20,An Ode in Code,1.0,1.012264564169952,2.272057089653931e-06
20,Anchors Away,1.0,1.012264564169952,2.272057089653931e-06
20,And in Again,1.0,1.012264564169952,2.272057089653931e-06
20,And Leave the Drive-In to Us,1.0,1.012264564169952,2.272057089653931e-06
20,And the Candy Manwich,1.0,1.012264564169952,2.272057089653931e-06
20,Andrews' Raiders: Escape to Nowhere,1.0,1.012264564169952,2.272057089653931e-06
20,Andy Cohen,1.0,1.012264564169952,2.272057089653931e-06
20,Andy Irons,1.0,1.012264564169952,2.272057089653931e-06
20,Ángela cachetea a Lucrecia,1.0,1.012264564169952,2.272057089653931e-06
20,Angkor Wat,1.0,1.012264564169952,2.272057089653931e-06
20,Angou Kaidoku!? Shisha no Messeeji,1.0,1.012264564169952,2.272057089653931e-06
20,Animator vs Animation 2,1.0,1.012264564169952,2.272057089653931e-06
20,Ankoku to Shin Sekai,1.0,1.012264564169952,2.272057089653931e-06
20,Anna Thinks of the Best Way on How to Approach Her Long Lost Daughter,1.0,1.012264564169952,2.272057089653931e-06
20,Annie Takes a Chance,1.0,1.012264564169952,2.272057089653931e-06
20,Anorexia,1.0,1.012264564169952,2.272057089653931e-06
20,Another-To-Do,1.0,1.012264564169952,2.272057089653931e-06
20,Another Life,1.0,1.012264564169952,2.272057089653931e-06
20,"Another Time, Another Place/Doctor Who/Gopher's Engagement",1.0,1.012264564169952,2.272057089653931e-06
20,Ansiedade,1.0,1.012264564169952,2.272057089653931e-06
20,Anthony Swofford,1.0,1.012264564169952,2.272057089653931e-06
20,Antiques Week,1.0,1.012264564169952,2.272057089653931e-06
20,Antwerpen Centraal,1.0,1.012264564169952,2.272057089653931e-06
20,Aozora wa kikyuu ni notte/Bakusho Charity engei kai,1.0,1.012264564169952,2.272057089653931e-06
20,Apol Experiences Yet Another Misfortune,1.0,1.012264564169952,2.272057089653931e-06
20,App of Time,1.0,1.012264564169952,2.272057089653931e-06
20,Appointment in Brussels,1.0,1.012264564169952,2.272057089653931e-06
20,Aprender a vivir,1.0,1.012264564169952,2.272057089653931e-06
20,Arano no Minky Momo,1.0,1.012264564169952,2.272057089653931e-06
20,Archie Finds a Friend,1.0,1.012264564169952,2.272057089653931e-06
20,Ariadne auf Naxos,1.0,1.012264564169952,2.272057089653931e-06
20,Aribai no kabe,1.0,1.012264564169952,2.272057089653931e-06
20,Arj Barker: Balls,1.0,1.012264564169952,2.272057089653931e-06
20,Armageddon,1.0,1.012264564169952,2.272057089653931e-06
20,Arme ingenieur voor de rechter,1.0,1.012264564169952,2.272057089653931e-06
20,Arnold and Lisa's Mother,1.0,1.012264564169952,2.272057089653931e-06
20,Art Flash,1.0,1.012264564169952,2.272057089653931e-06
20,Art from the Streets,1.0,1.012264564169952,2.272057089653931e-06
20,Artie Lange/Vanessa Del Rio,1.0,1.012264564169952,2.272057089653931e-06
20,Artistic Experimentation/New Home Transitioning,1.0,1.012264564169952,2.272057089653931e-06
20,Artists/Pilot & Saloon Owner/Crossroads Village,1.0,1.012264564169952,2.272057089653931e-06
20,As the Day Is Long,1.0,1.012264564169952,2.272057089653931e-06
20,Aschenputtel und der gute Vetter,1.0,1.012264564169952,2.272057089653931e-06
20,Ascot Wedding Cake/Calla Lily,1.0,1.012264564169952,2.272057089653931e-06
20,Asmara murni,1.0,1.012264564169952,2.272057089653931e-06
20,At kestanesi,1.0,1.012264564169952,2.272057089653931e-06
20,At the Bottom of Things,1.0,1.012264564169952,2.272057089653931e-06
20,Atashi no sukina piano,1.0,1.012264564169952,2.272057089653931e-06
20,Atlanta,1.0,1.012264564169952,2.272057089653931e-06
20,Atlanta Braves vs. Florida Marlins,1.0,1.012264564169952,2.272057089653931e-06
20,Atlanta: Job Hunt,1.0,1.012264564169952,2.272057089653931e-06
20,Atlántico Express,1.0,1.012264564169952,2.272057089653931e-06
20,Atlantis,1.0,1.012264564169952,2.272057089653931e-06
20,Atomic Dog,1.0,1.012264564169952,2.272057089653931e-06
20,Atorale que es mangana,1.0,1.012264564169952,2.272057089653931e-06
20,Atti impuri all'italiana,1.0,1.012264564169952,2.272057089653931e-06
20,Au gym/À l'urgence/En convalescence,1.0,1.012264564169952,2.272057089653931e-06
20,Au nom du père,1.0,1.012264564169952,2.272057089653931e-06
20,Au téléphone 7,1.0,1.012264564169952,2.272057089653931e-06
20,Au tennis avec Jeannette et Roger,1.0,1.012264564169952,2.272057089653931e-06
20,Au tribunal de l'enfance,1.0,1.012264564169952,2.272057089653931e-06
20,Au village,1.0,1.012264564169952,2.272057089653931e-06
20,"Auburn, Washington: Roger & Mary",1.0,1.012264564169952,2.272057089653931e-06
20,Auditions Part 1,1.0,1.012264564169952,2.272057089653931e-06
20,Auditions: San Francisco,1.0,1.012264564169952,2.272057089653931e-06
20,Auf der Oder,1.0,1.012264564169952,2.272057089653931e-06
20,Auf eigene Faust,1.0,1.012264564169952,2.272057089653931e-06
20,Auf und davon,1.0,1.012264564169952,2.272057089653931e-06
20,Aufbruch,1.0,1.012264564169952,2.272057089653931e-06
20,Auntie Francine,1.0,1.012264564169952,2.272057089653931e-06
20,Auntie Mame,1.0,1.012264564169952,2.272057089653931e-06
20,Auroral Rocket,1.0,1.012264564169952,2.272057089653931e-06
20,Auslandseinsatz,1.0,1.012264564169952,2.272057089653931e-06
20,Automated Pizza Delivery,1.0,1.012264564169952,2.272057089653931e-06
20,AV Hanafuda Hana no Christmas Eve,1.0,1.012264564169952,2.272057089653931e-06
20,Avanç del dia electoral,1.0,1.012264564169952,2.272057089653931e-06
20,Avatar,1.0,1.012264564169952,2.272057089653931e-06
20,Avatar Kinect,1.0,1.012264564169952,2.272057089653931e-06
20,Avec tambours et trompettes,1.0,1.012264564169952,2.272057089653931e-06
20,Aves de rapiña,1.0,1.012264564169952,2.272057089653931e-06
20,AVGN vs. NC Final Battle,1.0,1.012264564169952,2.272057089653931e-06
20,Avril Lavigne/Tony Bennett/Jason Schwartzman,1.0,1.012264564169952,2.272057089653931e-06
20,Avril Lavigne: Skater Girl,1.0,1.012264564169952,2.272057089653931e-06
20,Awfully Deep,1.0,1.012264564169952,2.272057089653931e-06
20,Ayikla beni Hüsnü,1.0,1.012264564169952,2.272057089653931e-06
20,Azulejos de Portugal,1.0,1.012264564169952,2.272057089653931e-06
20,Baba de perico,1.0,1.012264564169952,2.272057089653931e-06
20,Babs's Dream House,1.0,1.012264564169952,2.272057089653931e-06
20,Baby Don't Stop,1.0,1.012264564169952,2.272057089653931e-06
20,Baby It's You/Willa's Bad Hare Day,1.0,1.012264564169952,2.272057089653931e-06
20,Baby Steps,1.0,1.012264564169952,2.272057089653931e-06
20,Baby Tambone,1.0,1.012264564169952,2.272057089653931e-06
20,Baby Tsina,1.0,1.012264564169952,2.272057089653931e-06
20,"Baby, Maybe",1.0,1.012264564169952,2.272057089653931e-06
20,Babyshakes & the Return of Macdaddy,1.0,1.012264564169952,2.272057089653931e-06
20,Back to Life,1.0,1.012264564169952,2.272057089653931e-06
20,Back with a Bang,1.0,1.012264564169952,2.272057089653931e-06
20,Backfire,1.0,1.012264564169952,2.272057089653931e-06
20,Bad 2 the Bone,1.0,1.012264564169952,2.272057089653931e-06
20,Bad Man Bobbs,1.0,1.012264564169952,2.272057089653931e-06
20,Bad Moon Rising,2.0,1.012264564169952,0.00018298174061319897
20,Bad News/The Great Race,1.0,1.012264564169952,2.272057089653931e-06
20,Bad Night,1.0,1.012264564169952,2.272057089653931e-06
20,Badge of Dishonor,1.0,1.012264564169952,2.272057089653931e-06
20,Bahattor Ghonta,1.0,1.012264564169952,2.272057089653931e-06
20,Bailee Madison Talks Parental Guidance and Wizards with Piper Reese,1.0,1.012264564169952,2.272057089653931e-06
20,Balifilm,1.0,1.012264564169952,2.272057089653931e-06
20,Baliw,1.0,1.012264564169952,2.272057089653931e-06
20,Balkans,1.0,1.012264564169952,2.272057089653931e-06
20,Ballet,1.0,1.012264564169952,2.272057089653931e-06
20,Ballet BC,1.0,1.012264564169952,2.272057089653931e-06
20,Ballroom Dancing for Beginners,1.0,1.012264564169952,2.272057089653931e-06
20,Baltimore,1.0,1.012264564169952,2.272057089653931e-06
20,Bandonion 1: Deutsche Tangos,1.0,1.012264564169952,2.272057089653931e-06
20,Bank Job,1.0,1.012264564169952,2.272057089653931e-06
20,Bank Robbers,1.0,1.012264564169952,2.272057089653931e-06
20,Banning,1.0,1.012264564169952,2.272057089653931e-06
20,Bantay salakay,1.0,1.012264564169952,2.272057089653931e-06
20,Baptiste,1.0,1.012264564169952,2.272057089653931e-06
20,Barin barin no zenkai,1.0,1.012264564169952,2.272057089653931e-06
20,"Barney Fife, Realtor",1.0,1.012264564169952,2.272057089653931e-06
20,Bartender,1.0,1.012264564169952,2.272057089653931e-06
20,Bartomeu Morlà,1.0,1.012264564169952,2.272057089653931e-06
20,Bas hocu,1.0,1.012264564169952,2.272057089653931e-06
20,Basic Alan,1.0,1.012264564169952,2.272057089653931e-06
20,Bathhouse & Hinky Dink,1.0,1.012264564169952,2.272057089653931e-06
20,Bathing Beauty,1.0,1.012264564169952,2.272057089653931e-06
20,Bathory,1.0,1.012264564169952,2.272057089653931e-06
20,Bathroom Cop Out,1.0,1.012264564169952,2.272057089653931e-06
20,Battle of the Bozos,1.0,1.012264564169952,2.272057089653931e-06
20,Baxter,1.0,1.012264564169952,2.272057089653931e-06
20,BB05: Nomination 7,1.0,1.012264564169952,2.272057089653931e-06
20,BBC Correspondent: Profits of Doom,1.0,1.012264564169952,2.272057089653931e-06
20,Be a Man,1.0,1.012264564169952,2.272057089653931e-06
20,Be Kind Rewind,1.0,1.012264564169952,2.272057089653931e-06
20,Bearhunting,1.0,1.012264564169952,2.272057089653931e-06
20,Beat Dedication,1.0,1.012264564169952,2.272057089653931e-06
20,Beating the Wheel,1.0,1.012264564169952,2.272057089653931e-06
20,Beatrice Fairfax Episode 8: At the Ainsley Ball,1.0,1.012264564169952,2.272057089653931e-06
20,Beautiful Islands,1.0,1.012264564169952,2.272057089653931e-06
20,Beautiful Wheels,1.0,1.012264564169952,2.272057089653931e-06
20,Beeping Trumpet,1.0,1.012264564169952,2.272057089653931e-06
20,Begegnungen der anderen Art,1.0,1.012264564169952,2.272057089653931e-06
20,Behind City Lights,1.0,1.012264564169952,2.272057089653931e-06
20,Behind Stone Walls,1.0,1.012264564169952,2.272057089653931e-06
20,Behind the 'Scream',1.0,1.012264564169952,2.272057089653931e-06
20,Behind the Scenes of 'Ice',1.0,1.012264564169952,2.272057089653931e-06
20,Behind the Scenes of... Episode 3,1.0,1.012264564169952,2.272057089653931e-06
20,Behind the Scenes: The Third Society,1.0,1.012264564169952,2.272057089653931e-06
20,Bejaarden in Zweden,1.0,1.012264564169952,2.272057089653931e-06
20,Belaboring the Point,1.0,1.012264564169952,2.272057089653931e-06
20,Belli e brutti ridono tutti,1.0,1.012264564169952,2.272057089653931e-06
20,Belly of the Tantra,1.0,1.012264564169952,2.272057089653931e-06
20,Beltlogger 9,1.0,1.012264564169952,2.272057089653931e-06
20,Ben Harper & Relentless 7,1.0,1.012264564169952,2.272057089653931e-06
20,Ben Schwartz,1.0,1.012264564169952,2.272057089653931e-06
20,Ben Stiller,1.0,1.012264564169952,2.272057089653931e-06
20,Beneath These Waters,1.0,1.012264564169952,2.272057089653931e-06
20,Benedict XVI: The Keys of the Kingdom,1.0,1.012264564169952,2.272057089653931e-06
20,Benny's Funeral,1.0,1.012264564169952,2.272057089653931e-06
20,Benny Goodman's Greatest Hits,1.0,1.012264564169952,2.272057089653931e-06
20,Benny Goodman: Let's Dance - A Musical Tribute,1.0,1.012264564169952,2.272057089653931e-06
20,Benny Prinz: Muscles for Champions,1.0,1.012264564169952,2.272057089653931e-06
20,Bentley's Double Play,1.0,1.012264564169952,2.272057089653931e-06
20,Bentley and the Great Debate,1.0,1.012264564169952,2.272057089653931e-06
20,Beograd,1.0,1.012264564169952,2.272057089653931e-06
20,Beraber ölelim,1.0,1.012264564169952,2.272057089653931e-06
20,Bernafas dalam lumpur,1.0,1.012264564169952,2.272057089653931e-06
20,Bernard de Clairvaux,1.0,1.012264564169952,2.272057089653931e-06
20,Berwyn Mountain Mystery,1.0,1.012264564169952,2.272057089653931e-06
20,Best Catches,1.0,1.012264564169952,2.272057089653931e-06
20,Best Friends Forever,1.0,1.012264564169952,2.272057089653931e-06
20,Best Kept,1.0,1.012264564169952,2.272057089653931e-06
20,"Best of 06/18, 2007-06/21, 2007",1.0,1.012264564169952,2.272057089653931e-06
20,Best of Both Worlds,1.0,1.012264564169952,2.272057089653931e-06
20,Best of Formel Eins,1.0,1.012264564169952,2.272057089653931e-06
20,Beton,1.0,1.012264564169952,2.272057089653931e-06
20,Betròpolis,1.0,1.012264564169952,2.272057089653931e-06
20,Betsey Johnson,1.0,1.012264564169952,2.272057089653931e-06
20,Bette Midler: Art or Bust,1.0,1.012264564169952,2.272057089653931e-06
20,Better Never Than Late,1.0,1.012264564169952,2.272057089653931e-06
20,Beverly Hills Mansion Makeover,1.0,1.012264564169952,2.272057089653931e-06
20,Beyond Life,1.0,1.012264564169952,2.272057089653931e-06
20,Beyond the Ropes,1.0,1.012264564169952,2.272057089653931e-06
20,Beyond the Valley of the Dolls,1.0,1.012264564169952,2.272057089653931e-06
20,Bez semyi,1.0,1.012264564169952,2.272057089653931e-06
20,Beziehungskiste - Der Computer und sein Mensch,1.0,1.012264564169952,2.272057089653931e-06
20,Bhadar Tara Vehata Paani,1.0,1.012264564169952,2.272057089653931e-06
20,Bhediyon Ka Samooh: A Pack of Wolves,1.0,1.012264564169952,2.272057089653931e-06
20,Bi-Guy 2,1.0,1.012264564169952,2.272057089653931e-06
20,Bibaboerderij,1.0,1.012264564169952,2.272057089653931e-06
20,Biblioteca do Museu de Ciência,1.0,1.012264564169952,2.272057089653931e-06
20,Bienvenidos a Poptun,1.0,1.012264564169952,2.272057089653931e-06
20,Big Bad Apple,1.0,1.012264564169952,2.272057089653931e-06
20,Big Bad Wolf,1.0,1.012264564169952,2.272057089653931e-06
20,Big beat ve fraku,1.0,1.012264564169952,2.272057089653931e-06
20,Big Bully Bank,1.0,1.012264564169952,2.272057089653931e-06
20,Big Busty 2,1.0,1.012264564169952,2.272057089653931e-06
20,Big Chief Koko,1.0,1.012264564169952,2.272057089653931e-06
20,Big Cock Crazy 3,1.0,1.012264564169952,2.272057089653931e-06
20,Big Cock Seductions 22,1.0,1.012264564169952,2.272057089653931e-06
20,Big Daddy,1.0,1.012264564169952,2.272057089653931e-06
20,Big Deal,1.0,1.012264564169952,2.272057089653931e-06
20,Big Game,1.0,1.012264564169952,2.272057089653931e-06
20,Big Money 1,1.0,1.012264564169952,2.272057089653931e-06
20,Big Sur,1.0,1.012264564169952,2.272057089653931e-06
20,Bigfoot's Reflection,1.0,1.012264564169952,2.272057089653931e-06
20,Bigorno patron par intérim,1.0,1.012264564169952,2.272057089653931e-06
20,Biho,1.0,1.012264564169952,2.272057089653931e-06
20,Biker Mice from Mars,1.0,1.012264564169952,2.272057089653931e-06
20,Bilka,1.0,1.012264564169952,2.272057089653931e-06
20,Bill's Birthday Blues,1.0,1.012264564169952,2.272057089653931e-06
20,Bill Burr: Let It Go,1.0,1.012264564169952,2.272057089653931e-06
20,Bill Heather and Patrick,1.0,1.012264564169952,2.272057089653931e-06
20,"Billies schöne, neue Welt",1.0,1.012264564169952,2.272057089653931e-06
20,Billy's Present,1.0,1.012264564169952,2.272057089653931e-06
20,Billy Joel: Live at Shea Stadium,1.0,1.012264564169952,2.272057089653931e-06
20,Binary,1.0,1.012264564169952,2.272057089653931e-06
20,Binyeo,1.0,1.012264564169952,2.272057089653931e-06
20,Birth of Separation,1.0,1.012264564169952,2.272057089653931e-06
20,Bite Night,1.0,1.012264564169952,2.272057089653931e-06
20,Bits and Pieces,1.0,1.012264564169952,2.272057089653931e-06
20,Black DILTF 4,1.0,1.012264564169952,2.272057089653931e-06
20,Black Nativity,1.0,1.012264564169952,2.272057089653931e-06
20,Black on White Crime 4,1.0,1.012264564169952,2.272057089653931e-06
20,Black Wedding,1.0,1.012264564169952,2.272057089653931e-06
20,Blackout,1.0,1.012264564169952,2.272057089653931e-06
20,Bleeders,1.0,1.012264564169952,2.272057089653931e-06
20,Bleeding Sunshine,1.0,1.012264564169952,2.272057089653931e-06
20,Blind Date,1.0,1.012264564169952,2.272057089653931e-06
20,Blind Man's Bluff,2.0,1.012264564169952,0.00018298174061319897
20,Blonde Fire,1.0,1.012264564169952,2.272057089653931e-06
20,Blood Brothers,1.0,1.012264564169952,2.272057089653931e-06
20,Blood Money,1.0,1.012264564169952,2.272057089653931e-06
20,Bloom,1.0,1.012264564169952,2.272057089653931e-06
20,Blow Winds and Crack Your Cheeks,1.0,1.012264564169952,2.272057089653931e-06
20,Blue Balls,1.0,1.012264564169952,2.272057089653931e-06
20,Blue Kenny,1.0,1.012264564169952,2.272057089653931e-06
20,Blue la magnifique,1.0,1.012264564169952,2.272057089653931e-06
20,Blue Racer Blues,1.0,1.012264564169952,2.272057089653931e-06
20,Bluegrass Journey,1.0,1.012264564169952,2.272057089653931e-06
20,Blueprint America: Beyond the Motor City,1.0,1.012264564169952,2.272057089653931e-06
20,Blues Stop,1.0,1.012264564169952,2.272057089653931e-06
20,Blumau,1.0,1.012264564169952,2.272057089653931e-06
20,Blutige Spur,1.0,1.012264564169952,2.272057089653931e-06
20,Blutsbrüder,1.0,1.012264564169952,2.272057089653931e-06
20,BMW 3 Series Print Advert,1.0,1.012264564169952,2.272057089653931e-06
20,BoA and Jorge Garcia,1.0,1.012264564169952,2.272057089653931e-06
20,Boarding House,1.0,1.012264564169952,2.272057089653931e-06
20,"Bob, James Bob",1.0,1.012264564169952,2.272057089653931e-06
20,"Bodhi, Maggie & Molly, and Bojo",1.0,1.012264564169952,2.272057089653931e-06
20,Body by Bethenny,1.0,1.012264564169952,2.272057089653931e-06
20,Body Double: Volume 1,1.0,1.012264564169952,2.272057089653931e-06
20,Body Electric/The Exotic Erotic Ball/Portraits,1.0,1.012264564169952,2.272057089653931e-06
20,"Bohai, Bohau",1.0,1.012264564169952,2.272057089653931e-06
20,Bolivia Siglo XX,1.0,1.012264564169952,2.272057089653931e-06
20,Bomba tres,1.0,1.012264564169952,2.272057089653931e-06
20,Bonds,1.0,1.012264564169952,2.272057089653931e-06
20,"Bones, Bones, Bones.",1.0,1.012264564169952,2.272057089653931e-06
20,Bonjour Antoine,1.0,1.012264564169952,2.272057089653931e-06
20,"Bonjour, Sondra",1.0,1.012264564169952,2.272057089653931e-06
20,Boob Cruise Babes Volume 1,1.0,1.012264564169952,2.272057089653931e-06
20,Booby Trap?,1.0,1.012264564169952,2.272057089653931e-06
20,Boogie,1.0,1.012264564169952,2.272057089653931e-06
20,Boot Camp,1.0,1.012264564169952,2.272057089653931e-06
20,Booty Hunter,1.0,1.012264564169952,2.272057089653931e-06
20,Bordeaux to Lourdes,1.0,1.012264564169952,2.272057089653931e-06
20,Borderline High,1.0,1.012264564169952,2.272057089653931e-06
20,Born 2 B Wild,1.0,1.012264564169952,2.272057089653931e-06
20,Born in Africa,1.0,1.012264564169952,2.272057089653931e-06
20,Born to Be Wild,1.0,1.012264564169952,2.272057089653931e-06
20,Borstal Boy,1.0,1.012264564169952,2.272057089653931e-06
20,Bosko in Person,1.0,1.012264564169952,2.272057089653931e-06
20,Bosko the Lumberjack,1.0,1.012264564169952,2.272057089653931e-06
20,Bottle,1.0,1.012264564169952,2.272057089653931e-06
20,Bouffe,1.0,1.012264564169952,2.272057089653931e-06
20,Bound for Bondage,1.0,1.012264564169952,2.272057089653931e-06
20,Bourbon in the Bathtub,1.0,1.012264564169952,2.272057089653931e-06
20,Bowling,1.0,1.012264564169952,2.272057089653931e-06
20,Boxer and Ma Benson,1.0,1.012264564169952,2.272057089653931e-06
20,Boy,1.0,1.012264564169952,2.272057089653931e-06
20,Boy Negro,1.0,1.012264564169952,2.272057089653931e-06
20,Boyfriend,1.0,1.012264564169952,2.272057089653931e-06
20,Boys Alone,1.0,1.012264564169952,2.272057089653931e-06
20,Braga,1.0,1.012264564169952,2.272057089653931e-06
20,Brain Fix,1.0,1.012264564169952,2.272057089653931e-06
20,Brainjacked,1.0,1.012264564169952,2.272057089653931e-06
20,Brains & Brawn,1.0,1.012264564169952,2.272057089653931e-06
20,Brainscan,1.0,1.012264564169952,2.272057089653931e-06
20,Brave Heart's Hidden Love,1.0,1.012264564169952,2.272057089653931e-06
20,"Brave New World in Brussels, Belgium",1.0,1.012264564169952,2.272057089653931e-06
20,Brazilian: Part 2,1.0,1.012264564169952,2.272057089653931e-06
20,Breach of Faith,1.0,1.012264564169952,2.272057089653931e-06
20,Break-Up,1.0,1.012264564169952,2.272057089653931e-06
20,Break a Leg,1.0,1.012264564169952,2.272057089653931e-06
20,Breaking and Entering,1.0,1.012264564169952,2.272057089653931e-06
20,Breaking Even,1.0,1.012264564169952,2.272057089653931e-06
20,Breaking Up :(,1.0,1.012264564169952,2.272057089653931e-06
20,Breathless: Dominance of the Moment,1.0,1.012264564169952,2.272057089653931e-06
20,Brennan Has an Important Announcement to Make But Cassandra Will Steal the Spotlight,1.0,1.012264564169952,2.272057089653931e-06
20,Brett Hull,1.0,1.012264564169952,2.272057089653931e-06
20,Breugheliana,1.0,1.012264564169952,2.272057089653931e-06
20,Bridge of Birds,1.0,1.012264564169952,2.272057089653931e-06
20,Bridging the Gap,1.0,1.012264564169952,2.272057089653931e-06
20,Brig Break,1.0,1.012264564169952,2.272057089653931e-06
20,Brighton,1.0,1.012264564169952,2.272057089653931e-06
20,Brigitte,1.0,1.012264564169952,2.272057089653931e-06
20,Bring Your Daughter to Work Day,1.0,1.012264564169952,2.272057089653931e-06
20,Bringing Up Buster,1.0,1.012264564169952,2.272057089653931e-06
20,"Brinks Heist, Saddam's Spider Hole, Rindocus",1.0,1.012264564169952,2.272057089653931e-06
20,Britain's Bomb - Time to Decide,1.0,1.012264564169952,2.272057089653931e-06
20,Brod ludaka,1.0,1.012264564169952,2.272057089653931e-06
20,Broken Hearted Bess,1.0,1.012264564169952,2.272057089653931e-06
20,Broken Night,1.0,1.012264564169952,2.272057089653931e-06
20,Broken Skin,1.0,1.012264564169952,2.272057089653931e-06
20,Broncho Billy's Leap,1.0,1.012264564169952,2.272057089653931e-06
20,Brooklyn,1.0,1.012264564169952,2.272057089653931e-06
20,Brooklyn Bridge,1.0,1.012264564169952,2.272057089653931e-06
20,Brown Babies: Deutschlands verlorene kinder,1.0,1.012264564169952,2.272057089653931e-06
20,Bruce 2,1.0,1.012264564169952,2.272057089653931e-06
20,Bruce Campbell/Nadia G/Theresa Caputo,1.0,1.012264564169952,2.272057089653931e-06
20,Bruce Springsteen: A Secret History,1.0,1.012264564169952,2.272057089653931e-06
20,Bruno,1.0,1.012264564169952,2.272057089653931e-06
20,Buble Gum,1.0,1.012264564169952,2.272057089653931e-06
20,Building an Island Base,1.0,1.012264564169952,2.272057089653931e-06
20,Bulldog,1.0,1.012264564169952,2.272057089653931e-06
20,Bullets Cost Too Much,1.0,1.012264564169952,2.272057089653931e-06
20,Bully-Bully-Bully,1.0,1.012264564169952,2.272057089653931e-06
20,Bully for Arnold,1.0,1.012264564169952,2.272057089653931e-06
20,Bully for You,1.0,1.012264564169952,2.272057089653931e-06
20,Bunarman,1.0,1.012264564169952,2.272057089653931e-06
20,Bundle of Joy,1.0,1.012264564169952,2.272057089653931e-06
20,Bunkered,1.0,1.012264564169952,2.272057089653931e-06
20,Bureaucracy,1.0,1.012264564169952,2.272057089653931e-06
20,Bushmeat: The Slaughter of the Apes,1.0,1.012264564169952,2.272057089653931e-06
20,Busty Cops on Patrol,1.0,1.012264564169952,2.272057089653931e-06
20,Butikstyvens afstraffelse,1.0,1.012264564169952,2.272057089653931e-06
20,Butt Blazer,1.0,1.012264564169952,2.272057089653931e-06
20,Butterflies,2.0,1.012264564169952,0.00018298174061319897
20,Buzzbee's Babysitter,1.0,1.012264564169952,2.272057089653931e-06
20,By Hook or by Crook,2.0,1.012264564169952,0.00018298174061319897
20,By the Sun's Rays,1.0,1.012264564169952,2.272057089653931e-06
20,C.W. Hyde,1.0,1.012264564169952,2.272057089653931e-06
20,Caccia all'uomo,1.0,1.012264564169952,2.272057089653931e-06
20,Cactus,1.0,1.012264564169952,2.272057089653931e-06
20,Cada fill porta un llonguet sota l'aixella,1.0,1.012264564169952,2.272057089653931e-06
20,Caino e Abele,1.0,1.012264564169952,2.272057089653931e-06
20,Caleb Williams,1.0,1.012264564169952,2.272057089653931e-06
20,Calino et le petit restaurant très bien,1.0,1.012264564169952,2.272057089653931e-06
20,Calino gardien de prison,1.0,1.012264564169952,2.272057089653931e-06
20,Call It Casaba,1.0,1.012264564169952,2.272057089653931e-06
20,"Calle de Donceles, Atlixco",1.0,1.012264564169952,2.272057089653931e-06
20,Calucci and the Chicken or the Egg,1.0,1.012264564169952,2.272057089653931e-06
20,Caminos de Michoacán,1.0,1.012264564169952,2.272057089653931e-06
20,Can't Forget New Jersey,1.0,1.012264564169952,2.272057089653931e-06
20,Can ObamaCare Be Repealed? Jenny Beth Martin & PolitiChicks Report!,1.0,1.012264564169952,2.272057089653931e-06
20,Can President Juan Save His Presidency?,1.0,1.012264564169952,2.272057089653931e-06
20,Canada's Fighting Forces,1.0,1.012264564169952,2.272057089653931e-06
20,Cançó de Nadal,1.0,1.012264564169952,2.272057089653931e-06
20,Candle,1.0,1.012264564169952,2.272057089653931e-06
20,Candyman: Part 2,1.0,1.012264564169952,2.272057089653931e-06
20,Cantamaggio,1.0,1.012264564169952,2.272057089653931e-06
20,Cantata for the King,1.0,1.012264564169952,2.272057089653931e-06
20,Canzone appassionata,1.0,1.012264564169952,2.272057089653931e-06
20,Cape Town Soup,1.0,1.012264564169952,2.272057089653931e-06
20,Capitão 7,1.0,1.012264564169952,2.272057089653931e-06
20,Capítulo 168,1.0,1.012264564169952,2.272057089653931e-06
20,Capítulo 213,1.0,1.012264564169952,2.272057089653931e-06
20,Capture of Boer Battery by British,1.0,1.012264564169952,2.272057089653931e-06
20,Car Wars,1.0,1.012264564169952,2.272057089653931e-06
20,Careless Lady,1.0,1.012264564169952,2.272057089653931e-06
20,Carl Sandburg Remembered,1.0,1.012264564169952,2.272057089653931e-06
20,Carnation Charlie,1.0,1.012264564169952,2.272057089653931e-06
20,"Carnelian, Inc.",1.0,1.012264564169952,2.272057089653931e-06
20,Carol,1.0,1.012264564169952,2.272057089653931e-06
20,Caroline and the Younger Man,1.0,1.012264564169952,2.272057089653931e-06
20,Caroline Rhea,1.0,1.012264564169952,2.272057089653931e-06
20,Carousel,1.0,1.012264564169952,2.272057089653931e-06
20,Carta alas... Huwag ka nang humirit,1.0,1.012264564169952,2.272057089653931e-06
20,Cartoon Attempt,1.0,1.012264564169952,2.272057089653931e-06
20,Casa Nova,1.0,1.012264564169952,2.272057089653931e-06
20,Case Study,1.0,1.012264564169952,2.272057089653931e-06
20,Cash Advances for Prairie Grain,1.0,1.012264564169952,2.272057089653931e-06
20,Cash Box,1.0,1.012264564169952,2.272057089653931e-06
20,Casting Girls Nr. 003,1.0,1.012264564169952,2.272057089653931e-06
20,Casual Friday with Sunny Anderson,1.0,1.012264564169952,2.272057089653931e-06
20,Cat Burglar,1.0,1.012264564169952,2.272057089653931e-06
20,Cat Eats Parakeet,1.0,1.012264564169952,2.272057089653931e-06
20,Catalans a la romana,1.0,1.012264564169952,2.272057089653931e-06
20,Catch Me If You Can,1.0,1.012264564169952,2.272057089653931e-06
20,Catch Perfect,1.0,1.012264564169952,2.272057089653931e-06
20,Catspaw,1.0,1.012264564169952,2.272057089653931e-06
20,Cattle King,1.0,1.012264564169952,2.272057089653931e-06
20,Cattle Market in Derry,1.0,1.012264564169952,2.272057089653931e-06
20,Caught in the Act,1.0,1.012264564169952,2.272057089653931e-06
20,Caught Napping,1.0,1.012264564169952,2.272057089653931e-06
20,Cavaleiros De Água Doce,1.0,1.012264564169952,2.272057089653931e-06
20,Celebrates the Arts: Part 5,1.0,1.012264564169952,2.272057089653931e-06
20,Celebrity Big Brother: Veliki Brat VIP - Dan 2,1.0,1.012264564169952,2.272057089653931e-06
20,Celebrity Edition: Part 7,1.0,1.012264564169952,2.272057089653931e-06
20,Cells,1.0,1.012264564169952,2.272057089653931e-06
20,Celluloid Apocalypse: An Interview with John Carpenter,1.0,1.012264564169952,2.272057089653931e-06
20,Celui qui venait d'ailleurs,1.0,1.012264564169952,2.272057089653931e-06
20,Cent cinquante poèmes mis en sang,1.0,1.012264564169952,2.272057089653931e-06
20,Centennial Olympic Games: Torch Relay Opening Ceremonies,1.0,1.012264564169952,2.272057089653931e-06
20,Central Experimental Farm,1.0,1.012264564169952,2.272057089653931e-06
20,Chairman of the Board/Charles Mann/Sylvia,1.0,1.012264564169952,2.272057089653931e-06
20,Chamber of Lost Harts,1.0,1.012264564169952,2.272057089653931e-06
20,Chame Gente - A História do Trio Elétrico,1.0,1.012264564169952,2.272057089653931e-06
20,Champagne galoppen,1.0,1.012264564169952,2.272057089653931e-06
20,Changing Tempo,1.0,1.012264564169952,2.272057089653931e-06
20,Chantage de femmes,1.0,1.012264564169952,2.272057089653931e-06
20,Chaos Theory,1.0,1.012264564169952,2.272057089653931e-06
20,"Chaplinesque, My Life and Hard Times",1.0,1.012264564169952,2.272057089653931e-06
20,Chapter One,1.0,1.012264564169952,2.272057089653931e-06
20,Chapter XV,1.0,1.012264564169952,2.272057089653931e-06
20,Character Tales: Sheriff Wild Bill Hitchcock,1.0,1.012264564169952,2.272057089653931e-06
20,Charity Case,1.0,1.012264564169952,2.272057089653931e-06
20,Charity Seagulls,1.0,1.012264564169952,2.272057089653931e-06
20,Charles' tante,1.0,1.012264564169952,2.272057089653931e-06
20,Charley is ongelukkig met haar ouders,1.0,1.012264564169952,2.272057089653931e-06
20,Charley zit opgesloten!,1.0,1.012264564169952,2.272057089653931e-06
20,Charli y la fábrica de prostitutas,1.0,1.012264564169952,2.272057089653931e-06
20,Charlie's Angels for Gamecube,1.0,1.012264564169952,2.272057089653931e-06
20,Chartres,1.0,1.012264564169952,2.272057089653931e-06
20,Chase,1.0,1.012264564169952,2.272057089653931e-06
20,Chase for the Crown,1.0,1.012264564169952,2.272057089653931e-06
20,Chasing Rainbeaux,1.0,1.012264564169952,2.272057089653931e-06
20,Chasing the Dream,1.0,1.012264564169952,2.272057089653931e-06
20,"Chattanooga, TN",1.0,1.012264564169952,2.272057089653931e-06
20,Check It Out,1.0,1.012264564169952,2.272057089653931e-06
20,Check Mate,1.0,1.012264564169952,2.272057089653931e-06
20,Checkmate,1.0,1.012264564169952,2.272057089653931e-06
20,Chelkash,1.0,1.012264564169952,2.272057089653931e-06
20,Chelsea Handler Opens Up About Brother's Untimely Death,1.0,1.012264564169952,2.272057089653931e-06
20,Chercher le garçon,1.0,1.012264564169952,2.272057089653931e-06
20,Cherished,1.0,1.012264564169952,2.272057089653931e-06
20,Cherushî gâruzu,1.0,1.012264564169952,2.272057089653931e-06
20,Cherv,1.0,1.012264564169952,2.272057089653931e-06
20,Chicago Clock/Universal Friends/War Dog Letter,1.0,1.012264564169952,2.272057089653931e-06
20,Chijoku no heya,1.0,1.012264564169952,2.272057089653931e-06
20,Chikatetsu renzoku reipu: Aijin-gari,1.0,1.012264564169952,2.272057089653931e-06
20,Childhood's End,1.0,1.012264564169952,2.272057089653931e-06
20,Childhood Pattern,1.0,1.012264564169952,2.272057089653931e-06
20,Children of Methuselah,1.0,1.012264564169952,2.272057089653931e-06
20,Chili Corn Corny,1.0,1.012264564169952,2.272057089653931e-06
20,Chinaman's Chance,1.0,1.012264564169952,2.272057089653931e-06
20,Chinatown Murder Mystery: The Case of the Poisoned Hand,1.0,1.012264564169952,2.272057089653931e-06
20,Chinzeî hachirô tametomo,1.0,1.012264564169952,2.272057089653931e-06
20,Chizu no nai kuni shinnen no sokuryô sen go hyaku nichi,1.0,1.012264564169952,2.272057089653931e-06
20,Chosen! Tenkai toraiasuron,1.0,1.012264564169952,2.272057089653931e-06
20,Chris Leben vs. Yoshihiro Akiyama,1.0,1.012264564169952,2.272057089653931e-06
20,Chris Matthews,1.0,1.012264564169952,2.272057089653931e-06
20,Chrissy's Hospitality,1.0,1.012264564169952,2.272057089653931e-06
20,Christi Sánchez tiene un show,1.0,1.012264564169952,2.272057089653931e-06
20,Christina Milian,1.0,1.012264564169952,2.272057089653931e-06
20,Christine,1.0,1.012264564169952,2.272057089653931e-06
20,Christmas with Kiri Te Kanawa: Carols from Coventry Cathedral,1.0,1.012264564169952,2.272057089653931e-06
20,Chromosomen,1.0,1.012264564169952,2.272057089653931e-06
20,Chronique d'un été (Paris 1960),1.0,1.012264564169952,2.272057089653931e-06
20,Chroniques anachroniques,1.0,1.012264564169952,2.272057089653931e-06
20,Chuckie vs. The Potty/Together at Last,1.0,1.012264564169952,2.272057089653931e-06
20,Chyornyy biznes,1.0,1.012264564169952,2.272057089653931e-06
20,Cinco de mayo,1.0,1.012264564169952,2.272057089653931e-06
20,Circulation of Blood in a Frog's Foot,1.0,1.012264564169952,2.272057089653931e-06
20,Ciro y Los Persas,1.0,1.012264564169952,2.272057089653931e-06
20,Cirque du Solos,1.0,1.012264564169952,2.272057089653931e-06
20,Citizen Keane,1.0,1.012264564169952,2.272057089653931e-06
20,Citizen Under Attack 4,1.0,1.012264564169952,2.272057089653931e-06
20,City of Angels,1.0,1.012264564169952,2.272057089653931e-06
20,ClairvoyANT,1.0,1.012264564169952,2.272057089653931e-06
20,Clandestino a Trieste,1.0,1.012264564169952,2.272057089653931e-06
20,Clash of the Cave Men,1.0,1.012264564169952,2.272057089653931e-06
20,Class of '87,1.0,1.012264564169952,2.272057089653931e-06
20,Classical Frieze,1.0,1.012264564169952,2.272057089653931e-06
20,Classified Love,1.0,1.012264564169952,2.272057089653931e-06
20,Clean Sweep,1.0,1.012264564169952,2.272057089653931e-06
20,Clever Cookie,1.0,1.012264564169952,2.272057089653931e-06
20,Close Encounter of the Nerd Kind,1.0,1.012264564169952,2.272057089653931e-06
20,Close to Saskia,1.0,1.012264564169952,2.272057089653931e-06
20,Closing,1.0,1.012264564169952,2.272057089653931e-06
20,Closing the Circle,1.0,1.012264564169952,2.272057089653931e-06
20,Clown's Mixup,1.0,1.012264564169952,2.272057089653931e-06
20,Clown and Gorilla,1.0,1.012264564169952,2.272057089653931e-06
20,Clown Becomes Psychic Fortune Teller,1.0,1.012264564169952,2.272057089653931e-06
20,Clutch,1.0,1.012264564169952,2.272057089653931e-06
20,"CMA Awards, Grammy Nominees and DJ Collabs",1.0,1.012264564169952,2.272057089653931e-06
20,CMT Total Access: Rascal Flatts,1.0,1.012264564169952,2.272057089653931e-06
20,Coast Guard Adventure,1.0,1.012264564169952,2.272057089653931e-06
20,Coasters of the West,1.0,1.012264564169952,2.272057089653931e-06
20,Cocoy and Stella Plan to Elope,1.0,1.012264564169952,2.272057089653931e-06
20,Coffin Box Ka Raaz,1.0,1.012264564169952,2.272057089653931e-06
20,Cold Lampin' Space/Time,1.0,1.012264564169952,2.272057089653931e-06
20,Cold Sweat,1.0,1.012264564169952,2.272057089653931e-06
20,Coldblooded Katharine,1.0,1.012264564169952,2.272057089653931e-06
20,Com Água na Boca,1.0,1.012264564169952,2.272057089653931e-06
20,Combes froides,1.0,1.012264564169952,2.272057089653931e-06
20,Comencen els espots electorals,1.0,1.012264564169952,2.272057089653931e-06
20,Comic Vibe,1.0,1.012264564169952,2.272057089653931e-06
20,Coming Home,1.0,1.012264564169952,2.272057089653931e-06
20,Comme tu lui ressembles,1.0,1.012264564169952,2.272057089653931e-06
20,Comme un lundi,1.0,1.012264564169952,2.272057089653931e-06
20,Compère Guilleri,1.0,1.012264564169952,2.272057089653931e-06
20,Compulsion: Part 2,1.0,1.012264564169952,2.272057089653931e-06
20,Computer Games,1.0,1.012264564169952,2.272057089653931e-06
20,Computers,1.0,1.012264564169952,2.272057089653931e-06
20,Conan: Part 2,1.0,1.012264564169952,2.272057089653931e-06
20,Concentrate and Ask Again,1.0,1.012264564169952,2.272057089653931e-06
20,Confession,1.0,1.012264564169952,2.272057089653931e-06
20,Confession Cam: The Clooney Tapes,1.0,1.012264564169952,2.272057089653931e-06
20,Conflict and Chaos: Brooklyn's Finest,1.0,1.012264564169952,2.272057089653931e-06
20,Conflit de canards,1.0,1.012264564169952,2.272057089653931e-06
20,Confrontation,1.0,1.012264564169952,2.272057089653931e-06
20,"Congratulations, Jacob",1.0,1.012264564169952,2.272057089653931e-06
20,Connexions Bujumbura,1.0,1.012264564169952,2.272057089653931e-06
20,Connor's Woods,1.0,1.012264564169952,2.272057089653931e-06
20,Conquering Silence: Restore Hearing,1.0,1.012264564169952,2.272057089653931e-06
20,Consecuencias,1.0,1.012264564169952,2.272057089653931e-06
20,Cool Country Kitchen,1.0,1.012264564169952,2.272057089653931e-06
20,Cop-Out,1.0,1.012264564169952,2.272057089653931e-06
20,Copihues rojos,1.0,1.012264564169952,2.272057089653931e-06
20,Coração Alado,1.0,1.012264564169952,2.272057089653931e-06
20,Corações Plásticos,1.0,1.012264564169952,2.272057089653931e-06
20,Cornelia Froboess,1.0,1.012264564169952,2.272057089653931e-06
20,Cornwall,1.0,1.012264564169952,2.272057089653931e-06
20,Corridors of Blood,1.0,1.012264564169952,2.272057089653931e-06
20,Cos pes na terra,1.0,1.012264564169952,2.272057089653931e-06
20,Couch,1.0,1.012264564169952,2.272057089653931e-06
20,Country Nurse,1.0,1.012264564169952,2.272057089653931e-06
20,Courtyard,1.0,1.012264564169952,2.272057089653931e-06
20,Covjek i njegova zena,1.0,1.012264564169952,2.272057089653931e-06
20,Cow Stories Part I,1.0,1.012264564169952,2.272057089653931e-06
20,Crab Castle/Fierce Battle of the Pig and Skunk Armies,1.0,1.012264564169952,2.272057089653931e-06
20,Crab in a Pinch/Sorry Sunny,1.0,1.012264564169952,2.272057089653931e-06
20,Cradle Will Rock,1.0,1.012264564169952,2.272057089653931e-06
20,Crash!,1.0,1.012264564169952,2.272057089653931e-06
20,Crashing Through to Berlin,1.0,1.012264564169952,2.272057089653931e-06
20,Crazy Kong,1.0,1.012264564169952,2.272057089653931e-06
20,Crazy Taxi 2,1.0,1.012264564169952,2.272057089653931e-06
20,Creatacious Outbreak,1.0,1.012264564169952,2.272057089653931e-06
20,Creating a Romantic Bedroom,1.0,1.012264564169952,2.272057089653931e-06
20,Creative Team Behind 'Hotel Transylvania' Part 2,1.0,1.012264564169952,2.272057089653931e-06
20,Creature from the Haunted Sea,1.0,1.012264564169952,2.272057089653931e-06
20,Creeper,1.0,1.012264564169952,2.272057089653931e-06
20,Crime at the Mill,1.0,1.012264564169952,2.272057089653931e-06
20,Crime of Fashion,1.0,1.012264564169952,2.272057089653931e-06
20,Crime Unlimited,1.0,1.012264564169952,2.272057089653931e-06
20,Crime Zone,1.0,1.012264564169952,2.272057089653931e-06
20,Crimson Shoals,1.0,1.012264564169952,2.272057089653931e-06
20,Crociera navale degli avanguardisti (III),1.0,1.012264564169952,2.272057089653931e-06
20,Crocodile Blues,1.0,1.012264564169952,2.272057089653931e-06
20,Crocodile Kerfuffle,1.0,1.012264564169952,2.272057089653931e-06
20,Cross Eyed,1.0,1.012264564169952,2.272057089653931e-06
20,Crossbows and Mustaches,1.0,1.012264564169952,2.272057089653931e-06
20,Crossed Wires,1.0,1.012264564169952,2.272057089653931e-06
20,Crow Quill Night Owls,1.0,1.012264564169952,2.272057089653931e-06
20,Cry Me a Sister,1.0,1.012264564169952,2.272057089653931e-06
20,Cualquiera tiempo pasado,1.0,1.012264564169952,2.272057089653931e-06
20,Cubs Forever: Celebrating 60 Years of WGN-TV and the Chicago Cubs,1.0,1.012264564169952,2.272057089653931e-06
20,"Cuidado, hombres trabajando",1.0,1.012264564169952,2.272057089653931e-06
20,Cursed Again,1.0,1.012264564169952,2.272057089653931e-06
20,Curtis Mayfield/War/Wilson Pickett,1.0,1.012264564169952,2.272057089653931e-06
20,Custer's Last Man: I Survived Little Big Horn,1.0,1.012264564169952,2.272057089653931e-06
20,Cut Out for Love,1.0,1.012264564169952,2.272057089653931e-06
20,Cutthroat: Part 2,1.0,1.012264564169952,2.272057089653931e-06
20,Cynthia Bailey and CoCo,1.0,1.012264564169952,2.272057089653931e-06
20,Cynthia McFadden,1.0,1.012264564169952,2.272057089653931e-06
20,Dabangg,1.0,1.012264564169952,2.272057089653931e-06
20,Dad's Den,1.0,1.012264564169952,2.272057089653931e-06
20,Dad's Orders,1.0,1.012264564169952,2.272057089653931e-06
20,Daddy's Home,1.0,1.012264564169952,2.272057089653931e-06
20,Daddy-O Died So That Love Could Live,1.0,1.012264564169952,2.272057089653931e-06
20,Daddy Dearest,1.0,1.012264564169952,2.272057089653931e-06
20,Daffy Rents,1.0,1.012264564169952,2.272057089653931e-06
20,Damaged Goods,1.0,1.012264564169952,2.272057089653931e-06
20,Dame ningen domo atsumare,1.0,1.012264564169952,2.272057089653931e-06
20,Dan Aykroyd/Beyonce,1.0,1.012264564169952,2.272057089653931e-06
20,Dan före dopparedan,1.0,1.012264564169952,2.272057089653931e-06
20,Dana/Chris B,1.0,1.012264564169952,2.272057089653931e-06
20,Dances with Malcolm,1.0,1.012264564169952,2.272057089653931e-06
20,Dancing,1.0,1.012264564169952,2.272057089653931e-06
20,Dandelion,1.0,1.012264564169952,2.272057089653931e-06
20,Dane Cook,1.0,1.012264564169952,2.272057089653931e-06
20,Dangerous Diva Double Trouble,1.0,1.012264564169952,2.272057089653931e-06
20,Dangerous Liaisons,1.0,1.012264564169952,2.272057089653931e-06
20,Danmarksfilmen,1.0,1.012264564169952,2.272057089653931e-06
20,Danny DeVito,1.0,1.012264564169952,2.272057089653931e-06
20,Dans les montagnes,1.0,1.012264564169952,2.272057089653931e-06
20,Dansk Folkeparti,1.0,1.012264564169952,2.272057089653931e-06
20,Dark Corner,1.0,1.012264564169952,2.272057089653931e-06
20,Dark Horse,1.0,1.012264564169952,2.272057089653931e-06
20,Darkness,1.0,1.012264564169952,2.272057089653931e-06
20,"Das Geheimnis der sechs Spielkarten, 5. Teil - Herz König",1.0,1.012264564169952,2.272057089653931e-06
20,Das Haus,1.0,1.012264564169952,2.272057089653931e-06
20,Das Jahr 1974,1.0,1.012264564169952,2.272057089653931e-06
20,Das Testament,1.0,1.012264564169952,2.272057089653931e-06
20,Das Todesprogramm,1.0,1.012264564169952,2.272057089653931e-06
20,Das Totenmahl auf Schloß Begalitza,1.0,1.012264564169952,2.272057089653931e-06
20,Das Vermächtnis,1.0,1.012264564169952,2.272057089653931e-06
20,Date Anomalies,1.0,1.012264564169952,2.272057089653931e-06
20,Dating Game,1.0,1.012264564169952,2.272057089653931e-06
20,Dave's Oyster Bar,1.0,1.012264564169952,2.272057089653931e-06
20,Dave Spector,1.0,1.012264564169952,2.272057089653931e-06
20,David Frost Presents the Guiness Book of World Records,1.0,1.012264564169952,2.272057089653931e-06
20,David H v3,1.0,1.012264564169952,2.272057089653931e-06
20,David Lebón,1.0,1.012264564169952,2.272057089653931e-06
20,Davor,1.0,1.012264564169952,2.272057089653931e-06
20,Day of Judgment,1.0,1.012264564169952,2.272057089653931e-06
20,Daytime Tiger,1.0,1.012264564169952,2.272057089653931e-06
20,DC Online and Creepshow: RAW,1.0,1.012264564169952,2.272057089653931e-06
20,De cómo cuando se rompen las reglas puede que las cosas salgan bien,1.0,1.012264564169952,2.272057089653931e-06
20,De cómo Mateo saca el billete de vuelta,1.0,1.012264564169952,2.272057089653931e-06
20,De geweren van vrouw Carrar,1.0,1.012264564169952,2.272057089653931e-06
20,De goede herder,1.0,1.012264564169952,2.272057089653931e-06
20,De honden,1.0,1.012264564169952,2.272057089653931e-06
20,De que estamos hechos,1.0,1.012264564169952,2.272057089653931e-06
20,De Rechupete San Lorenzo,1.0,1.012264564169952,2.272057089653931e-06
20,De regels van het vliegen,1.0,1.012264564169952,2.272057089653931e-06
20,De verdwenen gevangene,1.0,1.012264564169952,2.272057089653931e-06
20,De verhuizing en het afscheid,1.0,1.012264564169952,2.272057089653931e-06
20,Dead and Butter Pudding,1.0,1.012264564169952,2.272057089653931e-06
20,Dear Friends: An Evening with the Foreign Exchange,1.0,1.012264564169952,2.272057089653931e-06
20,Dear Old London,1.0,1.012264564169952,2.272057089653931e-06
20,Dearly Beloved,1.0,1.012264564169952,2.272057089653931e-06
20,Death Omen Star Is Falling! Rei! Heaven Tricks Time Cruelly!,1.0,1.012264564169952,2.272057089653931e-06
20,Death Scenes,1.0,1.012264564169952,2.272057089653931e-06
20,Debating Robert Lee,1.0,1.012264564169952,2.272057089653931e-06
20,Deceivers,1.0,1.012264564169952,2.272057089653931e-06
20,Decoy,1.0,1.012264564169952,2.272057089653931e-06
20,Decoy Duck,1.0,1.012264564169952,2.272057089653931e-06
20,Dedicato a Giuliana,1.0,1.012264564169952,2.272057089653931e-06
20,Deep Inside Annie Sprinkle,1.0,1.012264564169952,2.272057089653931e-06
20,Deepak Chopra/Tom DeLonge,1.0,1.012264564169952,2.272057089653931e-06
20,Demanding Sally,1.0,1.012264564169952,2.272057089653931e-06
20,Démangeaisons,1.0,1.012264564169952,2.272057089653931e-06
20,Demo Tape,1.0,1.012264564169952,2.272057089653931e-06
20,"Demo, ayafuya",1.0,1.012264564169952,2.272057089653931e-06
20,Den farliga leken,1.0,1.012264564169952,2.272057089653931e-06
20,Den store operation,1.0,1.012264564169952,2.272057089653931e-06
20,Dentro de sí,1.0,1.012264564169952,2.272057089653931e-06
20,Denver Broncos at Green Bay Packers,1.0,1.012264564169952,2.272057089653931e-06
20,"Denver School of the Arts: Denver, CO",1.0,1.012264564169952,2.272057089653931e-06
20,Denver: People Search,1.0,1.012264564169952,2.272057089653931e-06
20,Departure,1.0,1.012264564169952,2.272057089653931e-06
20,Der Diamant des Geisterkönigs,1.0,1.012264564169952,2.272057089653931e-06
20,Der Erfinder,1.0,1.012264564169952,2.272057089653931e-06
20,Der explodierende Turnschuh,1.0,1.012264564169952,2.272057089653931e-06
20,Der Fall Seitz,1.0,1.012264564169952,2.272057089653931e-06
20,Der Fluch der Hemingways,1.0,1.012264564169952,2.272057089653931e-06
20,Der Geburtstag,1.0,1.012264564169952,2.272057089653931e-06
20,Der gemeinnützige Herr Hüttelkofer,1.0,1.012264564169952,2.272057089653931e-06
20,Der große Preis,1.0,1.012264564169952,2.272057089653931e-06
20,Der kleine Unbekannte,1.0,1.012264564169952,2.272057089653931e-06
20,Der Lord von Barmbeck,1.0,1.012264564169952,2.272057089653931e-06
20,Der schwarze Montag,1.0,1.012264564169952,2.272057089653931e-06
20,Der Sprung ins Nichts,1.0,1.012264564169952,2.272057089653931e-06
20,Der Unentbehrliche,1.0,1.012264564169952,2.272057089653931e-06
20,Der verlorene Sohn,1.0,1.012264564169952,2.272057089653931e-06
20,Descent,1.0,1.012264564169952,2.272057089653931e-06
20,Desert Oasis 5,1.0,1.012264564169952,2.272057089653931e-06
20,Designing Green,1.0,1.012264564169952,2.272057089653931e-06
20,Designing Texas,1.0,1.012264564169952,2.272057089653931e-06
20,Desire for Beauty,1.0,1.012264564169952,2.272057089653931e-06
20,Destined,1.0,1.012264564169952,2.272057089653931e-06
20,Detention,1.0,1.012264564169952,2.272057089653931e-06
20,Dethwater,1.0,1.012264564169952,2.272057089653931e-06
20,Deti noci,1.0,1.012264564169952,2.272057089653931e-06
20,Detour,1.0,1.012264564169952,2.272057089653931e-06
20,Devil with the Violet Dress On/Kidnapped Koala,1.0,1.012264564169952,2.272057089653931e-06
20,Di ba zong zui,1.0,1.012264564169952,2.272057089653931e-06
20,Dialogues of the Carmelites,1.0,1.012264564169952,2.272057089653931e-06
20,Diana Ross,1.0,1.012264564169952,2.272057089653931e-06
20,Dick Wakes Up,1.0,1.012264564169952,2.272057089653931e-06
20,Dido Leaves the Seminary for Sabel,1.0,1.012264564169952,2.272057089653931e-06
20,Die Aufnahmeprüfung,1.0,1.012264564169952,2.272057089653931e-06
20,Die blonde Bestie,1.0,1.012264564169952,2.272057089653931e-06
20,Die Erbschaft,1.0,1.012264564169952,2.272057089653931e-06
20,Die Fälle des Herrn Konstantin,1.0,1.012264564169952,2.272057089653931e-06
20,Die Geliebte,1.0,1.012264564169952,2.272057089653931e-06
20,Die Kakerlakenbombe,1.0,1.012264564169952,2.272057089653931e-06
20,Die Königsspitze,1.0,1.012264564169952,2.272057089653931e-06
20,Die Minensucherin,1.0,1.012264564169952,2.272057089653931e-06
20,Die mysteriösen Lebenslinien,1.0,1.012264564169952,2.272057089653931e-06
20,Die Naturphilosophen aus Milet,1.0,1.012264564169952,2.272057089653931e-06
20,Die Queen in Berlin - Phänomen Monarchie,1.0,1.012264564169952,2.272057089653931e-06
20,Die Rache des Fakirs,1.0,1.012264564169952,2.272057089653931e-06
20,Die Sex-Therapie,1.0,1.012264564169952,2.272057089653931e-06
20,Die Skillies,1.0,1.012264564169952,2.272057089653931e-06
20,Die Snowman Die,1.0,1.012264564169952,2.272057089653931e-06
20,Die starke Susi - Boxen zum Überleben,1.0,1.012264564169952,2.272057089653931e-06
20,Die Stress Spirale,1.0,1.012264564169952,2.272057089653931e-06
20,Die Todesengel - Wenn Pfleger morden,1.0,1.012264564169952,2.272057089653931e-06
20,Die Unzertrennlichen,1.0,1.012264564169952,2.272057089653931e-06
20,Die verfickte Praxis,1.0,1.012264564169952,2.272057089653931e-06
20,Die Zeitbombe,1.0,1.012264564169952,2.272057089653931e-06
20,Die Zeitmaschine,1.0,1.012264564169952,2.272057089653931e-06
20,"Die, in der Oma ohnmächtig wird",1.0,1.012264564169952,2.272057089653931e-06
20,Diecinueve,1.0,1.012264564169952,2.272057089653931e-06
20,"Diet, Diet My Darling",1.0,1.012264564169952,2.272057089653931e-06
20,Dieux du stade: Le making of du calendrier 2007,1.0,1.012264564169952,2.272057089653931e-06
20,Diez minutos,1.0,1.012264564169952,2.272057089653931e-06
20,Diken Üstünde,1.0,1.012264564169952,2.272057089653931e-06
20,Dikiy Gavrila,1.0,1.012264564169952,2.272057089653931e-06
20,Dilemas sin resolver,1.0,1.012264564169952,2.272057089653931e-06
20,Dinner Along the Amazon,1.0,1.012264564169952,2.272057089653931e-06
20,Dinner Night,1.0,1.012264564169952,2.272057089653931e-06
20,Dinner on a Budget,1.0,1.012264564169952,2.272057089653931e-06
20,Dirty Bob's Xcellent Adventures 25,1.0,1.012264564169952,2.272057089653931e-06
20,Disappearing Manhattan,1.0,1.012264564169952,2.272057089653931e-06
20,Discord,1.0,1.012264564169952,2.272057089653931e-06
20,Discovery Health CME,1.0,1.012264564169952,2.272057089653931e-06
20,Disgrace,1.0,1.012264564169952,2.272057089653931e-06
20,Disgraceful Family Drama,1.0,1.012264564169952,2.272057089653931e-06
20,Disney Princess Party: Volume Two,1.0,1.012264564169952,2.272057089653931e-06
20,Divorce: A Love Story,1.0,1.012264564169952,2.272057089653931e-06
20,Dixie Duel,1.0,1.012264564169952,2.272057089653931e-06
20,Dizzy Heights Hotel,1.0,1.012264564169952,2.272057089653931e-06
20,Dizzy Sights,1.0,1.012264564169952,2.272057089653931e-06
20,DJs special,1.0,1.012264564169952,2.272057089653931e-06
20,DLT's Radio1 Quiz Give Us a Break,1.0,1.012264564169952,2.272057089653931e-06
20,Do ocí,1.0,1.012264564169952,2.272057089653931e-06
20,Do You Fancy Me?,1.0,1.012264564169952,2.272057089653931e-06
20,Do You Like My Basement,1.0,1.012264564169952,2.272057089653931e-06
20,Doc April and Mr Dad,1.0,1.012264564169952,2.272057089653931e-06
20,Doctor Is In,1.0,1.012264564169952,2.272057089653931e-06
20,Doctors Without Borders,1.0,1.012264564169952,2.272057089653931e-06
20,Dog Day Afternoon,1.0,1.012264564169952,2.272057089653931e-06
20,Dog Day for Artemis,1.0,1.012264564169952,2.272057089653931e-06
20,Dog Daze,1.0,1.012264564169952,2.272057089653931e-06
20,Dog Sleds,1.0,1.012264564169952,2.272057089653931e-06
20,Dom 2,1.0,1.012264564169952,2.272057089653931e-06
20,Domani è un altro giorno,1.0,1.012264564169952,2.272057089653931e-06
20,Domestic,1.0,1.012264564169952,2.272057089653931e-06
20,"Don't Ask, Don't Tell",1.0,1.012264564169952,2.272057089653931e-06
20,Don't Call Me Gadget,1.0,1.012264564169952,2.272057089653931e-06
20,Don't Hate the Player,1.0,1.012264564169952,2.272057089653931e-06
20,Don Ricardo Returns,1.0,1.012264564169952,2.272057089653931e-06
20,Don Smurfo's Uninvited Guests,1.0,1.012264564169952,2.272057089653931e-06
20,Dona Magda e Seus Dois Maridos,1.0,1.012264564169952,2.272057089653931e-06
20,"Dona Mira, A Máquina De Lavar Roupas",1.0,1.012264564169952,2.272057089653931e-06
20,Dong Bei Ai Qing Gu Shi,1.0,1.012264564169952,2.272057089653931e-06
20,Doode oogen,1.0,1.012264564169952,2.272057089653931e-06
20,Doodlebug,1.0,1.012264564169952,2.272057089653931e-06
20,Dorakyura dai-panikku,1.0,1.012264564169952,2.272057089653931e-06
20,Doronko sabû funtôki,1.0,1.012264564169952,2.272057089653931e-06
20,Double Date,1.0,1.012264564169952,2.272057089653931e-06
20,Double Date: Part 3,1.0,1.012264564169952,2.272057089653931e-06
20,Double mixte,1.0,1.012264564169952,2.272057089653931e-06
20,Double Plugged,1.0,1.012264564169952,2.272057089653931e-06
20,Double Teamed and Creamed 4,1.0,1.012264564169952,2.272057089653931e-06
20,Double Trouble,1.0,1.012264564169952,2.272057089653931e-06
20,Douche après le bain,1.0,1.012264564169952,2.272057089653931e-06
20,Down Memory Lane,1.0,1.012264564169952,2.272057089653931e-06
20,Down the Line,1.0,1.012264564169952,2.272057089653931e-06
20,Down to the Wire,1.0,1.012264564169952,2.272057089653931e-06
20,Downhill Spiral,1.0,1.012264564169952,2.272057089653931e-06
20,Downsizing in DC,1.0,1.012264564169952,2.272057089653931e-06
20,Downtown,2.0,1.012264564169952,0.00018298174061319897
20,Dowsing,1.0,1.012264564169952,2.272057089653931e-06
20,Dr. Angry Head,1.0,1.012264564169952,2.272057089653931e-06
20,Dr. Nikola I,1.0,1.012264564169952,2.272057089653931e-06
20,Dr. Quack,1.0,1.012264564169952,2.272057089653931e-06
20,Drachenfutter,1.0,1.012264564169952,2.272057089653931e-06
20,Dragon Boys,1.0,1.012264564169952,2.272057089653931e-06
20,Drawn In,1.0,1.012264564169952,2.272057089653931e-06
20,Dream Land,1.0,1.012264564169952,2.272057089653931e-06
20,Drinkin' Milk and Spinnin',1.0,1.012264564169952,2.272057089653931e-06
20,Driving Miss Crazy,1.0,1.012264564169952,2.272057089653931e-06
20,Dry Bones,1.0,1.012264564169952,2.272057089653931e-06
20,Duboko grlo,1.0,1.012264564169952,2.272057089653931e-06
20,"Dude, Brownies",1.0,1.012264564169952,2.272057089653931e-06
20,Duelo de pistoleros,1.0,1.012264564169952,2.272057089653931e-06
20,Duister licht,1.0,1.012264564169952,2.272057089653931e-06
20,Dulces perversiones,1.0,1.012264564169952,2.272057089653931e-06
20,Duma,1.0,1.012264564169952,2.272057089653931e-06
20,Dumm gelaufen,1.0,1.012264564169952,2.272057089653931e-06
20,Dummy,1.0,1.012264564169952,2.272057089653931e-06
20,"Dunns River Falls, Jamacia: The Climb",1.0,1.012264564169952,2.272057089653931e-06
20,Duty to Save,1.0,1.012264564169952,2.272057089653931e-06
20,Duvet Days,1.0,1.012264564169952,2.272057089653931e-06
20,E Agora José? - Tortura do Sexo,1.0,1.012264564169952,2.272057089653931e-06
20,E yue,1.0,1.012264564169952,2.272057089653931e-06
20,Early Bird Supper,1.0,1.012264564169952,2.272057089653931e-06
20,Early Summer,1.0,1.012264564169952,2.272057089653931e-06
20,Eat Out NY,1.0,1.012264564169952,2.272057089653931e-06
20,Ebong Bewarish (and the Unclaimed),1.0,1.012264564169952,2.272057089653931e-06
20,Echo,1.0,1.012264564169952,2.272057089653931e-06
20,Echoes,1.0,1.012264564169952,2.272057089653931e-06
20,Echoes of the Sun,1.0,1.012264564169952,2.272057089653931e-06
20,Economix - Volume 1,1.0,1.012264564169952,2.272057089653931e-06
20,Ed for Sale/Rope-A-Dopes,1.0,1.012264564169952,2.272057089653931e-06
20,Edgar Allen Poe: The Making Of,1.0,1.012264564169952,2.272057089653931e-06
20,Edifício da Câmara Municipal de Lisboa,1.0,1.012264564169952,2.272057089653931e-06
20,Editors,1.0,1.012264564169952,2.272057089653931e-06
20,EFF Squad,1.0,1.012264564169952,2.272057089653931e-06
20,Egy gondolat bánt engemet,1.0,1.012264564169952,2.272057089653931e-06
20,Egypt Land of the Gods,1.0,1.012264564169952,2.272057089653931e-06
20,Ehsaas,1.0,1.012264564169952,2.272057089653931e-06
20,"Eien no raibaru, Momoshiro vs. Kaidô",1.0,1.012264564169952,2.272057089653931e-06
20,Eight Mile Al,1.0,1.012264564169952,2.272057089653931e-06
20,Ein fürstlicher Besuch,1.0,1.012264564169952,2.272057089653931e-06
20,Ein Heim für Käthe,1.0,1.012264564169952,2.272057089653931e-06
20,Ein Knüller für die Zeitung,1.0,1.012264564169952,2.272057089653931e-06
20,Eine Braut aus Thailand,1.0,1.012264564169952,2.272057089653931e-06
20,Einmal England und zurück,1.0,1.012264564169952,2.272057089653931e-06
20,Eipam and Buoysel! Respective Roads!!,1.0,1.012264564169952,2.272057089653931e-06
20,Eisige Welten - Im Bann der Polarnacht,1.0,1.012264564169952,2.272057089653931e-06
20,Eizenger,1.0,1.012264564169952,2.272057089653931e-06
20,Eko o'tobi,1.0,1.012264564169952,2.272057089653931e-06
20,El acuarelista,1.0,1.012264564169952,2.272057089653931e-06
20,El buen saber,1.0,1.012264564169952,2.272057089653931e-06
20,El Ceej,1.0,1.012264564169952,2.272057089653931e-06
20,El Comanche,1.0,1.012264564169952,2.272057089653931e-06
20,El día que morí,1.0,1.012264564169952,2.272057089653931e-06
20,El dueño del átomo,1.0,1.012264564169952,2.272057089653931e-06
20,El extraño caso del pato Manolito,1.0,1.012264564169952,2.272057089653931e-06
20,El ferrocarril,1.0,1.012264564169952,2.272057089653931e-06
20,El hombre que volaba un poquito,1.0,1.012264564169952,2.272057089653931e-06
20,El matri 2,1.0,1.012264564169952,2.272057089653931e-06
20,El misterio de la escena del crimen,1.0,1.012264564169952,2.272057089653931e-06
20,El negociador,1.0,1.012264564169952,2.272057089653931e-06
20,El niño perverso,1.0,1.012264564169952,2.272057089653931e-06
20,El oficio de vivir,1.0,1.012264564169952,2.272057089653931e-06
20,El padrino visita a Santos,1.0,1.012264564169952,2.272057089653931e-06
20,El parto de los montes,1.0,1.012264564169952,2.272057089653931e-06
20,El patio de Peter Pan,1.0,1.012264564169952,2.272057089653931e-06
20,El que tenga un amor,1.0,1.012264564169952,2.272057089653931e-06
20,El quinto elemento,1.0,1.012264564169952,2.272057089653931e-06
20,El sello de oro,1.0,1.012264564169952,2.272057089653931e-06
20,El sexto sentido,1.0,1.012264564169952,2.272057089653931e-06
20,El tabaquismo,1.0,1.012264564169952,2.272057089653931e-06
20,El talachas y su meneito,1.0,1.012264564169952,2.272057089653931e-06
20,El último cuplé,1.0,1.012264564169952,2.272057089653931e-06
20,El último viaje de Marcello,1.0,1.012264564169952,2.272057089653931e-06
20,El viento africano,1.0,1.012264564169952,2.272057089653931e-06
20,Election Aftermath,1.0,1.012264564169952,2.272057089653931e-06
20,Electric Blue: Nude Wives - Private Parts,1.0,1.012264564169952,2.272057089653931e-06
20,Element One,1.0,1.012264564169952,2.272057089653931e-06
20,Elias vaeltaja,1.0,1.012264564169952,2.272057089653931e-06
20,Eliot Pond: Bath Demo,1.0,1.012264564169952,2.272057089653931e-06
20,Elixir,1.0,1.012264564169952,2.272057089653931e-06
20,Elizabethan Cavalcade,1.0,1.012264564169952,2.272057089653931e-06
20,Elsa's Odyssey,1.0,1.012264564169952,2.272057089653931e-06
20,Embrace Life,1.0,1.012264564169952,2.272057089653931e-06
20,Emma,1.0,1.012264564169952,2.272057089653931e-06
20,Emma & Kieron,1.0,1.012264564169952,2.272057089653931e-06
20,Empowerment of New Life,1.0,1.012264564169952,2.272057089653931e-06
20,"Empty Harbours, Empty Dreams",1.0,1.012264564169952,2.272057089653931e-06
20,En Annan,1.0,1.012264564169952,2.272057089653931e-06
20,En defensa,1.0,1.012264564169952,2.272057089653931e-06
20,En Veedu En Kanavar,1.0,1.012264564169952,2.272057089653931e-06
20,Enclosure,1.0,1.012264564169952,2.272057089653931e-06
20,Encombrement,1.0,1.012264564169952,2.272057089653931e-06
20,Encuentro Mágico,1.0,1.012264564169952,2.272057089653931e-06
20,Encuentro y desencuentro,1.0,1.012264564169952,2.272057089653931e-06
20,End of the Curse,1.0,1.012264564169952,2.272057089653931e-06
20,End of the Golden Age,1.0,1.012264564169952,2.272057089653931e-06
20,Ende der Schonzeit,1.0,1.012264564169952,2.272057089653931e-06
20,Enfance de Gorky,1.0,1.012264564169952,2.272057089653931e-06
20,Enfance volée,1.0,1.012264564169952,2.272057089653931e-06
20,English Express Trains Passing in Different Directions,1.0,1.012264564169952,2.272057089653931e-06
20,Enter Nationalism,1.0,1.012264564169952,2.272057089653931e-06
20,Entlang der Erft,1.0,1.012264564169952,2.272057089653931e-06
20,Entre hermanas: Lazos de sangre,1.0,1.012264564169952,2.272057089653931e-06
20,Entreprenuer,1.0,1.012264564169952,2.272057089653931e-06
20,Entrevista trampa,1.0,1.012264564169952,2.272057089653931e-06
20,Eorin shinbu,1.0,1.012264564169952,2.272057089653931e-06
20,Épilogue,1.0,1.012264564169952,2.272057089653931e-06
20,Episode #10.16,1.0,1.012264564169952,2.272057089653931e-06
20,Episode 5,1.0,1.012264564169952,2.272057089653931e-06
20,Equivocados II,1.0,1.012264564169952,2.272057089653931e-06
20,"Er sagt, sie lügen",1.0,1.012264564169952,2.272057089653931e-06
20,Ergastiri aionon,1.0,1.012264564169952,2.272057089653931e-06
20,Eric Schaeffer,1.0,1.012264564169952,2.272057089653931e-06
20,Erica Rivas,1.0,1.012264564169952,2.272057089653931e-06
20,Erich Loest,1.0,1.012264564169952,2.272057089653931e-06
20,Erotikon,1.0,1.012264564169952,2.272057089653931e-06
20,Escalada da Violência,1.0,1.012264564169952,2.272057089653931e-06
20,Escape from Flea Island/No Dogs Allowed,1.0,1.012264564169952,2.272057089653931e-06
20,Escape from the Power Station,1.0,1.012264564169952,2.272057089653931e-06
20,Escape from the Sea,1.0,1.012264564169952,2.272057089653931e-06
20,Esos muebles asesinos,1.0,1.012264564169952,2.272057089653931e-06
20,ESPNU Allstate BCS National Championship Edition,1.0,1.012264564169952,2.272057089653931e-06
20,Espuma,1.0,1.012264564169952,2.272057089653931e-06
20,Essex Bedroom,1.0,1.012264564169952,2.272057089653931e-06
20,Estados Unidos,1.0,1.012264564169952,2.272057089653931e-06
20,Esters testamente,1.0,1.012264564169952,2.272057089653931e-06
20,Esy apofasizeis,1.0,1.012264564169952,2.272057089653931e-06
20,Etwas Warmes braucht der Mensch,1.0,1.012264564169952,2.272057089653931e-06
20,Eurocasting,1.0,1.012264564169952,2.272057089653931e-06
20,Ev,1.0,1.012264564169952,2.272057089653931e-06
20,Evolution Creek,1.0,1.012264564169952,2.272057089653931e-06
20,EWF: New Year's Retribution,1.0,1.012264564169952,2.272057089653931e-06
20,"Excuses, Excuses",1.0,1.012264564169952,2.272057089653931e-06
20,Executive Material,1.0,1.012264564169952,2.272057089653931e-06
20,Exileosi,1.0,1.012264564169952,2.272057089653931e-06
20,Exit,1.0,1.012264564169952,2.272057089653931e-06
20,Exmouth,1.0,1.012264564169952,2.272057089653931e-06
20,Exo oi kleftes!,1.0,1.012264564169952,2.272057089653931e-06
20,Exodus,1.0,1.012264564169952,2.272057089653931e-06
20,Exorcism,1.0,1.012264564169952,2.272057089653931e-06
20,Expect the Unexpected,1.0,1.012264564169952,2.272057089653931e-06
20,Exploded Star,1.0,1.012264564169952,2.272057089653931e-06
20,Explorers on the Moon: Part 1,1.0,1.012264564169952,2.272057089653931e-06
20,Explorestentialism,1.0,1.012264564169952,2.272057089653931e-06
20,Exposure Update: The Jimmy Savile Investigation,1.0,1.012264564169952,2.272057089653931e-06
20,Express to Terror,1.0,1.012264564169952,2.272057089653931e-06
20,Extinct,1.0,1.012264564169952,2.272057089653931e-06
20,Extreme Challenge: Tough Love,1.0,1.012264564169952,2.272057089653931e-06
20,Extreme Weekend,1.0,1.012264564169952,2.272057089653931e-06
20,Face the Music,1.0,1.012264564169952,2.272057089653931e-06
20,Face the Music: The Feeling,1.0,1.012264564169952,2.272057089653931e-06
20,Faces in the Forest,1.0,1.012264564169952,2.272057089653931e-06
20,Fakin' It,1.0,1.012264564169952,2.272057089653931e-06
20,Fálame do mar,1.0,1.012264564169952,2.272057089653931e-06
20,Fall Out,1.0,1.012264564169952,2.272057089653931e-06
20,Fallen Angel,1.0,1.012264564169952,2.272057089653931e-06
20,Falsches Leben,1.0,1.012264564169952,2.272057089653931e-06
20,Familiensinn,1.0,1.012264564169952,2.272057089653931e-06
20,Family 3,1.0,1.012264564169952,2.272057089653931e-06
20,Family Ties,2.0,1.012264564169952,0.00018298174061319897
20,Famous Generals - Arnold,1.0,1.012264564169952,2.272057089653931e-06
20,Fan...tastic,1.0,1.012264564169952,2.272057089653931e-06
20,Fancy,1.0,1.012264564169952,2.272057089653931e-06
20,Far from Home,1.0,1.012264564169952,2.272057089653931e-06
20,FARM the Musical,1.0,1.012264564169952,2.272057089653931e-06
20,Farm to Table,1.0,1.012264564169952,2.272057089653931e-06
20,Fashion Plate,1.0,1.012264564169952,2.272057089653931e-06
20,Fatalidade,1.0,1.012264564169952,2.272057089653931e-06
20,Father Figure,1.0,1.012264564169952,2.272057089653931e-06
20,Father to the Prof,1.0,1.012264564169952,2.272057089653931e-06
20,Faustbook,1.0,1.012264564169952,2.272057089653931e-06
20,Favola,1.0,1.012264564169952,2.272057089653931e-06
20,Fear of Flying,1.0,1.012264564169952,2.272057089653931e-06
20,Fear: The Series,1.0,1.012264564169952,2.272057089653931e-06
20,Feast Over Flame,1.0,1.012264564169952,2.272057089653931e-06
20,February 2011,1.0,1.012264564169952,2.272057089653931e-06
20,Feds,1.0,1.012264564169952,2.272057089653931e-06
20,Feeling Dynamic,1.0,1.012264564169952,2.272057089653931e-06
20,Fernando confiesa,1.0,1.012264564169952,2.272057089653931e-06
20,Fertilize,1.0,1.012264564169952,2.272057089653931e-06
20,Fifi,1.0,1.012264564169952,2.272057089653931e-06
20,Fighting for Family,1.0,1.012264564169952,2.272057089653931e-06
20,Fights and Wild Riots 2,1.0,1.012264564169952,2.272057089653931e-06
20,Film Night,1.0,1.012264564169952,2.272057089653931e-06
20,Fin de fiesta,1.0,1.012264564169952,2.272057089653931e-06
20,Finding Fiona,1.0,1.012264564169952,2.272057089653931e-06
20,Finley's Fan Club,1.0,1.012264564169952,2.272057089653931e-06
20,Fiona Cooper V592,1.0,1.012264564169952,2.272057089653931e-06
20,Fire in Space,1.0,1.012264564169952,2.272057089653931e-06
20,Fire!,1.0,1.012264564169952,2.272057089653931e-06
20,Fired,1.0,1.012264564169952,2.272057089653931e-06
20,Firenze 1944,1.0,1.012264564169952,2.272057089653931e-06
20,First Impressions,1.0,1.012264564169952,2.272057089653931e-06
20,First Night Out,1.0,1.012264564169952,2.272057089653931e-06
20,Fish,1.0,1.012264564169952,2.272057089653931e-06
20,Fisken och apelsinen,1.0,1.012264564169952,2.272057089653931e-06
20,Flaming Ice,1.0,1.012264564169952,2.272057089653931e-06
20,Flash Back,1.0,1.012264564169952,2.272057089653931e-06
20,Flickan från Värmland,1.0,1.012264564169952,2.272057089653931e-06
20,Fliegende Teppiche,1.0,1.012264564169952,2.272057089653931e-06
20,Flight of the Fantasy,1.0,1.012264564169952,2.272057089653931e-06
20,Flipping Vegas,1.0,1.012264564169952,2.272057089653931e-06
20,Flo und Steffi werden in flagranti erwischt,1.0,1.012264564169952,2.272057089653931e-06
20,Flogeres Ellinides,1.0,1.012264564169952,2.272057089653931e-06
20,Flour Power,1.0,1.012264564169952,2.272057089653931e-06
20,Flucht aus der Hölle,1.0,1.012264564169952,2.272057089653931e-06
20,Flucht ohne Wiederkehr,1.0,1.012264564169952,2.272057089653931e-06
20,Flüchtige Bekannte,1.0,1.012264564169952,2.272057089653931e-06
20,Fly by Night,1.0,1.012264564169952,2.272057089653931e-06
20,Flying,1.0,1.012264564169952,2.272057089653931e-06
20,Folge 50,1.0,1.012264564169952,2.272057089653931e-06
20,Food and Vacation Plans,1.0,1.012264564169952,2.272057089653931e-06
20,Football: Sick as a Parrot?,1.0,1.012264564169952,2.272057089653931e-06
20,Forbidden Fruit,1.0,1.012264564169952,2.272057089653931e-06
20,Ford Capri,1.0,1.012264564169952,2.272057089653931e-06
20,Forest Elephants - Rumbles in the Jungle,1.0,1.012264564169952,2.272057089653931e-06
20,Forget Me Not,1.0,1.012264564169952,2.272057089653931e-06
20,Forging Ahead,1.0,1.012264564169952,2.272057089653931e-06
20,"Fort Chuck/A Hop, Slip and a Jump",1.0,1.012264564169952,2.272057089653931e-06
20,Fortune Cookie,1.0,1.012264564169952,2.272057089653931e-06
20,Foul Hunting,1.0,1.012264564169952,2.272057089653931e-06
20,Foul Mouths: A Teenage Rage,1.0,1.012264564169952,2.272057089653931e-06
20,Four Tales of Two Cities,1.0,1.012264564169952,2.272057089653931e-06
20,Foxwoods World Poker Finals,1.0,1.012264564169952,2.272057089653931e-06
20,Fra i due litiganti,1.0,1.012264564169952,2.272057089653931e-06
20,Framed for Murder,1.0,1.012264564169952,2.272057089653931e-06
20,Francine Redecorates/Arthur the Loser,1.0,1.012264564169952,2.272057089653931e-06
20,"Franklin and the Wonder/Franklin, the Little Bubble",1.0,1.012264564169952,2.272057089653931e-06
20,Free to Choose,1.0,1.012264564169952,2.272057089653931e-06
20,Freedom Bound,1.0,1.012264564169952,2.272057089653931e-06
20,Freedom Town,1.0,1.012264564169952,2.272057089653931e-06
20,Fregatta,1.0,1.012264564169952,2.272057089653931e-06
20,Freizeitmagazin,1.0,1.012264564169952,2.272057089653931e-06
20,French Connections Part One: Temptation,1.0,1.012264564169952,2.272057089653931e-06
20,Fréquence malediction,1.0,1.012264564169952,2.272057089653931e-06
20,Fresh and Easy 3,1.0,1.012264564169952,2.272057089653931e-06
20,Fricot cambia paese,1.0,1.012264564169952,2.272057089653931e-06
20,"Friday Night, Saturday Morning",1.0,1.012264564169952,2.272057089653931e-06
20,Friends,1.0,1.012264564169952,2.272057089653931e-06
20,Friends and Enemies,1.0,1.012264564169952,2.272057089653931e-06
20,Friends and Family,1.0,1.012264564169952,2.272057089653931e-06
20,Friendship,1.0,1.012264564169952,2.272057089653931e-06
20,Frilansfestivalen,1.0,1.012264564169952,2.272057089653931e-06
20,Frissons parentaux,1.0,1.012264564169952,2.272057089653931e-06
20,Fröhlich geschieden,1.0,1.012264564169952,2.272057089653931e-06
20,From B Movie to Cult Film: Spy Movie,1.0,1.012264564169952,2.272057089653931e-06
20,From Here to Infirmity,1.0,1.012264564169952,2.272057089653931e-06
20,From Noon Till Three,1.0,1.012264564169952,2.272057089653931e-06
20,From the Basement,1.0,1.012264564169952,2.272057089653931e-06
20,From the Darkness Theatre,1.0,1.012264564169952,2.272057089653931e-06
20,From the Office,1.0,1.012264564169952,2.272057089653931e-06
20,Frontier Surgeon,1.0,1.012264564169952,2.272057089653931e-06
20,Fruit Fete,1.0,1.012264564169952,2.272057089653931e-06
20,Fruntimmer på rummet,1.0,1.012264564169952,2.272057089653931e-06
20,Fthis TV,1.0,1.012264564169952,2.272057089653931e-06
20,Fuera de control,1.0,1.012264564169952,2.272057089653931e-06
20,Fundvogel,1.0,1.012264564169952,2.272057089653931e-06
20,Fünf Minuten Ende der Welt,1.0,1.012264564169952,2.272057089653931e-06
20,Funny Money,1.0,1.012264564169952,2.272057089653931e-06
20,Funny People,1.0,1.012264564169952,2.272057089653931e-06
20,Fuoco nero,1.0,1.012264564169952,2.272057089653931e-06
20,Für immer verloren,1.0,1.012264564169952,2.272057089653931e-06
20,Furaggu o dasshu seyo!,1.0,1.012264564169952,2.272057089653931e-06
20,Furnished Rooms,1.0,1.012264564169952,2.272057089653931e-06
20,Furnishing,1.0,1.012264564169952,2.272057089653931e-06
20,Futari no niji,1.0,1.012264564169952,2.272057089653931e-06
20,Futatabi no yami,1.0,1.012264564169952,2.272057089653931e-06
20,Futuro incierto,1.0,1.012264564169952,2.272057089653931e-06
20,G,1.0,1.012264564169952,2.272057089653931e-06
20,GA: Geijutsuka âto dezain kurasu - Aozora ga kakitai,1.0,1.012264564169952,2.272057089653931e-06
20,Gaatjes,1.0,1.012264564169952,2.272057089653931e-06
20,Gabriela Sari/Fabiana Cantilo,1.0,1.012264564169952,2.272057089653931e-06
20,Gabriella Holland Interview: House of Blues,1.0,1.012264564169952,2.272057089653931e-06
20,Gaiking II,1.0,1.012264564169952,2.272057089653931e-06
20,Gakkô no kaidan,1.0,1.012264564169952,2.272057089653931e-06
20,Gala Adlai on Broadway,1.0,1.012264564169952,2.272057089653931e-06
20,Galaxy 66,1.0,1.012264564169952,2.272057089653931e-06
20,Galiyon Ka Gunda,1.0,1.012264564169952,2.272057089653931e-06
20,Gallagher: We Need a Hero,1.0,1.012264564169952,2.272057089653931e-06
20,Game 3,1.0,1.012264564169952,2.272057089653931e-06
20,Game Over,1.0,1.012264564169952,2.272057089653931e-06
20,Games of Perversion: The Challenge,1.0,1.012264564169952,2.272057089653931e-06
20,Gametime,1.0,1.012264564169952,2.272057089653931e-06
20,Ganbare! Afugan no okâ san: Fukkô shien no shinjitsu to mitsuyu bijinesu no nazo,1.0,1.012264564169952,2.272057089653931e-06
20,Gang Bang Slut 10,1.0,1.012264564169952,2.272057089653931e-06
20,Gang Up! 2,1.0,1.012264564169952,2.272057089653931e-06
20,Gang Warz,1.0,1.012264564169952,2.272057089653931e-06
20,Garger al Haris,1.0,1.012264564169952,2.272057089653931e-06
20,Garry Shandling,1.0,1.012264564169952,2.272057089653931e-06
20,Garth Brooks,1.0,1.012264564169952,2.272057089653931e-06
20,Gastroenter*ology,1.0,1.012264564169952,2.272057089653931e-06
20,Gay Avec,1.0,1.012264564169952,2.272057089653931e-06
20,Gaza: Tunnels to Nowhere,1.0,1.012264564169952,2.272057089653931e-06
20,Gebot 6 - Du sollst nicht ehebrechen,1.0,1.012264564169952,2.272057089653931e-06
20,Gefährliches Spiel,1.0,1.012264564169952,2.272057089653931e-06
20,Geheimnisse in der Schlossallee,1.0,1.012264564169952,2.272057089653931e-06
20,Gehenna,1.0,1.012264564169952,2.272057089653931e-06
20,Geknickte Rosen und gefälschte Bütten,1.0,1.012264564169952,2.272057089653931e-06
20,Génération duo,1.0,1.012264564169952,2.272057089653931e-06
20,Generation Loss,1.0,1.012264564169952,2.272057089653931e-06
20,Generations,1.0,1.012264564169952,2.272057089653931e-06
20,Génesis,1.0,1.012264564169952,2.272057089653931e-06
20,Gentleman David,1.0,1.012264564169952,2.272057089653931e-06
20,George and the 14-Karat Gold Trombone,1.0,1.012264564169952,2.272057089653931e-06
20,George Clooney,1.0,1.012264564169952,2.272057089653931e-06
20,George Won't Talk,1.0,1.012264564169952,2.272057089653931e-06
20,Georges Sada,1.0,1.012264564169952,2.272057089653931e-06
20,Geradeaus gelaufen ist keiner,1.0,1.012264564169952,2.272057089653931e-06
20,Geschichten der Freundschaft - Walter Benjamin zum Gedächtnis,1.0,1.012264564169952,2.272057089653931e-06
20,"Gestern, heute & morgen",1.0,1.012264564169952,2.272057089653931e-06
20,Get Your Hands Off My Sun!,1.0,1.012264564169952,2.272057089653931e-06
20,Gewitterflug zu Claudia,1.0,1.012264564169952,2.272057089653931e-06
20,Ghariba,1.0,1.012264564169952,2.272057089653931e-06
20,Ghezel arsalan,1.0,1.012264564169952,2.272057089653931e-06
20,Ghost Power!!! A Live Demonstration,1.0,1.012264564169952,2.272057089653931e-06
20,Ghost Writers,1.0,1.012264564169952,2.272057089653931e-06
20,Gigantic,1.0,1.012264564169952,2.272057089653931e-06
20,Gilbert,1.0,1.012264564169952,2.272057089653931e-06
20,Gimme 5,1.0,1.012264564169952,2.272057089653931e-06
20,Ginger,1.0,1.012264564169952,2.272057089653931e-06
20,Ginza no yanagi,1.0,1.012264564169952,2.272057089653931e-06
20,Giochi d'equilibrio,1.0,1.012264564169952,2.272057089653931e-06
20,Giorgio Gandi,1.0,1.012264564169952,2.272057089653931e-06
20,Girl from Grantsville,1.0,1.012264564169952,2.272057089653931e-06
20,Girlfriends,1.0,1.012264564169952,2.272057089653931e-06
20,Girls Gone Wild: Hottest Girl in America 12,1.0,1.012264564169952,2.272057089653931e-06
20,Girls Just Wanna Have Fun,1.0,1.012264564169952,2.272057089653931e-06
20,Girls Will Be Girls 3,1.0,1.012264564169952,2.272057089653931e-06
20,Girls@Work 4: 'Showdown',1.0,1.012264564169952,2.272057089653931e-06
20,Giuliana & Bill,1.0,1.012264564169952,2.272057089653931e-06
20,Giuseppe Moscati: L'amore che guarisce,1.0,1.012264564169952,2.272057089653931e-06
20,Giving Tree,1.0,1.012264564169952,2.272057089653931e-06
20,Global Warming Party,1.0,1.012264564169952,2.272057089653931e-06
20,Globos oculares,1.0,1.012264564169952,2.272057089653931e-06
20,Glory and the Power: Fundamentalisms Observed,1.0,1.012264564169952,2.272057089653931e-06
20,Glue,1.0,1.012264564169952,2.272057089653931e-06
20,Go Ride Your Bicycle,1.0,1.012264564169952,2.272057089653931e-06
20,Go with Chest Hair,1.0,1.012264564169952,2.272057089653931e-06
20,Goals,1.0,1.012264564169952,2.272057089653931e-06
20,Gob 2,1.0,1.012264564169952,2.272057089653931e-06
20,God of Chores Part 3,1.0,1.012264564169952,2.272057089653931e-06
20,Going Solo,1.0,1.012264564169952,2.272057089653931e-06
20,Going Steady,1.0,1.012264564169952,2.272057089653931e-06
20,Golden Girls 6,1.0,1.012264564169952,2.272057089653931e-06
20,Goldrush: A Real Life Alaskan Adventure,1.0,1.012264564169952,2.272057089653931e-06
20,Gone,1.0,1.012264564169952,2.272057089653931e-06
20,Gone But Not Forgotten,1.0,1.012264564169952,2.272057089653931e-06
20,Gone Fishin' 4,1.0,1.012264564169952,2.272057089653931e-06
20,Gone to the Country,1.0,1.012264564169952,2.272057089653931e-06
20,Gonzo,1.0,1.012264564169952,2.272057089653931e-06
20,Good Dog,1.0,1.012264564169952,2.272057089653931e-06
20,Good Luck,1.0,1.012264564169952,2.272057089653931e-06
20,"Good Morning, Newark",1.0,1.012264564169952,2.272057089653931e-06
20,Goode Feelings,1.0,1.012264564169952,2.272057089653931e-06
20,Gooey-tastic,1.0,1.012264564169952,2.272057089653931e-06
20,Goose Attack,1.0,1.012264564169952,2.272057089653931e-06
20,Gopi Doubts If She Is Pregnant,1.0,1.012264564169952,2.272057089653931e-06
20,Gorotica,1.0,1.012264564169952,2.272057089653931e-06
20,Gospodjica Julija,1.0,1.012264564169952,2.272057089653931e-06
20,Gott Ist Tot,1.0,1.012264564169952,2.272057089653931e-06
20,Gra zludzen,1.0,1.012264564169952,2.272057089653931e-06
20,Grab the Shit and Run,1.0,1.012264564169952,2.272057089653931e-06
20,Grace,1.0,1.012264564169952,2.272057089653931e-06
20,Grafarvogur 5,1.0,1.012264564169952,2.272057089653931e-06
20,Grain de ciel,1.0,1.012264564169952,2.272057089653931e-06
20,Grampy Rabbit's Dinosaur Park,1.0,1.012264564169952,2.272057089653931e-06
20,Gran's Adventure,1.0,1.012264564169952,2.272057089653931e-06
20,Grande para la ciudad,1.0,1.012264564169952,2.272057089653931e-06
20,Grandes Esperanças,1.0,1.012264564169952,2.272057089653931e-06
20,Grandma's Blessings,1.0,1.012264564169952,2.272057089653931e-06
20,Grandpa's Date,1.0,1.012264564169952,2.272057089653931e-06
20,Grandpa's in the Tuff Shed,1.0,1.012264564169952,2.272057089653931e-06
20,Grandpa Fights the Air Force,1.0,1.012264564169952,2.272057089653931e-06
20,Grassroots Stages,1.0,1.012264564169952,2.272057089653931e-06
20,Gray Mountain,1.0,1.012264564169952,2.272057089653931e-06
20,Great Adventurers: Sir Walter Raleigh,1.0,1.012264564169952,2.272057089653931e-06
20,Great Stock'n'Roll Swindle,1.0,1.012264564169952,2.272057089653931e-06
20,Greatest Ever Screen Chases,1.0,1.012264564169952,2.272057089653931e-06
20,Greatest Trials of All Time,1.0,1.012264564169952,2.272057089653931e-06
20,Greek Gods and Goddesses: The Odyssey,1.0,1.012264564169952,2.272057089653931e-06
20,Greek Isle Grub,1.0,1.012264564169952,2.272057089653931e-06
20,Gretchen,1.0,1.012264564169952,2.272057089653931e-06
20,Grill Cheese Bandits,1.0,1.012264564169952,2.272057089653931e-06
20,Grim: A Tale of Death,1.0,1.012264564169952,2.272057089653931e-06
20,Grin and Bear It,1.0,1.012264564169952,2.272057089653931e-06
20,Grindhouse: Collection of Non-Created Films,1.0,1.012264564169952,2.272057089653931e-06
20,Griot,1.0,1.012264564169952,2.272057089653931e-06
20,Grotesque,1.0,1.012264564169952,2.272057089653931e-06
20,Growing the Mind,1.0,1.012264564169952,2.272057089653931e-06
20,Growing Up Mischling,1.0,1.012264564169952,2.272057089653931e-06
20,Growing: Overground,1.0,1.012264564169952,2.272057089653931e-06
20,"Guck mal, wie sich Armut lohnt",1.0,1.012264564169952,2.272057089653931e-06
20,Gud raader,1.0,1.012264564169952,2.272057089653931e-06
20,Guerra Sucia,1.0,1.012264564169952,2.272057089653931e-06
20,Guest: The Soup Nazi (Larry Thomas),1.0,1.012264564169952,2.272057089653931e-06
20,Gui tu,1.0,1.012264564169952,2.272057089653931e-06
20,Guided Storm,1.0,1.012264564169952,2.272057089653931e-06
20,Guillermo Oyagüez Montero,1.0,1.012264564169952,2.272057089653931e-06
20,Guilty as Charged,1.0,1.012264564169952,2.272057089653931e-06
20,Gumball 3000: Drivin' Me Crazy,1.0,1.012264564169952,2.272057089653931e-06
20,Gün dogarken,1.0,1.012264564169952,2.272057089653931e-06
20,Günah,1.0,1.012264564169952,2.272057089653931e-06
20,"Guten Morgen, Madam Mona",1.0,1.012264564169952,2.272057089653931e-06
20,Guter Hoffnung,1.0,1.012264564169952,2.272057089653931e-06
20,Gym Dandy,1.0,1.012264564169952,2.272057089653931e-06
20,Ha-Haverim Shel Theo,1.0,1.012264564169952,2.272057089653931e-06
20,Ha-Plitim,1.0,1.012264564169952,2.272057089653931e-06
20,Hafuch,1.0,1.012264564169952,2.272057089653931e-06
20,Hakosemet miloblin,1.0,1.012264564169952,2.272057089653931e-06
20,Half the Picture,1.0,1.012264564169952,2.272057089653931e-06
20,Hämnden är ljuv,1.0,1.012264564169952,2.272057089653931e-06
20,Hana to ryu,1.0,1.012264564169952,2.272057089653931e-06
20,Hanasakiyama,1.0,1.012264564169952,2.272057089653931e-06
20,Hand Painting,1.0,1.012264564169952,2.272057089653931e-06
20,Handling,1.0,1.012264564169952,2.272057089653931e-06
20,"Häng dej, pojkfan",1.0,1.012264564169952,2.272057089653931e-06
20,Hanging by a Thread,1.0,1.012264564169952,2.272057089653931e-06
20,Hanka a Jindra,1.0,1.012264564169952,2.272057089653931e-06
20,Hannah Teter,1.0,1.012264564169952,2.272057089653931e-06
20,Hans-Christian och sällskapet,1.0,1.012264564169952,2.272057089653931e-06
20,Hans Is Hot,1.0,1.012264564169952,2.272057089653931e-06
20,Hantu dalam botol kicap,1.0,1.012264564169952,2.272057089653931e-06
20,Happifat Becomes an Artist and Draws a Bear,1.0,1.012264564169952,2.272057089653931e-06
20,Happiness,1.0,1.012264564169952,2.272057089653931e-06
20,Happy Now,1.0,1.012264564169952,2.272057089653931e-06
20,Hard Man Mickey,1.0,1.012264564169952,2.272057089653931e-06
20,Hardcore Debutantes: Vol. 3,1.0,1.012264564169952,2.272057089653931e-06
20,Hardcore Games/Super Heroes/3-Point Madness,1.0,1.012264564169952,2.272057089653931e-06
20,"Harder, She Craved",1.0,1.012264564169952,2.272057089653931e-06
20,Harrison Lampert,1.0,1.012264564169952,2.272057089653931e-06
20,Harry in Lurve,1.0,1.012264564169952,2.272057089653931e-06
20,Harsh Realm,1.0,1.012264564169952,2.272057089653931e-06
20,Haseena,1.0,1.012264564169952,2.272057089653931e-06
20,Hatimtai,1.0,1.012264564169952,2.272057089653931e-06
20,Hatsumi,1.0,1.012264564169952,2.272057089653931e-06
20,Haunted by Hawkeye,1.0,1.012264564169952,2.272057089653931e-06
20,Haunted High Court,1.0,1.012264564169952,2.272057089653931e-06
20,Hayaku okita asa wa ...On Stage the Movie,1.0,1.012264564169952,2.272057089653931e-06
20,He Done His Duty,1.0,1.012264564169952,2.272057089653931e-06
20,Healing Part Two,1.0,1.012264564169952,2.272057089653931e-06
20,Heart Ache: Three Poems,1.0,1.012264564169952,2.272057089653931e-06
20,Heart of Darkness,1.0,1.012264564169952,2.272057089653931e-06
20,Heart of Nowhere,1.0,1.012264564169952,2.272057089653931e-06
20,Heartbeat,1.0,1.012264564169952,2.272057089653931e-06
20,Heat 1,1.0,1.012264564169952,2.272057089653931e-06
20,Heat 2013,1.0,1.012264564169952,2.272057089653931e-06
20,Heat 4,1.0,1.012264564169952,2.272057089653931e-06
20,Heated Genius,1.0,1.012264564169952,2.272057089653931e-06
20,Heather's Monk,1.0,1.012264564169952,2.272057089653931e-06
20,Heda Gabler,1.0,1.012264564169952,2.272057089653931e-06
20,Heer,1.0,1.012264564169952,2.272057089653931e-06
20,Heidin humala nousee Tuukan päähän,1.0,1.012264564169952,2.272057089653931e-06
20,Heimweh,1.0,1.012264564169952,2.272057089653931e-06
20,Helena tajuaa Sepon esittäneen teatterissa,1.0,1.012264564169952,2.272057089653931e-06
20,Heli lähtee lepakkometsälle,1.0,1.012264564169952,2.272057089653931e-06
20,Helium Man,1.0,1.012264564169952,2.272057089653931e-06
20,Hell's Chain,1.0,1.012264564169952,2.272057089653931e-06
20,Hellgate: The House That Screamed 2,1.0,1.012264564169952,2.272057089653931e-06
20,Hello Doggie,1.0,1.012264564169952,2.272057089653931e-06
20,Help!,1.0,1.012264564169952,2.272057089653931e-06
20,Henrique IV,1.0,1.012264564169952,2.272057089653931e-06
20,Henry Cass Demonstration Film,1.0,1.012264564169952,2.272057089653931e-06
20,Henry V,1.0,1.012264564169952,2.272057089653931e-06
20,Her Country First,1.0,1.012264564169952,2.272057089653931e-06
20,Her Gift Night,1.0,1.012264564169952,2.272057089653931e-06
20,Her Great Dilemma,1.0,1.012264564169952,2.272057089653931e-06
20,Her Husky Hero,1.0,1.012264564169952,2.272057089653931e-06
20,Her Life's Story,1.0,1.012264564169952,2.272057089653931e-06
20,Her Unborn Child,1.0,1.012264564169952,2.272057089653931e-06
20,Here's How!,1.0,1.012264564169952,2.272057089653931e-06
20,Here Comes the Crushmeister,1.0,1.012264564169952,2.272057089653931e-06
20,Here in Silence,1.0,1.012264564169952,2.272057089653931e-06
20,Heredero,1.0,1.012264564169952,2.272057089653931e-06
20,Hermine Reck,1.0,1.012264564169952,2.272057089653931e-06
20,Heroes,1.0,1.012264564169952,2.272057089653931e-06
20,Het beloofde land,1.0,1.012264564169952,2.272057089653931e-06
20,Het dienstpistool,1.0,1.012264564169952,2.272057089653931e-06
20,Het gestolen land,1.0,1.012264564169952,2.272057089653931e-06
20,Het hart klopt 36 miljoen keer per jaar,1.0,1.012264564169952,2.272057089653931e-06
20,Het landhuis,1.0,1.012264564169952,2.272057089653931e-06
20,Hey Hey It's Esther Blueburger,1.0,1.012264564169952,2.272057089653931e-06
20,Hey! I Got Penetrated!,1.0,1.012264564169952,2.272057089653931e-06
20,Heyday in the Blood,1.0,1.012264564169952,2.272057089653931e-06
20,Hibuta,1.0,1.012264564169952,2.272057089653931e-06
20,Hiccup,1.0,1.012264564169952,2.272057089653931e-06
20,Hidden Agenda,1.0,1.012264564169952,2.272057089653931e-06
20,Hidden History,1.0,1.012264564169952,2.272057089653931e-06
20,High Hat,1.0,1.012264564169952,2.272057089653931e-06
20,High Octane 2,1.0,1.012264564169952,2.272057089653931e-06
20,High Rise,1.0,1.012264564169952,2.272057089653931e-06
20,Highlander: The Game,1.0,1.012264564169952,2.272057089653931e-06
20,"Highway 403, Mile 39",1.0,1.012264564169952,2.272057089653931e-06
20,Highway to Fame,1.0,1.012264564169952,2.272057089653931e-06
20,Hikoh kiroku-shoujo baishun,1.0,1.012264564169952,2.272057089653931e-06
20,Hikosâ to omowanu,1.0,1.012264564169952,2.272057089653931e-06
20,Hills of Oklahoma,1.0,1.012264564169952,2.272057089653931e-06
20,Hin ist hin/Black Is Beautiful,1.0,1.012264564169952,2.272057089653931e-06
20,Hiroku maboroshi no meiji shin seifu,1.0,1.012264564169952,2.272057089653931e-06
20,Historia de un gangster,1.0,1.012264564169952,2.272057089653931e-06
20,Historias 2010,1.0,1.012264564169952,2.272057089653931e-06
20,History's Strongest Warrior Is Goku's Older Brother,1.0,1.012264564169952,2.272057089653931e-06
20,Hit,1.0,1.012264564169952,2.272057089653931e-06
20,Hit the Spot with Jackson Davies,1.0,1.012264564169952,2.272057089653931e-06
20,Hitoshi Murayama: Seeking Clues to Our Origins in the Micro-Cosmos,1.0,1.012264564169952,2.272057089653931e-06
20,Hiwaga ng panday,1.0,1.012264564169952,2.272057089653931e-06
20,Hjälp!,1.0,1.012264564169952,2.272057089653931e-06
20,Hleb,1.0,1.012264564169952,2.272057089653931e-06
20,HMS Brilliant,1.0,1.012264564169952,2.272057089653931e-06
20,Hogan vs. Hogan,1.0,1.012264564169952,2.272057089653931e-06
20,Hoher Besuch,1.0,1.012264564169952,2.272057089653931e-06
20,Hokuman no teisatsu,1.0,1.012264564169952,2.272057089653931e-06
20,Hola!!! ¿qué hacés? ¿cómo andás?,1.0,1.012264564169952,2.272057089653931e-06
20,Hold That Tiger,1.0,1.012264564169952,2.272057089653931e-06
20,Holiday,1.0,1.012264564169952,2.272057089653931e-06
20,Holiday Bizarre,1.0,1.012264564169952,2.272057089653931e-06
20,Holldriöh! Die Alpenshow,1.0,1.012264564169952,2.272057089653931e-06
20,"Hollywood Hookups, Makeups, & Breakups",1.0,1.012264564169952,2.272057089653931e-06
20,Hollywood Today,1.0,1.012264564169952,2.272057089653931e-06
20,Holubí úlet,1.0,1.012264564169952,2.272057089653931e-06
20,Home Astone,1.0,1.012264564169952,2.272057089653931e-06
20,Home Is the Place: Part 2,1.0,1.012264564169952,2.272057089653931e-06
20,Home Is Where the Home Is,1.0,1.012264564169952,2.272057089653931e-06
20,Homefront,1.0,1.012264564169952,2.272057089653931e-06
20,Homemade Hardware,1.0,1.012264564169952,2.272057089653931e-06
20,Honesty,1.0,1.012264564169952,2.272057089653931e-06
20,Hong chen,1.0,1.012264564169952,2.272057089653931e-06
20,Hong Kong,1.0,1.012264564169952,2.272057089653931e-06
20,Honolulu: Hour 3,1.0,1.012264564169952,2.272057089653931e-06
20,Honor Thy Father,1.0,1.012264564169952,2.272057089653931e-06
20,Honour Among Thieves,1.0,1.012264564169952,2.272057089653931e-06
20,Honto no êsu,1.0,1.012264564169952,2.272057089653931e-06
20,Hoosier Schoolboy,1.0,1.012264564169952,2.272057089653931e-06
20,Hope,1.0,1.012264564169952,2.272057089653931e-06
20,Horizontes de sangre,1.0,1.012264564169952,2.272057089653931e-06
20,Horny Black Mothers 10,1.0,1.012264564169952,2.272057089653931e-06
20,Horse Crazy,1.0,1.012264564169952,2.272057089653931e-06
20,Höst i våra hjärtan,1.0,1.012264564169952,2.272057089653931e-06
20,Hostage for a Hangman,1.0,1.012264564169952,2.272057089653931e-06
20,Hot 50+ 34,1.0,1.012264564169952,2.272057089653931e-06
20,Hot Afternoon in a Bachelor Girl's Flat,1.0,1.012264564169952,2.272057089653931e-06
20,Hot Sauce,1.0,1.012264564169952,2.272057089653931e-06
20,Hot Talk Radio,1.0,1.012264564169952,2.272057089653931e-06
20,Hot Tight Asses 14,1.0,1.012264564169952,2.272057089653931e-06
20,Hotcakes,1.0,1.012264564169952,2.272057089653931e-06
20,Hou le loup,1.0,1.012264564169952,2.272057089653931e-06
20,House and Home,1.0,1.012264564169952,2.272057089653931e-06
20,House Arrest,1.0,1.012264564169952,2.272057089653931e-06
20,House Guests,1.0,1.012264564169952,2.272057089653931e-06
20,House of Hog,1.0,1.012264564169952,2.272057089653931e-06
20,House of the Generals,1.0,1.012264564169952,2.272057089653931e-06
20,How Men Love Women,1.0,1.012264564169952,2.272057089653931e-06
20,How Much Is That Sex Act in the Window,1.0,1.012264564169952,2.272057089653931e-06
20,How Much Is Your Life Worth?,1.0,1.012264564169952,2.272057089653931e-06
20,How Not to Buy a Puppy/Busted: Scanner Price Accuracy Code,1.0,1.012264564169952,2.272057089653931e-06
20,How to Avoid Awkward Situations,1.0,1.012264564169952,2.272057089653931e-06
20,"How to Fly the B-17 (Part 2, Flight Operations)",1.0,1.012264564169952,2.272057089653931e-06
20,How to Get Along with Others,1.0,1.012264564169952,2.272057089653931e-06
20,How to Hide an Oak Tree,1.0,1.012264564169952,2.272057089653931e-06
20,How to Live Better,1.0,1.012264564169952,2.272057089653931e-06
20,How to Make Your Own Amateur Movie,1.0,1.012264564169952,2.272057089653931e-06
20,Howard Hughes,1.0,1.012264564169952,2.272057089653931e-06
20,Howie's Staycation/A Helping Paw,1.0,1.012264564169952,2.272057089653931e-06
20,Huan qi zhi xing,1.0,1.012264564169952,2.272057089653931e-06
20,Hue,1.0,1.012264564169952,2.272057089653931e-06
20,"Huevos, besos brujos y mucho amor",1.0,1.012264564169952,2.272057089653931e-06
20,Huhoihaji anhgetda,1.0,1.012264564169952,2.272057089653931e-06
20,Human Trials: Testing the Aids Vaccine,1.0,1.012264564169952,2.272057089653931e-06
20,Humph! Humph! Humph!,1.0,1.012264564169952,2.272057089653931e-06
20,Hunch,1.0,1.012264564169952,2.272057089653931e-06
20,Huncke,1.0,1.012264564169952,2.272057089653931e-06
20,Hungry for Change,1.0,1.012264564169952,2.272057089653931e-06
20,Hunted,2.0,1.012264564169952,0.00018298174061319897
20,Hunting the Phantom,1.0,1.012264564169952,2.272057089653931e-06
20,Huntza,1.0,1.012264564169952,2.272057089653931e-06
20,Hurra Deutschland! - Erobert Klinsi unsere Herzen?,1.0,1.012264564169952,2.272057089653931e-06
20,Hvidsten Gruppen - De sidste vidner,1.0,1.012264564169952,2.272057089653931e-06
20,Hvis er Barnet?,1.0,1.012264564169952,2.272057089653931e-06
20,HypaSpace,1.0,1.012264564169952,2.272057089653931e-06
20,Hyper Psy-Crow,1.0,1.012264564169952,2.272057089653931e-06
20,I'll See You in My Dreams,1.0,1.012264564169952,2.272057089653931e-06
20,I'm Good,1.0,1.012264564169952,2.272057089653931e-06
20,I'm Just a Jitterbug,1.0,1.012264564169952,2.272057089653931e-06
20,I'm No Hero,1.0,1.012264564169952,2.272057089653931e-06
20,I'm Putting Everybody in Cuffs,1.0,1.012264564169952,2.272057089653931e-06
20,I'm with the Band,1.0,1.012264564169952,2.272057089653931e-06
20,I amartia sto kormi tis,1.0,1.012264564169952,2.272057089653931e-06
20,I arkouda,1.0,1.012264564169952,2.272057089653931e-06
20,I Can't Believe I Took the Whole Thing 9,1.0,1.012264564169952,2.272057089653931e-06
20,I Can Dance,1.0,1.012264564169952,2.272057089653931e-06
20,I Can Finally Grasp It!,1.0,1.012264564169952,2.272057089653931e-06
20,I colori della città celeste,1.0,1.012264564169952,2.272057089653931e-06
20,I diavoli di Spartivento,1.0,1.012264564169952,2.272057089653931e-06
20,"I Do, Oh, No, You Di-in't: Part 1",1.0,1.012264564169952,2.272057089653931e-06
20,I Don't,1.0,1.012264564169952,2.272057089653931e-06
20,I Don't Give a,1.0,1.012264564169952,2.272057089653931e-06
20,I Don't Want a Cold,1.0,1.012264564169952,2.272057089653931e-06
20,I Don't Want to Do Wrong,1.0,1.012264564169952,2.272057089653931e-06
20,I Fuck for Money 2,1.0,1.012264564169952,2.272057089653931e-06
20,I grandi camaleonti,1.0,1.012264564169952,2.272057089653931e-06
20,I Hate Needles!,1.0,1.012264564169952,2.272057089653931e-06
20,I Know What You Did Last Night,1.0,1.012264564169952,2.272057089653931e-06
20,I kyria einai high,1.0,1.012264564169952,2.272057089653931e-06
20,I Like Mizuki,1.0,1.012264564169952,2.272057089653931e-06
20,I Love Ashlynn,1.0,1.012264564169952,2.272057089653931e-06
20,I Love Haley Paige,1.0,1.012264564169952,2.272057089653931e-06
20,"I Love You, Beth Cooper",1.0,1.012264564169952,2.272057089653931e-06
20,"I Miss You, Baby",1.0,1.012264564169952,2.272057089653931e-06
20,I Pagliacci (Vesti la Giubba),1.0,1.012264564169952,2.272057089653931e-06
20,I Scream Men,1.0,1.012264564169952,2.272057089653931e-06
20,I Skt. Petersborg med Villy Søvndal,1.0,1.012264564169952,2.272057089653931e-06
20,I Spy,1.0,1.012264564169952,2.272057089653931e-06
20,I Still Adore You,1.0,1.012264564169952,2.272057089653931e-06
20,I Suck Coppers,1.0,1.012264564169952,2.272057089653931e-06
20,I Survived a Rodney Blast 2,1.0,1.012264564169952,2.272057089653931e-06
20,I Think Bad Thoughts,1.0,1.012264564169952,2.272057089653931e-06
20,I Think We Should Have Sex,1.0,1.012264564169952,2.272057089653931e-06
20,I Wanna Be Close,1.0,1.012264564169952,2.272057089653931e-06
20,I Wanna Spend Time Witchoo,1.0,1.012264564169952,2.272057089653931e-06
20,I Was a Teenage Monster,1.0,1.012264564169952,2.272057089653931e-06
20,Ice Bear,1.0,1.012264564169952,2.272057089653931e-06
20,Ice Caps,1.0,1.012264564169952,2.272057089653931e-06
20,Ich bin dein Killer,1.0,1.012264564169952,2.272057089653931e-06
20,Ich schwöre und gelobe,1.0,1.012264564169952,2.272057089653931e-06
20,Ich verweigere die Aussage,1.0,1.012264564169952,2.272057089653931e-06
20,ICW Live in Goulburn 2,1.0,1.012264564169952,2.272057089653931e-06
20,Ida's Story,1.0,1.012264564169952,2.272057089653931e-06
20,Ida B. Wells: A Passion for Justice,1.0,1.012264564169952,2.272057089653931e-06
20,Idea di un'isola,1.0,1.012264564169952,2.272057089653931e-06
20,Ides of March,1.0,1.012264564169952,2.272057089653931e-06
20,Iedereen doet het,1.0,1.012264564169952,2.272057089653931e-06
20,If Google Were Invented in the '80s,1.0,1.012264564169952,2.272057089653931e-06
20,If Kids Shows Were Real,1.0,1.012264564169952,2.272057089653931e-06
20,If Momma Ain't Happy...,1.0,1.012264564169952,2.272057089653931e-06
20,Ik doe alles voor jou,1.0,1.012264564169952,2.272057089653931e-06
20,Ik lief,1.0,1.012264564169952,2.272057089653931e-06
20,Ikke bare flaks,1.0,1.012264564169952,2.272057089653931e-06
20,Il capriccio di un principe,1.0,1.012264564169952,2.272057089653931e-06
20,Il duca d'Aosta conferisce la medaglia al Generale Tettoni,1.0,1.012264564169952,2.272057089653931e-06
20,Il falconiere,1.0,1.012264564169952,2.272057089653931e-06
20,Il faut partir,1.0,1.012264564169952,2.272057089653931e-06
20,Il finto storpio,1.0,1.012264564169952,2.272057089653931e-06
20,Il gatto dagli occhi di giada,1.0,1.012264564169952,2.272057089653931e-06
20,Il pavone,1.0,1.012264564169952,2.272057089653931e-06
20,IL principio del terzo escluso,1.0,1.012264564169952,2.272057089653931e-06
20,Il romanzo di un maestro,1.0,1.012264564169952,2.272057089653931e-06
20,Ill Do Anything But,1.0,1.012264564169952,2.272057089653931e-06
20,Illusionen,1.0,1.012264564169952,2.272057089653931e-06
20,Iltapäivälehtien otsikoissa,1.0,1.012264564169952,2.272057089653931e-06
20,Im Visier des Todes,1.0,1.012264564169952,2.272057089653931e-06
20,Imágenes del deporte Nº 60,1.0,1.012264564169952,2.272057089653931e-06
20,Immer Ärger mit den Frauen,1.0,1.012264564169952,2.272057089653931e-06
20,Immoderate Generation,1.0,1.012264564169952,2.272057089653931e-06
20,Imogen's Face,1.0,1.012264564169952,2.272057089653931e-06
20,Impersonations,1.0,1.012264564169952,2.272057089653931e-06
20,Impromptu Balear,1.0,1.012264564169952,2.272057089653931e-06
20,Impulse,1.0,1.012264564169952,2.272057089653931e-06
20,In-Fold Safety Video,1.0,1.012264564169952,2.272057089653931e-06
20,In a Dread-Lock (Carrie),1.0,1.012264564169952,2.272057089653931e-06
20,In der Großfeldsiedlung,1.0,1.012264564169952,2.272057089653931e-06
20,In eisiger Höhe,1.0,1.012264564169952,2.272057089653931e-06
20,In Key,1.0,1.012264564169952,2.272057089653931e-06
20,In Praise of Older Men,1.0,1.012264564169952,2.272057089653931e-06
20,In Search of Peace,1.0,1.012264564169952,2.272057089653931e-06
20,In the Best Possible Taste: A Tribute to Kenny Everett,1.0,1.012264564169952,2.272057089653931e-06
20,In the Park,1.0,1.012264564169952,2.272057089653931e-06
20,In the Telling,1.0,1.012264564169952,2.272057089653931e-06
20,Inazuman Furashu,1.0,1.012264564169952,2.272057089653931e-06
20,Incident at Crossbow,1.0,1.012264564169952,2.272057089653931e-06
20,Include Me Out,1.0,1.012264564169952,2.272057089653931e-06
20,Incubus & Aisha Tyler,1.0,1.012264564169952,2.272057089653931e-06
20,Indradhanura Chhai,1.0,1.012264564169952,2.272057089653931e-06
20,Infiltration,1.0,1.012264564169952,2.272057089653931e-06
20,Information Society,1.0,1.012264564169952,2.272057089653931e-06
20,Inhyeon Wanghu-ui Namja,1.0,1.012264564169952,2.272057089653931e-06
20,Inn - Der grüne Fluss aus den Alpen,1.0,1.012264564169952,2.272057089653931e-06
20,"Inner Struggles: Fall, 1975",1.0,1.012264564169952,2.272057089653931e-06
20,Innhentet av fortiden,1.0,1.012264564169952,2.272057089653931e-06
20,Inochi no umi,1.0,1.012264564169952,2.272057089653931e-06
20,Insane Clown Poppy,1.0,1.012264564169952,2.272057089653931e-06
20,Insanity Genetic: Part 2,1.0,1.012264564169952,2.272057089653931e-06
20,Inside 'The Terminal',1.0,1.012264564169952,2.272057089653931e-06
20,Inside the Orient 2,1.0,1.012264564169952,2.272057089653931e-06
20,Interception,1.0,1.012264564169952,2.272057089653931e-06
20,Interracial Anal Vacation 2,1.0,1.012264564169952,2.272057089653931e-06
20,Interrogation,1.0,1.012264564169952,2.272057089653931e-06
20,Intervention malencontreuse,1.0,1.012264564169952,2.272057089653931e-06
20,Interview with Spinal Tap,1.0,1.012264564169952,2.272057089653931e-06
20,Into the Pit: The Shocking Story of Deadpit.com,1.0,1.012264564169952,2.272057089653931e-06
20,Introduction of Bobby Trendy,1.0,1.012264564169952,2.272057089653931e-06
20,Invasion of the Katrinians,1.0,1.012264564169952,2.272057089653931e-06
20,Invisible People,1.0,1.012264564169952,2.272057089653931e-06
20,Io e te,1.0,1.012264564169952,2.272057089653931e-06
20,Io sono un autarchico,1.0,1.012264564169952,2.272057089653931e-06
20,Ipswich,1.0,1.012264564169952,2.272057089653931e-06
20,Iraqi Short Films,1.0,1.012264564169952,2.272057089653931e-06
20,Irgendwann einmal...,1.0,1.012264564169952,2.272057089653931e-06
20,Is It a Good Idea to Microwave an Apple?,1.0,1.012264564169952,2.272057089653931e-06
20,Is There Honey Still for Tea?,1.0,1.012264564169952,2.272057089653931e-06
20,Isabellan sonni karkaa väärän lehmän laitumelle,1.0,1.012264564169952,2.272057089653931e-06
20,ISADAR - Solo Piano: Volume 1,1.0,1.012264564169952,2.272057089653931e-06
20,Ishq Par Zor Nahin,1.0,1.012264564169952,2.272057089653931e-06
20,Iskateli schastya,1.0,1.012264564169952,2.272057089653931e-06
20,Isla,1.0,1.012264564169952,2.272057089653931e-06
20,Islands in the Sun,1.0,1.012264564169952,2.272057089653931e-06
20,Islas Marías hoy,1.0,1.012264564169952,2.272057089653931e-06
20,Isolerad,1.0,1.012264564169952,2.272057089653931e-06
20,Isprinsessan,1.0,1.012264564169952,2.272057089653931e-06
20,Israel Ltd.,1.0,1.012264564169952,2.272057089653931e-06
20,It's a Living,1.0,1.012264564169952,2.272057089653931e-06
20,It's a Wonderful Nine Lives,1.0,1.012264564169952,2.272057089653931e-06
20,It's My Birthday,1.0,1.012264564169952,2.272057089653931e-06
20,"It Ain't Our Fault, Ma'm",1.0,1.012264564169952,2.272057089653931e-06
20,"It Takes a Team/Like Father, Like Son",1.0,1.012264564169952,2.272057089653931e-06
20,It Takes Two,1.0,1.012264564169952,2.272057089653931e-06
20,Itty P and DJ Model T's Dat's a RAP!,1.0,1.012264564169952,2.272057089653931e-06
20,Ivan Z,1.0,1.012264564169952,2.272057089653931e-06
20,IWA Mid South: King of the Death Matches - Night 1,1.0,1.012264564169952,2.272057089653931e-06
20,J'ai peur d'oublier,1.0,1.012264564169952,2.272057089653931e-06
20,Ja jäljelle jää vain tanssi,1.0,1.012264564169952,2.272057089653931e-06
20,Jaar 1: Alan Reeve na dertig jaar opsluiting,1.0,1.012264564169952,2.272057089653931e-06
20,Jabcho,1.0,1.012264564169952,2.272057089653931e-06
20,Jack's Back,1.0,1.012264564169952,2.272057089653931e-06
20,Jack Adopts Son,1.0,1.012264564169952,2.272057089653931e-06
20,Jack Scrubs His Hammock,1.0,1.012264564169952,2.272057089653931e-06
20,Jackée,1.0,1.012264564169952,2.272057089653931e-06
20,Jacks Boxes,1.0,1.012264564169952,2.272057089653931e-06
20,Jacob Haugaard,1.0,1.012264564169952,2.272057089653931e-06
20,Jacques Landauze,1.0,1.012264564169952,2.272057089653931e-06
20,Jacques Pernocola aux Bruexelles,1.0,1.012264564169952,2.272057089653931e-06
20,Jacques Prévert,1.0,1.012264564169952,2.272057089653931e-06
20,Jagten på Ællings Røde Garnnøgle,1.0,1.012264564169952,2.272057089653931e-06
20,Jailbait Babysitter,1.0,1.012264564169952,2.272057089653931e-06
20,Jailbreak,1.0,1.012264564169952,2.272057089653931e-06
20,Jake's How-To,1.0,1.012264564169952,2.272057089653931e-06
20,Jalpari,1.0,1.012264564169952,2.272057089653931e-06
20,James Bulger: A Mother's Story,1.0,1.012264564169952,2.272057089653931e-06
20,James Corden's World Cup Live,1.0,1.012264564169952,2.272057089653931e-06
20,James Family,1.0,1.012264564169952,2.272057089653931e-06
20,Jan & Matt; Peggy & Winston,1.0,1.012264564169952,2.272057089653931e-06
20,János vitéz,1.0,1.012264564169952,2.272057089653931e-06
20,Japanese Infantry on the March,1.0,1.012264564169952,2.272057089653931e-06
20,Japanophiles: Ilan Yanizky,1.0,1.012264564169952,2.272057089653931e-06
20,Jasper Ritz undersøger: Metal-festival,1.0,1.012264564169952,2.272057089653931e-06
20,Játszó gyerekek,1.0,1.012264564169952,2.272057089653931e-06
20,Jay-Kid & Michael Jackson,1.0,1.012264564169952,2.272057089653931e-06
20,Jazz in Venice,1.0,1.012264564169952,2.272057089653931e-06
20,Jean,1.0,1.012264564169952,2.272057089653931e-06
20,Jean Olivier Hucleux: Du travail à l'oeuvre,1.0,1.012264564169952,2.272057089653931e-06
20,Jeans Family,1.0,1.012264564169952,2.272057089653931e-06
20,"Jeep Wrangler, Channel Island Surfboards and Kodak Picture Gallery",1.0,1.012264564169952,2.272057089653931e-06
20,Jefke,1.0,1.012264564169952,2.272057089653931e-06
20,Jeg så ind i dig,1.0,1.012264564169952,2.272057089653931e-06
20,Jelena,1.0,1.012264564169952,2.272057089653931e-06
20,Jenna Haze: Dark Side,1.0,1.012264564169952,2.272057089653931e-06
20,Jennifer,1.0,1.012264564169952,2.272057089653931e-06
20,Jenny Kissed Me,1.0,1.012264564169952,2.272057089653931e-06
20,Jerry in Yodel Land,1.0,1.012264564169952,2.272057089653931e-06
20,Jerry Springer Uncensored: Tailgating Springer Style,1.0,1.012264564169952,2.272057089653931e-06
20,Jersey Shore: McCarther Avenue,1.0,1.012264564169952,2.272057089653931e-06
20,Jessica Jaymes Loves Cock,1.0,1.012264564169952,2.272057089653931e-06
20,Jetzt oder nie,1.0,1.012264564169952,2.272057089653931e-06
20,Jeudi après midi,1.0,1.012264564169952,2.272057089653931e-06
20,"Jews on Campus: Numbers Dwindling, Protests Rising",1.0,1.012264564169952,2.272057089653931e-06
20,Jiang: An Artist's Journey,1.0,1.012264564169952,2.272057089653931e-06
20,Jigu zagu taru kororo ni,1.0,1.012264564169952,2.272057089653931e-06
20,Jim Dupree: Christmas Enthusiast,1.0,1.012264564169952,2.272057089653931e-06
20,Jim Dupree: Figure Skating Enthusiast,1.0,1.012264564169952,2.272057089653931e-06
20,Jim Wallis,1.0,1.012264564169952,2.272057089653931e-06
20,Jimmy Savile: What the BBC Knew,1.0,1.012264564169952,2.272057089653931e-06
20,Jinx,1.0,1.012264564169952,2.272057089653931e-06
20,Jinxanje,1.0,1.012264564169952,2.272057089653931e-06
20,Jockey Eile,1.0,1.012264564169952,2.272057089653931e-06
20,Joe Gets Cosmic,1.0,1.012264564169952,2.272057089653931e-06
20,Joe: Body Electric,1.0,1.012264564169952,2.272057089653931e-06
20,Joey's Dramatic Debut,1.0,1.012264564169952,2.272057089653931e-06
20,"Johanna Meets Her New Friend, Emily",1.0,1.012264564169952,2.272057089653931e-06
20,John and Marsha sa Amerika,1.0,1.012264564169952,2.272057089653931e-06
20,John Charles,1.0,1.012264564169952,2.272057089653931e-06
20,John Seale and Peter Weir on 'Dead Poet's Society',1.0,1.012264564169952,2.272057089653931e-06
20,John Williams: The Music of 'Jaws 2',1.0,1.012264564169952,2.272057089653931e-06
20,Johnny Belinda,1.0,1.012264564169952,2.272057089653931e-06
20,Johnny English,1.0,1.012264564169952,2.272057089653931e-06
20,Johnson's Retirement,1.0,1.012264564169952,2.272057089653931e-06
20,Jon Bon Jovi,1.0,1.012264564169952,2.272057089653931e-06
20,Jonggak,1.0,1.012264564169952,2.272057089653931e-06
20,JR Finds the Agimat,1.0,1.012264564169952,2.272057089653931e-06
20,Ju Zi Jiang Nan Hai,1.0,1.012264564169952,2.272057089653931e-06
20,"Juan Armenta, el repatriado",1.0,1.012264564169952,2.272057089653931e-06
20,Jûbei ninpûchô: Ryuhogyoku-hen,1.0,1.012264564169952,2.272057089653931e-06
20,Jubilee,1.0,1.012264564169952,2.272057089653931e-06
20,Jubileo,1.0,1.012264564169952,2.272057089653931e-06
20,Judge Hatchett,1.0,1.012264564169952,2.272057089653931e-06
20,Juicio contra un ángel,1.0,1.012264564169952,2.272057089653931e-06
20,Jul på Skovly,1.0,1.012264564169952,2.272057089653931e-06
20,June 2012,1.0,1.012264564169952,2.272057089653931e-06
20,Jung on Film,1.0,1.012264564169952,2.272057089653931e-06
20,Jungle,1.0,1.012264564169952,2.272057089653931e-06
20,Jungles: People of the Trees,1.0,1.012264564169952,2.272057089653931e-06
20,Juni's New York Diary,1.0,1.012264564169952,2.272057089653931e-06
20,Junkfood Confessional,1.0,1.012264564169952,2.272057089653931e-06
20,Jura de la bandera en Zumpango,1.0,1.012264564169952,2.272057089653931e-06
20,Jurassic Park III: The DNA Factor,1.0,1.012264564169952,2.272057089653931e-06
20,Just for Two,1.0,1.012264564169952,2.272057089653931e-06
20,Just Like Her,1.0,1.012264564169952,2.272057089653931e-06
20,Just Send Some Flowers,1.0,1.012264564169952,2.272057089653931e-06
20,K-Street Commandos,1.0,1.012264564169952,2.272057089653931e-06
20,K.S.P.,1.0,1.012264564169952,2.272057089653931e-06
20,K2,1.0,1.012264564169952,2.272057089653931e-06
20,Kahan Kahan Se Guzar,1.0,1.012264564169952,2.272057089653931e-06
20,Kahdeksan surmanluotia,1.0,1.012264564169952,2.272057089653931e-06
20,Kaihone Wahine,1.0,1.012264564169952,2.272057089653931e-06
20,Kakogawa no nagare,1.0,1.012264564169952,2.272057089653931e-06
20,"Kalle Stropp, Grodan Boll och deras vänner",1.0,1.012264564169952,2.272057089653931e-06
20,Kan door huid heen,1.0,1.012264564169952,2.272057089653931e-06
20,Kara duvak,1.0,1.012264564169952,2.272057089653931e-06
20,Karaoke Revolution Party,1.0,1.012264564169952,2.272057089653931e-06
20,Kareinaru tsuiseki,1.0,1.012264564169952,2.272057089653931e-06
20,Karen Gravano/Ramona Rizzo,1.0,1.012264564169952,2.272057089653931e-06
20,Karkulka,1.0,1.012264564169952,2.272057089653931e-06
20,Karl-Marx-Stadt - Gegenwärtiger Bericht und Erinnerung an Chemnitz,1.0,1.012264564169952,2.272057089653931e-06
20,Karma Chameleon,1.0,1.012264564169952,2.272057089653931e-06
20,Karmadevi,1.0,1.012264564169952,2.272057089653931e-06
20,Kate's Broken Heart,1.0,1.012264564169952,2.272057089653931e-06
20,Kate the Good Neighbour,1.0,1.012264564169952,2.272057089653931e-06
20,Katharina Durchbruch in New York 01,1.0,1.012264564169952,2.272057089653931e-06
20,Kathy,1.0,1.012264564169952,2.272057089653931e-06
20,Kathy Najimy,1.0,1.012264564169952,2.272057089653931e-06
20,Katilin kizi,1.0,1.012264564169952,2.272057089653931e-06
20,Katoavaa Tamperetta,1.0,1.012264564169952,2.272057089653931e-06
20,Kein Garten Eden,1.0,1.012264564169952,2.272057089653931e-06
20,Kellum & Pritchard vs. Kellum,1.0,1.012264564169952,2.272057089653931e-06
20,Kennedys in Culture,1.0,1.012264564169952,2.272057089653931e-06
20,Kenny Chesney,1.0,1.012264564169952,2.272057089653931e-06
20,Kenny Chesney: Somewhere in the Sun,1.0,1.012264564169952,2.272057089653931e-06
20,Kenton Duty Hang with EZ,1.0,1.012264564169952,2.272057089653931e-06
20,Kharidar,1.0,1.012264564169952,2.272057089653931e-06
20,Khola Hawa,1.0,1.012264564169952,2.272057089653931e-06
20,Ki,1.0,1.012264564169952,2.272057089653931e-06
20,Kickboxer the Champion,1.0,1.012264564169952,2.272057089653931e-06
20,Kikai kyûden no joô,1.0,1.012264564169952,2.272057089653931e-06
20,Killer on the Strip/The Doll Murder,1.0,1.012264564169952,2.272057089653931e-06
20,Kind ontvoerd,1.0,1.012264564169952,2.272057089653931e-06
20,Kinderen voor kinderen 28,1.0,1.012264564169952,2.272057089653931e-06
20,Kine & Tammy,1.0,1.012264564169952,2.272057089653931e-06
20,King Castle's Defenses,1.0,1.012264564169952,2.272057089653931e-06
20,King of the Rodeo,1.0,1.012264564169952,2.272057089653931e-06
20,Kiralyret,1.0,1.012264564169952,2.272057089653931e-06
20,Kirot sa dibdib,1.0,1.012264564169952,2.272057089653931e-06
20,Kirvesmiehet,1.0,1.012264564169952,2.272057089653931e-06
20,KIss,1.0,1.012264564169952,2.272057089653931e-06
20,Kiss Me You Fool,1.0,1.012264564169952,2.272057089653931e-06
20,Kitchen Crash,1.0,1.012264564169952,2.272057089653931e-06
20,Klaas' Wochenshow,1.0,1.012264564169952,2.272057089653931e-06
20,Klima nørd special,1.0,1.012264564169952,2.272057089653931e-06
20,Knight Errant at Large,1.0,1.012264564169952,2.272057089653931e-06
20,Knight Must Fall/The Devious Dr. Dumpty,1.0,1.012264564169952,2.272057089653931e-06
20,Knights of the Living Dead,1.0,1.012264564169952,2.272057089653931e-06
20,Knockouts vs Susans,1.0,1.012264564169952,2.272057089653931e-06
20,Ko-Ko's Big Sale,1.0,1.012264564169952,2.272057089653931e-06
20,"Kobieta, która grzechu pragnie",1.0,1.012264564169952,2.272057089653931e-06
20,Kobito no kaizoku-tachi,1.0,1.012264564169952,2.272057089653931e-06
20,Kochavim,1.0,1.012264564169952,2.272057089653931e-06
20,Koi no mukuro,1.0,1.012264564169952,2.272057089653931e-06
20,Koji Wakamatsu,1.0,1.012264564169952,2.272057089653931e-06
20,Koko Flanel,1.0,1.012264564169952,2.272057089653931e-06
20,KokoTeatteri vs Tampereen Komediateatteri,1.0,1.012264564169952,2.272057089653931e-06
20,Koletat - iznenada,1.0,1.012264564169952,2.272057089653931e-06
20,Kolobok,1.0,1.012264564169952,2.272057089653931e-06
20,Konfettimord,1.0,1.012264564169952,2.272057089653931e-06
20,Koniec gry,1.0,1.012264564169952,2.272057089653931e-06
20,König Artus - Die Suche nach dem heiligen Gral,1.0,1.012264564169952,2.272057089653931e-06
20,Korea: The Unknown War,1.0,1.012264564169952,2.272057089653931e-06
20,Kôshin! Byakko no kogenta,1.0,1.012264564169952,2.272057089653931e-06
20,"Koufonisi, to nisi tis porfyras",1.0,1.012264564169952,2.272057089653931e-06
20,Kovaa peliä,1.0,1.012264564169952,2.272057089653931e-06
20,Kowai,1.0,1.012264564169952,2.272057089653931e-06
20,Kressin stoppt den Nordexpress,1.0,1.012264564169952,2.272057089653931e-06
20,Krstiny,1.0,1.012264564169952,2.272057089653931e-06
20,Krtek a pramen,1.0,1.012264564169952,2.272057089653931e-06
20,Kruse Knallkul,1.0,1.012264564169952,2.272057089653931e-06
20,KTSX 69,1.0,1.012264564169952,2.272057089653931e-06
20,Kuba Wojewódzki,1.0,1.012264564169952,2.272057089653931e-06
20,Kuce na tekucoj traci,1.0,1.012264564169952,2.272057089653931e-06
20,Különleges parti,1.0,1.012264564169952,2.272057089653931e-06
20,Kupetzkys letzte Schicht,1.0,1.012264564169952,2.272057089653931e-06
20,Kurdoglu 3 - Bu yola bas koyduk,1.0,1.012264564169952,2.272057089653931e-06
20,Kurui: Alteration,1.0,1.012264564169952,2.272057089653931e-06
20,Kurukshetra,1.0,1.012264564169952,2.272057089653931e-06
20,Kvinnor i fångenskap,1.0,1.012264564169952,2.272057089653931e-06
20,Kyle Grooms,1.0,1.012264564169952,2.272057089653931e-06
20,Kyojin Muusu,1.0,1.012264564169952,2.272057089653931e-06
20,Kyoto Rain,1.0,1.012264564169952,2.272057089653931e-06
20,L'affaire de la momie,1.0,1.012264564169952,2.272057089653931e-06
20,L'amante incatenata,1.0,1.012264564169952,2.272057089653931e-06
20,L'amor és etern,1.0,1.012264564169952,2.272057089653931e-06
20,L'assassinat du courrier de Lyon,1.0,1.012264564169952,2.272057089653931e-06
20,L'encerclement - La démocratie dans les rets du néolibéralisme,1.0,1.012264564169952,2.272057089653931e-06
20,L'enfant de la roulotte,1.0,1.012264564169952,2.272057089653931e-06
20,L'enlèvement d'Oscar,1.0,1.012264564169952,2.272057089653931e-06
20,L'huitre et la perle,1.0,1.012264564169952,2.272057089653931e-06
20,L'immortel,1.0,1.012264564169952,2.272057089653931e-06
20,L'inaugurazione del campanile di San Marco,1.0,1.012264564169952,2.272057089653931e-06
20,L'inchiesta,1.0,1.012264564169952,2.272057089653931e-06
20,La belle et la bête,1.0,1.012264564169952,2.272057089653931e-06
20,La bestia in calore,1.0,1.012264564169952,2.272057089653931e-06
20,La Bohème,1.0,1.012264564169952,2.272057089653931e-06
20,La captura del capo,1.0,1.012264564169952,2.272057089653931e-06
20,La casa de enfrente,1.0,1.012264564169952,2.272057089653931e-06
20,La Casa del Demonio,1.0,1.012264564169952,2.272057089653931e-06
20,La colle,1.0,1.012264564169952,2.272057089653931e-06
20,La corrida de toros del Domongo 3 de marzo de 1912,1.0,1.012264564169952,2.272057089653931e-06
20,La disparition d'Onésime,1.0,1.012264564169952,2.272057089653931e-06
20,La donna di una sera,1.0,1.012264564169952,2.272057089653931e-06
20,La escondida,1.0,1.012264564169952,2.272057089653931e-06
20,La Estrategia,1.0,1.012264564169952,2.272057089653931e-06
20,La folle aventure,1.0,1.012264564169952,2.272057089653931e-06
20,La grande magie,1.0,1.012264564169952,2.272057089653931e-06
20,La grande paura,1.0,1.012264564169952,2.272057089653931e-06
20,La honra de Cata y Pura,1.0,1.012264564169952,2.272057089653931e-06
20,La isla de las mujeres,1.0,1.012264564169952,2.272057089653931e-06
20,La loupiote,1.0,1.012264564169952,2.272057089653931e-06
20,La luz prodigiosa,1.0,1.012264564169952,2.272057089653931e-06
20,La manzana de la discordia. 2a parte,1.0,1.012264564169952,2.272057089653931e-06
20,La menor,1.0,1.012264564169952,2.272057089653931e-06
20,La mort va al teatre,1.0,1.012264564169952,2.272057089653931e-06
20,La noche de Lola,1.0,1.012264564169952,2.272057089653931e-06
20,La nuit de la Cogip,1.0,1.012264564169952,2.272057089653931e-06
20,La passion selon Florimond,1.0,1.012264564169952,2.272057089653931e-06
20,La risa en vacaciones 5,1.0,1.012264564169952,2.272057089653931e-06
20,La route des Indes,1.0,1.012264564169952,2.272057089653931e-06
20,La sonde,1.0,1.012264564169952,2.272057089653931e-06
20,La strada per Forte Alamo,1.0,1.012264564169952,2.272057089653931e-06
20,La suerte de la fea... a la bonita no le importa,1.0,1.012264564169952,2.272057089653931e-06
20,La télévision des Albanais,1.0,1.012264564169952,2.272057089653931e-06
20,La télévision des mauriciens,1.0,1.012264564169952,2.272057089653931e-06
20,La tête de loup,1.0,1.012264564169952,2.272057089653931e-06
20,La Truffa,1.0,1.012264564169952,2.272057089653931e-06
20,La vecindad en venta I,1.0,1.012264564169952,2.272057089653931e-06
20,La vie sauve,1.0,1.012264564169952,2.272057089653931e-06
20,La vita a bordo delle corazzate della R. Marina,1.0,1.012264564169952,2.272057089653931e-06
20,La vita che verrà,1.0,1.012264564169952,2.272057089653931e-06
20,La zia d'America va a sciare,1.0,1.012264564169952,2.272057089653931e-06
20,Laahus,1.0,1.012264564169952,2.272057089653931e-06
20,Labour Day,1.0,1.012264564169952,2.272057089653931e-06
20,Lacey's New Additions,1.0,1.012264564169952,2.272057089653931e-06
20,Lady Luck,1.0,1.012264564169952,2.272057089653931e-06
20,Laid Bare,1.0,1.012264564169952,2.272057089653931e-06
20,Laimingas laimes nerades,1.0,1.012264564169952,2.272057089653931e-06
20,Lake District,1.0,1.012264564169952,2.272057089653931e-06
20,Lakshmi Nivasa,1.0,1.012264564169952,2.272057089653931e-06
20,Lama e... 'un affresco' di Ben Shahn,1.0,1.012264564169952,2.272057089653931e-06
20,Lament for a Dead Goldbrick,1.0,1.012264564169952,2.272057089653931e-06
20,Lan abki abadan,1.0,1.012264564169952,2.272057089653931e-06
20,Landlord of the Giants,1.0,1.012264564169952,2.272057089653931e-06
20,"Lang, lang ist's her",1.0,1.012264564169952,2.272057089653931e-06
20,Larry Holmes,1.0,1.012264564169952,2.272057089653931e-06
20,"Las Garrido, codiciosas",1.0,1.012264564169952,2.272057089653931e-06
20,Las hijas del Cid,1.0,1.012264564169952,2.272057089653931e-06
20,Las tandas del principal,1.0,1.012264564169952,2.272057089653931e-06
20,Last Exit to Leichstenstein,1.0,1.012264564169952,2.272057089653931e-06
20,Last Tango in Tuckahoe,1.0,1.012264564169952,2.272057089653931e-06
20,Last Time in Clerkenwell,1.0,1.012264564169952,2.272057089653931e-06
20,Late for Church,1.0,1.012264564169952,2.272057089653931e-06
20,Late Model,1.0,1.012264564169952,2.272057089653931e-06
20,Laura,1.0,1.012264564169952,2.272057089653931e-06
20,Laura & Anne 4 Ever,1.0,1.012264564169952,2.272057089653931e-06
20,Lava Story,1.0,1.012264564169952,2.272057089653931e-06
20,Laying a Marine Cable,1.0,1.012264564169952,2.272057089653931e-06
20,Le barrage,1.0,1.012264564169952,2.272057089653931e-06
20,Le bon profil,1.0,1.012264564169952,2.272057089653931e-06
20,Le Carrousel: Evolution des quadrilles,1.0,1.012264564169952,2.272057089653931e-06
20,Le cercle des noyés,1.0,1.012264564169952,2.272057089653931e-06
20,Le clan des Lanzac,1.0,1.012264564169952,2.272057089653931e-06
20,Le coeur de Rigadin,1.0,1.012264564169952,2.272057089653931e-06
20,Le coup du placard,1.0,1.012264564169952,2.272057089653931e-06
20,Le Freak C'est Chic,1.0,1.012264564169952,2.272057089653931e-06
20,Le jeu du solitaire,1.0,1.012264564169952,2.272057089653931e-06
20,Le langage des fleurs,1.0,1.012264564169952,2.272057089653931e-06
20,Le petit sac à l'aube,1.0,1.012264564169952,2.272057089653931e-06
20,Le prix de l'innocence,1.0,1.012264564169952,2.272057089653931e-06
20,Le puits de la cave,1.0,1.012264564169952,2.272057089653931e-06
20,Le roi de l'étain,1.0,1.012264564169952,2.272057089653931e-06
20,Le roi Jean,1.0,1.012264564169952,2.272057089653931e-06
20,Le scénario,1.0,1.012264564169952,2.272057089653931e-06
20,Le train,1.0,1.012264564169952,2.272057089653931e-06
20,Le tre primavere,1.0,1.012264564169952,2.272057089653931e-06
20,Le voglie di Gloria,1.0,1.012264564169952,2.272057089653931e-06
20,Learn Italian the Easy Way... One Plate at a Time,1.0,1.012264564169952,2.272057089653931e-06
20,Learning to Learn,1.0,1.012264564169952,2.272057089653931e-06
20,Leather,1.0,1.012264564169952,2.272057089653931e-06
20,"Leave Us Not Little, Nor Yet Dark",1.0,1.012264564169952,2.272057089653931e-06
20,Leben & Sterben,1.0,1.012264564169952,2.272057089653931e-06
20,Lee Mack: Live,1.0,1.012264564169952,2.272057089653931e-06
20,Legacy,1.0,1.012264564169952,2.272057089653931e-06
20,Legacy of Sin: The William Coit Story,1.0,1.012264564169952,2.272057089653931e-06
20,Legami,1.0,1.012264564169952,2.272057089653931e-06
20,Legends of Poker: Part 3,1.0,1.012264564169952,2.272057089653931e-06
20,Lemon,1.0,1.012264564169952,2.272057089653931e-06
20,Leopard on the Loose,1.0,1.012264564169952,2.272057089653931e-06
20,Les 100 pas de Monsieur X,1.0,1.012264564169952,2.272057089653931e-06
20,Les apprentis,1.0,1.012264564169952,2.272057089653931e-06
20,Les aventures de Till L'Espiègle,1.0,1.012264564169952,2.272057089653931e-06
20,"Les ballets de-ci, de-là",1.0,1.012264564169952,2.272057089653931e-06
20,Les barbots,1.0,1.012264564169952,2.272057089653931e-06
20,Les convois de la honte,1.0,1.012264564169952,2.272057089653931e-06
20,Les dents de la nuit,1.0,1.012264564169952,2.272057089653931e-06
20,Les derniers mots,1.0,1.012264564169952,2.272057089653931e-06
20,Les filles de leur mère,1.0,1.012264564169952,2.272057089653931e-06
20,Les fils de la liberté,1.0,1.012264564169952,2.272057089653931e-06
20,Les J3,1.0,1.012264564169952,2.272057089653931e-06
20,Les jours et les nuits d'Eva Blue,1.0,1.012264564169952,2.272057089653931e-06
20,Les mémoires d'un chien de prairie,1.0,1.012264564169952,2.272057089653931e-06
20,Les pantins,1.0,1.012264564169952,2.272057089653931e-06
20,Les pavés du ciel,1.0,1.012264564169952,2.272057089653931e-06
20,Les rats de Montsouris,1.0,1.012264564169952,2.272057089653931e-06
20,Les zinzins de Bollywood,1.0,1.012264564169952,2.272057089653931e-06
20,Lesbian Ebony Amateurs 5,1.0,1.012264564169952,2.272057089653931e-06
20,Lesbian Thick and Black,1.0,1.012264564169952,2.272057089653931e-06
20,Leslie Crowther,1.0,1.012264564169952,2.272057089653931e-06
20,Lesson of the Assassin,1.0,1.012264564169952,2.272057089653931e-06
20,Let's Go for Broke,1.0,1.012264564169952,2.272057089653931e-06
20,"Let's Go, Bobby, Let's Go!",1.0,1.012264564169952,2.272057089653931e-06
20,Let's Learn Judo with Vladimir Putin,1.0,1.012264564169952,2.272057089653931e-06
20,Let It Snow,1.0,1.012264564169952,2.272057089653931e-06
20,Let Me Make My Own Mistakes,1.0,1.012264564169952,2.272057089653931e-06
20,Let the Truth Sting,1.0,1.012264564169952,2.272057089653931e-06
20,Letter × From × Gon,1.0,1.012264564169952,2.272057089653931e-06
20,Letty Leaves Home,1.0,1.012264564169952,2.272057089653931e-06
20,Lexi muß ran!,1.0,1.012264564169952,2.272057089653931e-06
20,Liam Neeson and Sam Worthington,1.0,1.012264564169952,2.272057089653931e-06
20,Lian. lian. wu,1.0,1.012264564169952,2.272057089653931e-06
20,Liar Bird,1.0,1.012264564169952,2.272057089653931e-06
20,Liar from Blackhawk,1.0,1.012264564169952,2.272057089653931e-06
20,Liberad a Tino,1.0,1.012264564169952,2.272057089653931e-06
20,Libra,1.0,1.012264564169952,2.272057089653931e-06
20,License to Hill,1.0,1.012264564169952,2.272057089653931e-06
20,Liebe isst... Das Single-Dinner,1.0,1.012264564169952,2.272057089653931e-06
20,Liebesgrüsse aus la Suiza,1.0,1.012264564169952,2.272057089653931e-06
20,Lievevrouwbedstro,1.0,1.012264564169952,2.272057089653931e-06
20,Life's Good,1.0,1.012264564169952,2.272057089653931e-06
20,Life Begins for Andy Hardy,1.0,1.012264564169952,2.272057089653931e-06
20,Life in Caledonia,1.0,1.012264564169952,2.272057089653931e-06
20,Life in Ebb and Flow,1.0,1.012264564169952,2.272057089653931e-06
20,"Lights, Camera, Bogus",1.0,1.012264564169952,2.272057089653931e-06
20,"Likely Stories, Vol. 3",1.0,1.012264564169952,2.272057089653931e-06
20,Linda Settles/Michael Jr.,1.0,1.012264564169952,2.272057089653931e-06
20,"Listen, Man!",1.0,1.012264564169952,2.272057089653931e-06
20,Little Britain,1.0,1.012264564169952,2.272057089653931e-06
20,Little Howard's DVD Extras,1.0,1.012264564169952,2.272057089653931e-06
20,Little Little Italy,1.0,1.012264564169952,2.272057089653931e-06
20,Little Worlds,1.0,1.012264564169952,2.272057089653931e-06
20,Littlenose: The Painted Caves,1.0,1.012264564169952,2.272057089653931e-06
20,Live by the Sword,1.0,1.012264564169952,2.272057089653931e-06
20,Living in the End Times According to Slavoj Zizek,1.0,1.012264564169952,2.272057089653931e-06
20,Living the Truth: Comfort Food or Killer,1.0,1.012264564169952,2.272057089653931e-06
20,Living with Prostate Cancer,1.0,1.012264564169952,2.272057089653931e-06
20,Living with the Enemy,1.0,1.012264564169952,2.272057089653931e-06
20,Liza with a 'B!',1.0,1.012264564169952,2.272057089653931e-06
20,Lizzie Dripping Says Good-bye,1.0,1.012264564169952,2.272057089653931e-06
20,"Ljubi, ljubi, al' glavu ne gubi",1.0,1.012264564169952,2.272057089653931e-06
20,Llanto por un bandido,1.0,1.012264564169952,2.272057089653931e-06
20,Lo que piensan los demás,1.0,1.012264564169952,2.272057089653931e-06
20,Loaded LA LA,1.0,1.012264564169952,2.272057089653931e-06
20,Lobos,1.0,1.012264564169952,2.272057089653931e-06
20,Locked Away,1.0,1.012264564169952,2.272057089653931e-06
20,Locker Lives,1.0,1.012264564169952,2.272057089653931e-06
20,Lode Runner: Teikoku Kara no Dasshutsu,1.0,1.012264564169952,2.272057089653931e-06
20,Loft,1.0,1.012264564169952,2.272057089653931e-06
20,Log 72: El Presidente,1.0,1.012264564169952,2.272057089653931e-06
20,Lola in Lipstick,1.0,1.012264564169952,2.272057089653931e-06
20,Lollipop for Judy,1.0,1.012264564169952,2.272057089653931e-06
20,Lon Chaney: the Faces,1.0,1.012264564169952,2.272057089653931e-06
20,Lone Justice 2,1.0,1.012264564169952,2.272057089653931e-06
20,Lonely Dreams,1.0,1.012264564169952,2.272057089653931e-06
20,Long John 2,1.0,1.012264564169952,2.272057089653931e-06
20,Lonnie/Patrick,1.0,1.012264564169952,2.272057089653931e-06
20,Lonxe de Africa,1.0,1.012264564169952,2.272057089653931e-06
20,Look at Life: The Ganges Might Lead Anywhere,1.0,1.012264564169952,2.272057089653931e-06
20,Look What the Ball Did!,1.0,1.012264564169952,2.272057089653931e-06
20,Looking for an Eco-Friendly Home in a Co-Housing Community,1.0,1.012264564169952,2.272057089653931e-06
20,Looking for Harrison,1.0,1.012264564169952,2.272057089653931e-06
20,Los 40 principales,1.0,1.012264564169952,2.272057089653931e-06
20,Los calaveras,1.0,1.012264564169952,2.272057089653931e-06
20,Los criminales,1.0,1.012264564169952,2.272057089653931e-06
20,Los pastores de la huella,1.0,1.012264564169952,2.272057089653931e-06
20,Lost & Found,1.0,1.012264564169952,2.272057089653931e-06
20,Lost and Founders,1.0,1.012264564169952,2.272057089653931e-06
20,Lost at Sea,1.0,1.012264564169952,2.272057089653931e-06
20,Lost in Translation/Going Home/The Grand Old Man,1.0,1.012264564169952,2.272057089653931e-06
20,Lost Planet 2,1.0,1.012264564169952,2.272057089653931e-06
20,Lostage,1.0,1.012264564169952,2.272057089653931e-06
20,Lottovoitto,1.0,1.012264564169952,2.272057089653931e-06
20,"Louisa, een woord van liefde",1.0,1.012264564169952,2.272057089653931e-06
20,"Louisville, Ky.",1.0,1.012264564169952,2.272057089653931e-06
20,"Louisville, KY: Tracey Purifoy & John Moneypenny",1.0,1.012264564169952,2.272057089653931e-06
20,Love,1.0,1.012264564169952,2.272057089653931e-06
20,Love and How to Cure It,1.0,1.012264564169952,2.272057089653931e-06
20,Love and Marriage,1.0,1.012264564169952,2.272057089653931e-06
20,Love Disconnection,1.0,1.012264564169952,2.272057089653931e-06
20,Love Hacking,1.0,1.012264564169952,2.272057089653931e-06
20,Love Is Blind,1.0,1.012264564169952,2.272057089653931e-06
20,Love Letters Are for Burning,1.0,1.012264564169952,2.272057089653931e-06
20,Love Me Not,1.0,1.012264564169952,2.272057089653931e-06
20,Love That Guardhouse,1.0,1.012264564169952,2.272057089653931e-06
20,Love Transcends Time!,1.0,1.012264564169952,2.272057089653931e-06
20,Loving the Alien,1.0,1.012264564169952,2.272057089653931e-06
20,Lucas Discordia,1.0,1.012264564169952,2.272057089653931e-06
20,Luciana Salazar,1.0,1.012264564169952,2.272057089653931e-06
20,Lucrezia Borgia,1.0,1.012264564169952,2.272057089653931e-06
20,Lucy Decides to Redecorate,1.0,1.012264564169952,2.272057089653931e-06
20,Lucy Makes Room for Danny,1.0,1.012264564169952,2.272057089653931e-06
20,Lulu Street,1.0,1.012264564169952,2.272057089653931e-06
20,Luna de sangre,1.0,1.012264564169952,2.272057089653931e-06
20,Lunch Break,1.0,1.012264564169952,2.272057089653931e-06
20,Luncheon Date,1.0,1.012264564169952,2.272057089653931e-06
20,Lupe: A Seaman's Wife,1.0,1.012264564169952,2.272057089653931e-06
20,Lust,1.0,1.012264564169952,2.272057089653931e-06
20,Lustans lagar,1.0,1.012264564169952,2.272057089653931e-06
20,Lyckan kommer,1.0,1.012264564169952,2.272057089653931e-06
20,Lyubi menya,1.0,1.012264564169952,2.272057089653931e-06
20,M Ward/Okkervil River,1.0,1.012264564169952,2.272057089653931e-06
20,"M&M, the Incredible Twins",1.0,1.012264564169952,2.272057089653931e-06
20,M/C Reno Begins,1.0,1.012264564169952,2.272057089653931e-06
20,Ma Barker,1.0,1.012264564169952,2.272057089653931e-06
20,Maalinsangan ang gabi,1.0,1.012264564169952,2.272057089653931e-06
20,Maausko uus,1.0,1.012264564169952,2.272057089653931e-06
20,Mad Mad Movies,1.0,1.012264564169952,2.272057089653931e-06
20,Mad Sex Party: Opening Day and Pool Girls,1.0,1.012264564169952,2.272057089653931e-06
20,Mad Thrash,1.0,1.012264564169952,2.272057089653931e-06
20,Madame de Langeais,1.0,1.012264564169952,2.272057089653931e-06
20,Madness of the TSA: Coping with the Groping by Wearing a Bikini,1.0,1.012264564169952,2.272057089653931e-06
20,Madsen og Co.,1.0,1.012264564169952,2.272057089653931e-06
20,Maestro,1.0,1.012264564169952,2.272057089653931e-06
20,Maggie Grace/Mario Van Peebles/Barenaked Ladies,1.0,1.012264564169952,2.272057089653931e-06
20,Magic Moments: The Best of 50's Pop,1.0,1.012264564169952,2.272057089653931e-06
20,Mahakaal,1.0,1.012264564169952,2.272057089653931e-06
20,Maid for Pleasure,1.0,1.012264564169952,2.272057089653931e-06
20,Maikon da Love Letter/Ume-san namida no Karate Chop,1.0,1.012264564169952,2.272057089653931e-06
20,Majestic Pine,1.0,1.012264564169952,2.272057089653931e-06
20,Majstori se sastaju,1.0,1.012264564169952,2.272057089653931e-06
20,Making Millions the Easy Way,1.0,1.012264564169952,2.272057089653931e-06
20,Making Over Father,1.0,1.012264564169952,2.272057089653931e-06
20,Malay Magic: Spirit Doctor of Kelantan,1.0,1.012264564169952,2.272057089653931e-06
20,Malaysia/Indonesia,1.0,1.012264564169952,2.272057089653931e-06
20,Mali,1.0,1.012264564169952,2.272057089653931e-06
20,Maligayang Pasko,1.0,1.012264564169952,2.272057089653931e-06
20,Malin Åkerman,1.0,1.012264564169952,2.272057089653931e-06
20,Maljen 78,1.0,1.012264564169952,2.272057089653931e-06
20,Mama ga torareta,1.0,1.012264564169952,2.272057089653931e-06
20,Mama Learns a Lesson,1.0,1.012264564169952,2.272057089653931e-06
20,Mamta,1.0,1.012264564169952,2.272057089653931e-06
20,Man-Eaters of India,1.0,1.012264564169952,2.272057089653931e-06
20,Man Boob,1.0,1.012264564169952,2.272057089653931e-06
20,Man Up,1.0,1.012264564169952,2.272057089653931e-06
20,Man vs. Nature,1.0,1.012264564169952,2.272057089653931e-06
20,"Man, Woman and Wife",1.0,1.012264564169952,2.272057089653931e-06
20,Mañanas de sol,1.0,1.012264564169952,2.272057089653931e-06
20,Mandala,1.0,1.012264564169952,2.272057089653931e-06
20,Mandalay Yangon (Burma),1.0,1.012264564169952,2.272057089653931e-06
20,Mandingo's Pretty Girls,1.0,1.012264564169952,2.272057089653931e-06
20,Manequim,1.0,1.012264564169952,2.272057089653931e-06
20,Manhattan Cocktail,1.0,1.012264564169952,2.272057089653931e-06
20,Mann gegen Mann,1.0,1.012264564169952,2.272057089653931e-06
20,Manners,1.0,1.012264564169952,2.272057089653931e-06
20,Mantikora,1.0,1.012264564169952,2.272057089653931e-06
20,March Madness 2,1.0,1.012264564169952,2.272057089653931e-06
20,Marechal Deodoro,1.0,1.012264564169952,2.272057089653931e-06
20,Margarita,1.0,1.012264564169952,2.272057089653931e-06
20,Mari Dhaniyani,1.0,1.012264564169952,2.272057089653931e-06
20,María de todos los Ángeles,1.0,1.012264564169952,2.272057089653931e-06
20,Maria Discovers More Revealing Facts about Her Child,1.0,1.012264564169952,2.272057089653931e-06
20,Marian Celeste,1.0,1.012264564169952,2.272057089653931e-06
20,Maridos e mulleres,1.0,1.012264564169952,2.272057089653931e-06
20,"Marigot, St. Martin",1.0,1.012264564169952,2.272057089653931e-06
20,Marijuanos,1.0,1.012264564169952,2.272057089653931e-06
20,Marilyn Monroe tyyliset kuvaukset,1.0,1.012264564169952,2.272057089653931e-06
20,Martín Seefeld,1.0,1.012264564169952,2.272057089653931e-06
20,Mary Rose,1.0,1.012264564169952,2.272057089653931e-06
20,Masacre en Ensenada,1.0,1.012264564169952,2.272057089653931e-06
20,Masamang balita ang sasalubong kay Sharina,1.0,1.012264564169952,2.272057089653931e-06
20,Massacre at Virginia Tech,1.0,1.012264564169952,2.272057089653931e-06
20,Master Bathroom Spa Retreat,1.0,1.012264564169952,2.272057089653931e-06
20,Masters of the Universe: The Power of He-Man,1.0,1.012264564169952,2.272057089653931e-06
20,Mata Hari: The Seductive Spy,1.0,1.012264564169952,2.272057089653931e-06
20,Mates Rates,1.0,1.012264564169952,2.272057089653931e-06
20,Maths-in-a-Box,1.0,1.012264564169952,2.272057089653931e-06
20,Matilda's Legacy,1.0,1.012264564169952,2.272057089653931e-06
20,Matter of Morality,1.0,1.012264564169952,2.272057089653931e-06
20,Matthias Deutschmann - Die Reise nach Jerusalem: Kabarett zwischen allen Stühlen,1.0,1.012264564169952,2.272057089653931e-06
20,Mauvais traitements,1.0,1.012264564169952,2.272057089653931e-06
20,Mavi melek,1.0,1.012264564169952,2.272057089653931e-06
20,Max und Molly und der Wassertropfen,1.0,1.012264564169952,2.272057089653931e-06
20,Maya Bazaar,1.0,1.012264564169952,2.272057089653931e-06
20,Maybe... Baby?,1.0,1.012264564169952,2.272057089653931e-06
20,Mayong: Myth/Reality,1.0,1.012264564169952,2.272057089653931e-06
20,Mazas kaislibas,1.0,1.012264564169952,2.272057089653931e-06
20,McNamara's Band,1.0,1.012264564169952,2.272057089653931e-06
20,Me estafaron con mi piso,1.0,1.012264564169952,2.272057089653931e-06
20,Me extinguiré en el silencio,1.0,1.012264564169952,2.272057089653931e-06
20,Médecine douce,1.0,1.012264564169952,2.272057089653931e-06
20,Medicina generale,1.0,1.012264564169952,2.272057089653931e-06
20,Medieval Times,1.0,1.012264564169952,2.272057089653931e-06
20,Meet the Anniversary,1.0,1.012264564169952,2.272057089653931e-06
20,Meet the Press-ure,1.0,1.012264564169952,2.272057089653931e-06
20,Megatron Rising: Part 2,1.0,1.012264564169952,2.272057089653931e-06
20,Meghann O'Brien,1.0,1.012264564169952,2.272057089653931e-06
20,Melanie sahnt ab!,1.0,1.012264564169952,2.272057089653931e-06
20,Melankholicheskiy vals,1.0,1.012264564169952,2.272057089653931e-06
20,Memoiren der Tragödin Thamar,1.0,1.012264564169952,2.272057089653931e-06
20,Memoirs of a Captured Girl,1.0,1.012264564169952,2.272057089653931e-06
20,Memory of Hell,1.0,1.012264564169952,2.272057089653931e-06
20,Men and Women of Action: Creating the G.I. Joe Animated Series,1.0,1.012264564169952,2.272057089653931e-06
20,Menschen von heute,1.0,1.012264564169952,2.272057089653931e-06
20,Mental Gymnastics,1.0,1.012264564169952,2.272057089653931e-06
20,Mera Rakshak,1.0,1.012264564169952,2.272057089653931e-06
20,Merry Christmas,1.0,1.012264564169952,2.272057089653931e-06
20,Mes parents divorcent,1.0,1.012264564169952,2.272057089653931e-06
20,Mesa of Lost Women,1.0,1.012264564169952,2.272057089653931e-06
20,Meteor 02,1.0,1.012264564169952,2.272057089653931e-06
20,Metrao stigmes,1.0,1.012264564169952,2.272057089653931e-06
20,Mexico (Boxing),1.0,1.012264564169952,2.272057089653931e-06
20,"Mi a no mi, ik ben niet ik, Trefossa",1.0,1.012264564169952,2.272057089653931e-06
20,"Mi Casa, Su Casa: Carla",1.0,1.012264564169952,2.272057089653931e-06
20,Mia et le Migou,1.0,1.012264564169952,2.272057089653931e-06
20,Mia koinonia... ena oneiro,1.0,1.012264564169952,2.272057089653931e-06
20,Miami Vice Mythen,1.0,1.012264564169952,2.272057089653931e-06
20,Michaan's Annex Auction,1.0,1.012264564169952,2.272057089653931e-06
20,Michael & Me,1.0,1.012264564169952,2.272057089653931e-06
20,Michael Jackson: One Night Only,1.0,1.012264564169952,2.272057089653931e-06
20,Michael Phelps,1.0,1.012264564169952,2.272057089653931e-06
20,Michael Powell,1.0,1.012264564169952,2.272057089653931e-06
20,"Michel, le magistère du corps",1.0,1.012264564169952,2.272057089653931e-06
20,Michelle on My Mind,1.0,1.012264564169952,2.272057089653931e-06
20,Mickey Edwards,1.0,1.012264564169952,2.272057089653931e-06
20,MicroGodzilla,1.0,1.012264564169952,2.272057089653931e-06
20,Midnight Special,1.0,1.012264564169952,2.272057089653931e-06
20,Mighty Blast of Rage,1.0,1.012264564169952,2.272057089653931e-06
20,Mike Bullard: Fit to Be Untied,1.0,1.012264564169952,2.272057089653931e-06
20,Mike in Action,1.0,1.012264564169952,2.272057089653931e-06
20,"Mike, Lu & Og",1.0,1.012264564169952,2.272057089653931e-06
20,Milae,1.0,1.012264564169952,2.272057089653931e-06
20,Milagro en Londres,1.0,1.012264564169952,2.272057089653931e-06
20,Mildred Chooses to Be Nice with Enzo and His Friends While Plotting Her Next Plan,1.0,1.012264564169952,2.272057089653931e-06
20,Militant à plein temps,1.0,1.012264564169952,2.272057089653931e-06
20,Mind Over Anti-Matter,1.0,1.012264564169952,2.272057089653931e-06
20,Minha Sogra é da Polícia,1.0,1.012264564169952,2.272057089653931e-06
20,Mir wëllen net bleiwen,1.0,1.012264564169952,2.272057089653931e-06
20,Miranda,1.0,1.012264564169952,2.272057089653931e-06
20,Miss Annette Kellerman,1.0,1.012264564169952,2.272057089653931e-06
20,Miss Jessop Tidies Up,1.0,1.012264564169952,2.272057089653931e-06
20,Mister Iks,1.0,1.012264564169952,2.272057089653931e-06
20,Misty Cam's International Sex Tour Volume Two,1.0,1.012264564169952,2.272057089653931e-06
20,Mit Napoleon in Rußland,1.0,1.012264564169952,2.272057089653931e-06
20,Mitzi the Artist,1.0,1.012264564169952,2.272057089653931e-06
20,Mo',1.0,1.012264564169952,2.272057089653931e-06
20,Mo fa a ma,1.0,1.012264564169952,2.272057089653931e-06
20,Moammar Gadafi,1.0,1.012264564169952,2.272057089653931e-06
20,Model Behavior,1.0,1.012264564169952,2.272057089653931e-06
20,Model Retake,1.0,1.012264564169952,2.272057089653931e-06
20,Mojili Mumbai,1.0,1.012264564169952,2.272057089653931e-06
20,Mojot cicko,1.0,1.012264564169952,2.272057089653931e-06
20,Momento de Velázquez,1.0,1.012264564169952,2.272057089653931e-06
20,Momotarô-zamurai,1.0,1.012264564169952,2.272057089653931e-06
20,Mon oncle,1.0,1.012264564169952,2.272057089653931e-06
20,Monk'd,1.0,1.012264564169952,2.272057089653931e-06
20,Montauk Yacht Club,1.0,1.012264564169952,2.272057089653931e-06
20,Montgomery Clift,1.0,1.012264564169952,2.272057089653931e-06
20,Mookkilla Rajyathu Murimookkan Rajavu,1.0,1.012264564169952,2.272057089653931e-06
20,Mora,1.0,1.012264564169952,2.272057089653931e-06
20,Mord mit Seeblick,1.0,1.012264564169952,2.272057089653931e-06
20,More Dirty Debutantes 25,1.0,1.012264564169952,2.272057089653931e-06
20,More Sex & the Single Mom,1.0,1.012264564169952,2.272057089653931e-06
20,More Than a Gut Feeling,1.0,1.012264564169952,2.272057089653931e-06
20,Morningstar Academy,1.0,1.012264564169952,2.272057089653931e-06
20,Moron 5 and the Crying Lady,1.0,1.012264564169952,2.272057089653931e-06
20,Mors Indecepta,1.0,1.012264564169952,2.272057089653931e-06
20,"Morte, Carro e Insegurança",1.0,1.012264564169952,2.272057089653931e-06
20,Mortuary,1.0,1.012264564169952,2.272057089653931e-06
20,"Mosby's Combat Operations in Fairfax County, Virginia",1.0,1.012264564169952,2.272057089653931e-06
20,Most Extreme,1.0,1.012264564169952,2.272057089653931e-06
20,Mother Gets the Wrong Tonic,1.0,1.012264564169952,2.272057089653931e-06
20,Mothern,1.0,1.012264564169952,2.272057089653931e-06
20,Moto: Honda/Yamaha,1.0,1.012264564169952,2.272057089653931e-06
20,Motorraces,1.0,1.012264564169952,2.272057089653931e-06
20,Motos y ciclomotores,1.0,1.012264564169952,2.272057089653931e-06
20,"Move In, Move On",1.0,1.012264564169952,2.272057089653931e-06
20,Moving House,1.0,1.012264564169952,2.272057089653931e-06
20,Mr. Daly's Wedding Day,1.0,1.012264564169952,2.272057089653931e-06
20,Mr. Monk and the Red-Headed Stranger,1.0,1.012264564169952,2.272057089653931e-06
20,Mr. Rolls and Mr. Royce,1.0,1.012264564169952,2.272057089653931e-06
20,Mrs. G,1.0,1.012264564169952,2.272057089653931e-06
20,Mundo man ay magunaw,1.0,1.012264564169952,2.272057089653931e-06
20,Murder in Tempo,1.0,1.012264564169952,2.272057089653931e-06
20,Murder Mystery,1.0,1.012264564169952,2.272057089653931e-06
20,Murder Scores a Knockout,1.0,1.012264564169952,2.272057089653931e-06
20,Murphy's Law,1.0,1.012264564169952,2.272057089653931e-06
20,Música per a una nit d'estiu,1.0,1.012264564169952,2.272057089653931e-06
20,Mutterfreuden,1.0,1.012264564169952,2.272057089653931e-06
20,Mutterschmerz,1.0,1.012264564169952,2.272057089653931e-06
20,Mutya Reunites with Her Brother,1.0,1.012264564169952,2.272057089653931e-06
20,My American Baby,1.0,1.012264564169952,2.272057089653931e-06
20,My Baby's Voice,1.0,1.012264564169952,2.272057089653931e-06
20,"My Business, Not Your Business",1.0,1.012264564169952,2.272057089653931e-06
20,"My Father, My Son",1.0,1.012264564169952,2.272057089653931e-06
20,My First,1.0,1.012264564169952,2.272057089653931e-06
20,My Friends,1.0,1.012264564169952,2.272057089653931e-06
20,My Left Foot of Fury,1.0,1.012264564169952,2.272057089653931e-06
20,My Little Runaway,1.0,1.012264564169952,2.272057089653931e-06
20,My Own Private Iowa,1.0,1.012264564169952,2.272057089653931e-06
20,My Rona Home,1.0,1.012264564169952,2.272057089653931e-06
20,My Roommate Sam,1.0,1.012264564169952,2.272057089653931e-06
20,My Things,1.0,1.012264564169952,2.272057089653931e-06
20,Myarka za neotklonenie,1.0,1.012264564169952,2.272057089653931e-06
20,Na tý louce zelený,1.0,1.012264564169952,2.272057089653931e-06
20,Na vlastní nebezpecí,1.0,1.012264564169952,2.272057089653931e-06
20,Naar Kærligheden dør,1.0,1.012264564169952,2.272057089653931e-06
20,Nachos,1.0,1.012264564169952,2.272057089653931e-06
20,Nación apache,1.0,1.012264564169952,2.272057089653931e-06
20,Næstsidste udkald,1.0,1.012264564169952,2.272057089653931e-06
20,Nah an der Wahrheit,1.0,1.012264564169952,2.272057089653931e-06
20,Nakhashathangal,1.0,1.012264564169952,2.272057089653931e-06
20,Nalaik,1.0,1.012264564169952,2.272057089653931e-06
20,Nami's Decision! Shoot the Rampaging Chopper!,1.0,1.012264564169952,2.272057089653931e-06
20,Nan o she'r,1.0,1.012264564169952,2.272057089653931e-06
20,Nanhai quan wang ye dao mei hua ma,1.0,1.012264564169952,2.272057089653931e-06
20,Narrow Escapes,1.0,1.012264564169952,2.272057089653931e-06
20,Nasty Hardcore Latinas,1.0,1.012264564169952,2.272057089653931e-06
20,Natalie Clein,1.0,1.012264564169952,2.272057089653931e-06
20,Nathan Barnatt,1.0,1.012264564169952,2.272057089653931e-06
20,National Gallery of Art,1.0,1.012264564169952,2.272057089653931e-06
20,National Parks,1.0,1.012264564169952,2.272057089653931e-06
20,National Treasure: Book of Secrets,1.0,1.012264564169952,2.272057089653931e-06
20,Nature,1.0,1.012264564169952,2.272057089653931e-06
20,Naturstykke,1.0,1.012264564169952,2.272057089653931e-06
20,Natz@Home,1.0,1.012264564169952,2.272057089653931e-06
20,Naughty Duck,1.0,1.012264564169952,2.272057089653931e-06
20,Navvite Navaratnalu,1.0,1.012264564169952,2.272057089653931e-06
20,"NBA Brawl, Alexander and More",1.0,1.012264564169952,2.272057089653931e-06
20,NCIS: Season 9 - The Finish Line,1.0,1.012264564169952,2.272057089653931e-06
20,"Ne znam, ne chuh, ne vidyah",1.0,1.012264564169952,2.272057089653931e-06
20,Nearly a Widow,1.0,1.012264564169952,2.272057089653931e-06
20,Negatives,1.0,1.012264564169952,2.272057089653931e-06
20,Neither Coal Nor Ashes,1.0,1.012264564169952,2.272057089653931e-06
20,Nemir,1.0,1.012264564169952,2.272057089653931e-06
20,Nemureru bijo,1.0,1.012264564169952,2.272057089653931e-06
20,Neon Signs,1.0,1.012264564169952,2.272057089653931e-06
20,Nepal: A Girl's Life,1.0,1.012264564169952,2.272057089653931e-06
20,Neptune,1.0,1.012264564169952,2.272057089653931e-06
20,Nêru Âgama,1.0,1.012264564169952,2.272057089653931e-06
20,Never Again,1.0,1.012264564169952,2.272057089653931e-06
20,Never Help the Devil,1.0,1.012264564169952,2.272057089653931e-06
20,Never Put Off Until Tomorrow,1.0,1.012264564169952,2.272057089653931e-06
20,Never Seek to Tell,1.0,1.012264564169952,2.272057089653931e-06
20,New Classics,1.0,1.012264564169952,2.272057089653931e-06
20,New Dawn,1.0,1.012264564169952,2.272057089653931e-06
20,New England Patriots at New Orleans Saints,1.0,1.012264564169952,2.272057089653931e-06
20,New Kid,1.0,1.012264564169952,2.272057089653931e-06
20,New Orleans: Episode 23,1.0,1.012264564169952,2.272057089653931e-06
20,New World Wine Tour,1.0,1.012264564169952,2.272057089653931e-06
20,New Year's Carnival,1.0,1.012264564169952,2.272057089653931e-06
20,New Year Live,1.0,1.012264564169952,2.272057089653931e-06
20,"New Year, New Friends",1.0,1.012264564169952,2.272057089653931e-06
20,New York City Living,1.0,1.012264564169952,2.272057089653931e-06
20,New York Lately,1.0,1.012264564169952,2.272057089653931e-06
20,New York New Yoku,1.0,1.012264564169952,2.272057089653931e-06
20,News Night 2.0,1.0,1.012264564169952,2.272057089653931e-06
20,Newscaster/Dragon/Maggots,1.0,1.012264564169952,2.272057089653931e-06
20,Nick Takes Over the Beach,1.0,1.012264564169952,2.272057089653931e-06
20,Night of Terror: Farmers Daughter,1.0,1.012264564169952,2.272057089653931e-06
20,Night Reign,1.0,1.012264564169952,2.272057089653931e-06
20,Night Shift,1.0,1.012264564169952,2.272057089653931e-06
20,Nightmare on 118th Street,1.0,1.012264564169952,2.272057089653931e-06
20,Nightmare Out,1.0,1.012264564169952,2.272057089653931e-06
20,Nikki Leigh Backstage at LA Fashion Week,1.0,1.012264564169952,2.272057089653931e-06
20,Ninety Degrees Below,1.0,1.012264564169952,2.272057089653931e-06
20,Nippon no geinô,1.0,1.012264564169952,2.272057089653931e-06
20,No-Risk Policy,1.0,1.012264564169952,2.272057089653931e-06
20,"No Harm, No Fowl",1.0,1.012264564169952,2.272057089653931e-06
20,No importa morir,1.0,1.012264564169952,2.272057089653931e-06
20,"No les des peses, enseñales a pescar",1.0,1.012264564169952,2.272057089653931e-06
20,No One's Watching,1.0,1.012264564169952,2.272057089653931e-06
20,No Other Road,1.0,1.012264564169952,2.272057089653931e-06
20,No Shaking,1.0,1.012264564169952,2.272057089653931e-06
20,No Wedding Bells for Me,1.0,1.012264564169952,2.272057089653931e-06
20,"No, We Do Have Bananas",1.0,1.012264564169952,2.272057089653931e-06
20,Noah Purifoy Desert Sculpture,1.0,1.012264564169952,2.272057089653931e-06
20,Nobody's Sweetheart,1.0,1.012264564169952,2.272057089653931e-06
20,Nobody Is perfect,1.0,1.012264564169952,2.272057089653931e-06
20,Noche de bolos,1.0,1.012264564169952,2.272057089653931e-06
20,Nocni izlet,1.0,1.012264564169952,2.272057089653931e-06
20,Noget ved musikken,1.0,1.012264564169952,2.272057089653931e-06
20,Noomsi,1.0,1.012264564169952,2.272057089653931e-06
20,Normal Activity,1.0,1.012264564169952,2.272057089653931e-06
20,North Northumberland,1.0,1.012264564169952,2.272057089653931e-06
20,North Yorkshire,1.0,1.012264564169952,2.272057089653931e-06
20,Not How It Looks,1.0,1.012264564169952,2.272057089653931e-06
20,Not So Nice,1.0,1.012264564169952,2.272057089653931e-06
20,Not Too Badler,1.0,1.012264564169952,2.272057089653931e-06
20,Nothing But Videos,1.0,1.012264564169952,2.272057089653931e-06
20,Nothing Left to Say But Goodbye,1.0,1.012264564169952,2.272057089653931e-06
20,Notlügen,1.0,1.012264564169952,2.272057089653931e-06
20,Notruf von Neptunia,1.0,1.012264564169952,2.272057089653931e-06
20,"Nu te supara, dar...",1.0,1.012264564169952,2.272057089653931e-06
20,Nul n'est parfait,1.0,1.012264564169952,2.272057089653931e-06
20,Null Toleranz,1.0,1.012264564169952,2.272057089653931e-06
20,"Nunca escribas cartas, chato",1.0,1.012264564169952,2.272057089653931e-06
20,Nur vorübergehend?,1.0,1.012264564169952,2.272057089653931e-06
20,Nylons 7,1.0,1.012264564169952,2.272057089653931e-06
20,Nyûsu no shinsou,1.0,1.012264564169952,2.272057089653931e-06
20,O' Canada,1.0,1.012264564169952,2.272057089653931e-06
20,O Absalom,1.0,1.012264564169952,2.272057089653931e-06
20,O Arquitecto E a Cidade Velha,1.0,1.012264564169952,2.272057089653931e-06
20,O Fabuloso Destino de Diácono Remédios,1.0,1.012264564169952,2.272057089653931e-06
20,O faflatas,1.0,1.012264564169952,2.272057089653931e-06
20,O Fotógrafo,1.0,1.012264564169952,2.272057089653931e-06
20,O Homem que Passa,1.0,1.012264564169952,2.272057089653931e-06
20,O Mark polytehnitis,1.0,1.012264564169952,2.272057089653931e-06
20,O Menino Mofado,1.0,1.012264564169952,2.272057089653931e-06
20,O mia bella Napoli,1.0,1.012264564169952,2.272057089653931e-06
20,O Nome do Gato,1.0,1.012264564169952,2.272057089653931e-06
20,O Poder da Górgone,1.0,1.012264564169952,2.272057089653931e-06
20,O Primo do Cangaceiro,1.0,1.012264564169952,2.272057089653931e-06
20,O Tempo e o Vento,1.0,1.012264564169952,2.272057089653931e-06
20,O terminal,1.0,1.012264564169952,2.272057089653931e-06
20,O Vestido é Meu!?,1.0,1.012264564169952,2.272057089653931e-06
20,O.J. - Alt for Norge,1.0,1.012264564169952,2.272057089653931e-06
20,Oak,1.0,1.012264564169952,2.272057089653931e-06
20,Oasis van de vrede,1.0,1.012264564169952,2.272057089653931e-06
20,Obarnata elha,1.0,1.012264564169952,2.272057089653931e-06
20,Odcinek 30,1.0,1.012264564169952,2.272057089653931e-06
20,Oedo uramachi - Zempen,1.0,1.012264564169952,2.272057089653931e-06
20,Of Age,1.0,1.012264564169952,2.272057089653931e-06
20,Of Human Blondage,1.0,1.012264564169952,2.272057089653931e-06
20,Of Lice and Friends,1.0,1.012264564169952,2.272057089653931e-06
20,Of Mice & Jazz-Kwon-Do,1.0,1.012264564169952,2.272057089653931e-06
20,Off-Season,1.0,1.012264564169952,2.272057089653931e-06
20,Off the Wall,1.0,1.012264564169952,2.272057089653931e-06
20,Officer Daisy Duke,1.0,1.012264564169952,2.272057089653931e-06
20,OH Happy Day,1.0,1.012264564169952,2.272057089653931e-06
20,Oh Me! Oh My!,1.0,1.012264564169952,2.272057089653931e-06
20,"Oh, Baby!",1.0,1.012264564169952,2.272057089653931e-06
20,Ohé! Les valises,1.0,1.012264564169952,2.272057089653931e-06
20,"Øje for øje, del 2",1.0,1.012264564169952,2.272057089653931e-06
20,Okawari Jiyuu! Sarada no Kuni no Tomato-hime,1.0,1.012264564169952,2.272057089653931e-06
20,Oksat pois...,1.0,1.012264564169952,2.272057089653931e-06
20,Olavin taivaallinen oppitunti,1.0,1.012264564169952,2.272057089653931e-06
20,Old and New,1.0,1.012264564169952,2.272057089653931e-06
20,Old Ladies Extreme: Omi ist die schärfste,1.0,1.012264564169952,2.272057089653931e-06
20,Old Man of the Mountain,1.0,1.012264564169952,2.272057089653931e-06
20,Old Pilots Never Die,1.0,1.012264564169952,2.272057089653931e-06
20,Old to Orderly,1.0,1.012264564169952,2.272057089653931e-06
20,Olen vapaa,1.0,1.012264564169952,2.272057089653931e-06
20,Olga Goes to Hollywood,1.0,1.012264564169952,2.272057089653931e-06
20,Oliva Oliva,1.0,1.012264564169952,2.272057089653931e-06
20,"Omaha, Nebraska Tornado",1.0,1.012264564169952,2.272057089653931e-06
20,Omatase! Genjinmaru no shôtai,1.0,1.012264564169952,2.272057089653931e-06
20,On Six-Mile Pond,1.0,1.012264564169952,2.272057089653931e-06
20,On Stage at the Kennedy Center: The Mark Twain Prize,1.0,1.012264564169952,2.272057089653931e-06
20,On the Fringe,1.0,1.012264564169952,2.272057089653931e-06
20,On the Marseilles Tramway,1.0,1.012264564169952,2.272057089653931e-06
20,On Thin Ice,1.0,1.012264564169952,2.272057089653931e-06
20,Ona zashchishchayet rodinu,1.0,1.012264564169952,2.272057089653931e-06
20,Oncle Vania,1.0,1.012264564169952,2.272057089653931e-06
20,One-Night Stand,1.0,1.012264564169952,2.272057089653931e-06
20,One Flew Over the Cuckold's Nest,1.0,1.012264564169952,2.272057089653931e-06
20,One Hundred Pink Balloons,1.0,1.012264564169952,2.272057089653931e-06
20,One of Our Own: Part 1,1.0,1.012264564169952,2.272057089653931e-06
20,One of Them,1.0,1.012264564169952,2.272057089653931e-06
20,Oneirodynia,1.0,1.012264564169952,2.272057089653931e-06
20,Onions,1.0,1.012264564169952,2.272057089653931e-06
20,Onkel Fridolin,1.0,1.012264564169952,2.272057089653931e-06
20,Only a Child,1.0,1.012264564169952,2.272057089653931e-06
20,Oonan mitta täyttyy,1.0,1.012264564169952,2.272057089653931e-06
20,Oonjal,1.0,1.012264564169952,2.272057089653931e-06
20,Op til kamp,1.0,1.012264564169952,2.272057089653931e-06
20,Open Cut,1.0,1.012264564169952,2.272057089653931e-06
20,Open House,1.0,1.012264564169952,2.272057089653931e-06
20,Open Secret,1.0,1.012264564169952,2.272057089653931e-06
20,Operasjon BM72,1.0,1.012264564169952,2.272057089653931e-06
20,Operation Remote Control,1.0,1.012264564169952,2.272057089653931e-06
20,Operation: Alien,1.0,1.012264564169952,2.272057089653931e-06
20,"Operation: Shaken, Not Stirred",1.0,1.012264564169952,2.272057089653931e-06
20,Operation: Swap-panzee/Snowmageddon,1.0,1.012264564169952,2.272057089653931e-06
20,Orange Peel,1.0,1.012264564169952,2.272057089653931e-06
20,Ordinary Americans: Americanos cotidianos,1.0,1.012264564169952,2.272057089653931e-06
20,Ordnung muss sein,1.0,1.012264564169952,2.272057089653931e-06
20,Ordsall Hall,1.0,1.012264564169952,2.272057089653931e-06
20,Organ Dedication Concert - Richfield Springs,1.0,1.012264564169952,2.272057089653931e-06
20,Orgy Angels 2,1.0,1.012264564169952,2.272057089653931e-06
20,Orozco el embalsamador,1.0,1.012264564169952,2.272057089653931e-06
20,Osa III,1.0,1.012264564169952,2.272057089653931e-06
20,Ôsaka Hamuretto,1.0,1.012264564169952,2.272057089653931e-06
20,Oscar's Affair,1.0,1.012264564169952,2.272057089653931e-06
20,Otosen!,1.0,1.012264564169952,2.272057089653931e-06
20,Où elles ont du coffre,1.0,1.012264564169952,2.272057089653931e-06
20,Ouji-tahci no kunan,1.0,1.012264564169952,2.272057089653931e-06
20,Our Song,1.0,1.012264564169952,2.272057089653931e-06
20,Out of Loyalty,1.0,1.012264564169952,2.272057089653931e-06
20,Out of Time,1.0,1.012264564169952,2.272057089653931e-06
20,Out on a Limb,1.0,1.012264564169952,2.272057089653931e-06
20,Outback Wildlife Rescue,1.0,1.012264564169952,2.272057089653931e-06
20,Outdoor Space Challenge,1.0,1.012264564169952,2.272057089653931e-06
20,Outside the Lines,1.0,1.012264564169952,2.272057089653931e-06
20,Outward Bound: Part 1,1.0,1.012264564169952,2.272057089653931e-06
20,Overnight Deliveries,1.0,1.012264564169952,2.272057089653931e-06
20,Owning It,1.0,1.012264564169952,2.272057089653931e-06
20,Owning Up,1.0,1.012264564169952,2.272057089653931e-06
20,Ôyuki Onna no Yukigassen,1.0,1.012264564169952,2.272057089653931e-06
20,Ozzy Osbourne: Don't Blame Me,1.0,1.012264564169952,2.272057089653931e-06
20,På de syv have,1.0,1.012264564169952,2.272057089653931e-06
20,Pa jakt etter paradiset,1.0,1.012264564169952,2.272057089653931e-06
20,På mansläger med Ernst,1.0,1.012264564169952,2.272057089653931e-06
20,Paaygoon,1.0,1.012264564169952,2.272057089653931e-06
20,Pablo Neruda presente!,1.0,1.012264564169952,2.272057089653931e-06
20,Paddington and the Cold Snap,1.0,1.012264564169952,2.272057089653931e-06
20,Paella,1.0,1.012264564169952,2.272057089653931e-06
20,Paint and Powder,1.0,1.012264564169952,2.272057089653931e-06
20,Paint Yourself in Gold,1.0,1.012264564169952,2.272057089653931e-06
20,Painted Cupboard,1.0,1.012264564169952,2.272057089653931e-06
20,Painting for Peanuts/Martha's No Dummy,1.0,1.012264564169952,2.272057089653931e-06
20,Paki Basher: Part 1,1.0,1.012264564169952,2.272057089653931e-06
20,"Palabras Dulces, Palabras Amargas",1.0,1.012264564169952,2.272057089653931e-06
20,Pan Am 103/A Family Affair,1.0,1.012264564169952,2.272057089653931e-06
20,Panama #2,1.0,1.012264564169952,2.272057089653931e-06
20,Panique au multiplexe,1.0,1.012264564169952,2.272057089653931e-06
20,Panty Kill,1.0,1.012264564169952,2.272057089653931e-06
20,ParaAbnormal,1.0,1.012264564169952,2.272057089653931e-06
20,Parachutes,1.0,1.012264564169952,2.272057089653931e-06
20,Parada,1.0,1.012264564169952,2.272057089653931e-06
20,Pare ta dora,1.0,1.012264564169952,2.272057089653931e-06
20,Parents,1.0,1.012264564169952,2.272057089653931e-06
20,Parinamam,1.0,1.012264564169952,2.272057089653931e-06
20,"Park Guell & Ramblas, Barcelona, España",1.0,1.012264564169952,2.272057089653931e-06
20,Parking Garages,1.0,1.012264564169952,2.272057089653931e-06
20,Parkside: A Neighborhood Fights Back,1.0,1.012264564169952,2.272057089653931e-06
20,Parpar Layla,1.0,1.012264564169952,2.272057089653931e-06
20,Part 1,1.0,1.012264564169952,2.272057089653931e-06
20,Part 11,1.0,1.012264564169952,2.272057089653931e-06
20,Part 3,1.0,1.012264564169952,2.272057089653931e-06
20,Paru-parong ligaw,1.0,1.012264564169952,2.272057089653931e-06
20,Pas de Deux,1.0,1.012264564169952,2.272057089653931e-06
20,Pasaporte a Dublín,1.0,1.012264564169952,2.272057089653931e-06
20,"Pashana Bedhi, the Snake Charmer",1.0,1.012264564169952,2.272057089653931e-06
20,Pass the Music,1.0,1.012264564169952,2.272057089653931e-06
20,Pathogenia,1.0,1.012264564169952,2.272057089653931e-06
20,Patle Tar Vhai Mhana,1.0,1.012264564169952,2.272057089653931e-06
20,Patouillard entraîneur et jockey,1.0,1.012264564169952,2.272057089653931e-06
20,Patrioticheskaya komediya,1.0,1.012264564169952,2.272057089653931e-06
20,Patrizia,1.0,1.012264564169952,2.272057089653931e-06
20,"Patto con la morte, prima puntata",1.0,1.012264564169952,2.272057089653931e-06
20,Pax Importi Modellus: The Rise of the Import Model,1.0,1.012264564169952,2.272057089653931e-06
20,Paydos,1.0,1.012264564169952,2.272057089653931e-06
20,Paying the Price,1.0,1.012264564169952,2.272057089653931e-06
20,Payneful Resolution,1.0,1.012264564169952,2.272057089653931e-06
20,PB&J Otter,1.0,1.012264564169952,2.272057089653931e-06
20,Peace & Quiet/U.S. Acres: Wanted: Wade/Garfield Goes Hawaiian,1.0,1.012264564169952,2.272057089653931e-06
20,Pearly Shells,1.0,1.012264564169952,2.272057089653931e-06
20,Peer Gynt,1.0,1.012264564169952,2.272057089653931e-06
20,Peggy and the Pirates,1.0,1.012264564169952,2.272057089653931e-06
20,Pelican Delta,1.0,1.012264564169952,2.272057089653931e-06
20,Pelswick,1.0,1.012264564169952,2.272057089653931e-06
20,Pensionäre,1.0,1.012264564169952,2.272057089653931e-06
20,Pepin lemmenpesässä käy kuhina,1.0,1.012264564169952,2.272057089653931e-06
20,"Per 100,000 dollari ti ammazzo",1.0,1.012264564169952,2.272057089653931e-06
20,Perfect Kiss,1.0,1.012264564169952,2.272057089653931e-06
20,Perfect Sec-illusion,1.0,1.012264564169952,2.272057089653931e-06
20,Perintötekijät,1.0,1.012264564169952,2.272057089653931e-06
20,Periplanomenoi Ioudaioi,1.0,1.012264564169952,2.272057089653931e-06
20,Perl oder Pica,1.0,1.012264564169952,2.272057089653931e-06
20,Perspective,1.0,1.012264564169952,2.272057089653931e-06
20,Perspectives in Science: The Program in Action,1.0,1.012264564169952,2.272057089653931e-06
20,Peru's Mass Grave Mystery,1.0,1.012264564169952,2.272057089653931e-06
20,Pervaya lyubov,1.0,1.012264564169952,2.272057089653931e-06
20,Perverse Psychology,1.0,1.012264564169952,2.272057089653931e-06
20,Perverted,1.0,1.012264564169952,2.272057089653931e-06
20,Pesadelo,1.0,1.012264564169952,2.272057089653931e-06
20,Pescadores e Pescarias,1.0,1.012264564169952,2.272057089653931e-06
20,Pesticides and Posterity,1.0,1.012264564169952,2.272057089653931e-06
20,Peter Anthony,1.0,1.012264564169952,2.272057089653931e-06
20,Peter Forsberg,1.0,1.012264564169952,2.272057089653931e-06
20,Pettson har mardrömmar,1.0,1.012264564169952,2.272057089653931e-06
20,PG,1.0,1.012264564169952,2.272057089653931e-06
20,Phil the Alien,1.0,1.012264564169952,2.272057089653931e-06
20,Phillies,1.0,1.012264564169952,2.272057089653931e-06
20,Phone Call from Imaginary Girlfriends: Ankara,1.0,1.012264564169952,2.272057089653931e-06
20,Phoney Heiress,1.0,1.012264564169952,2.272057089653931e-06
20,Phyllis Finds Evidence Against Victor,1.0,1.012264564169952,2.272057089653931e-06
20,"Picciola; or, The Prison Flower",1.0,1.012264564169952,2.272057089653931e-06
20,Pick-a-Pet Weekend,1.0,1.012264564169952,2.272057089653931e-06
20,Piece of Mind,1.0,1.012264564169952,2.272057089653931e-06
20,Pier Pressure,1.0,1.012264564169952,2.272057089653931e-06
20,Pigs Can't Fly,1.0,1.012264564169952,2.272057089653931e-06
20,Pilfered Pills/Hooked and Booked,1.0,1.012264564169952,2.272057089653931e-06
20,Pillow Talk,1.0,1.012264564169952,2.272057089653931e-06
20,Pilot,4.0,1.012264564169952,0.0005534893360189049
20,Pilot: Good at Things,1.0,1.012264564169952,2.272057089653931e-06
20,Pimeän päivän muisto,1.0,1.012264564169952,2.272057089653931e-06
20,Pimp My Rullator,1.0,1.012264564169952,2.272057089653931e-06
20,Pingu Argues with His Mother,1.0,1.012264564169952,2.272057089653931e-06
20,Pink Pyjamas,1.0,1.012264564169952,2.272057089653931e-06
20,Pirate Brothers,1.0,1.012264564169952,2.272057089653931e-06
20,Pittsburgh/Denver/Jersey City,1.0,1.012264564169952,2.272057089653931e-06
20,Pizza Verdi,1.0,1.012264564169952,2.272057089653931e-06
20,Plasma Suite,1.0,1.012264564169952,2.272057089653931e-06
20,Plastic Fangs,1.0,1.012264564169952,2.272057089653931e-06
20,Playboy: Asian Exotica,1.0,1.012264564169952,2.272057089653931e-06
20,Playground,1.0,1.012264564169952,2.272057089653931e-06
20,Plein sud,1.0,1.012264564169952,2.272057089653931e-06
20,Plumas,1.0,1.012264564169952,2.272057089653931e-06
20,Po Mo Knock Knock,1.0,1.012264564169952,2.272057089653931e-06
20,Pocket,1.0,1.012264564169952,2.272057089653931e-06
20,Pogodi tko dolazi na veceru,1.0,1.012264564169952,2.272057089653931e-06
20,Point Break,1.0,1.012264564169952,2.272057089653931e-06
20,Poking the Bear,1.0,1.012264564169952,2.272057089653931e-06
20,Pokój zwyciezy!,1.0,1.012264564169952,2.272057089653931e-06
20,Police Custody,1.0,1.012264564169952,2.272057089653931e-06
20,Polidor cameriere della buona società,1.0,1.012264564169952,2.272057089653931e-06
20,Polidor indiano,1.0,1.012264564169952,2.272057089653931e-06
20,Political Expediency,1.0,1.012264564169952,2.272057089653931e-06
20,Pollufission 2000,1.0,1.012264564169952,2.272057089653931e-06
20,Poltergeist,1.0,1.012264564169952,2.272057089653931e-06
20,"Pondichéry, dernier comptoir des Indes",1.0,1.012264564169952,2.272057089653931e-06
20,Pool Party,1.0,1.012264564169952,2.272057089653931e-06
20,Pope Leo XIII Seated in Garden,1.0,1.012264564169952,2.272057089653931e-06
20,Por naturales,1.0,1.012264564169952,2.272057089653931e-06
20,Porn,1.0,1.012264564169952,2.272057089653931e-06
20,Porsche Hybrids Then and Now,1.0,1.012264564169952,2.272057089653931e-06
20,Portrait of a Bookstore as an Old Man,1.0,1.012264564169952,2.272057089653931e-06
20,Poslední boj: part 2,1.0,1.012264564169952,2.272057089653931e-06
20,Poslednja oaza,1.0,1.012264564169952,2.272057089653931e-06
20,Possession,2.0,1.012264564169952,0.00018298174061319897
20,Post Zap Mortem,1.0,1.012264564169952,2.272057089653931e-06
20,Postwendend keine Kugel ins Herz,1.0,1.012264564169952,2.272057089653931e-06
20,Potato,1.0,1.012264564169952,2.272057089653931e-06
20,Power of a Kiss,1.0,1.012264564169952,2.272057089653931e-06
20,Power of Music,1.0,1.012264564169952,2.272057089653931e-06
20,Power Play,1.0,1.012264564169952,2.272057089653931e-06
20,Pozegnanie,1.0,1.012264564169952,2.272057089653931e-06
20,Practical Tactical,1.0,1.012264564169952,2.272057089653931e-06
20,Prank Calls,1.0,1.012264564169952,2.272057089653931e-06
20,Prapancham,1.0,1.012264564169952,2.272057089653931e-06
20,Presença de Paquita,1.0,1.012264564169952,2.272057089653931e-06
20,Presentation of the New State Colours to the Scots Guards: Scots Guards Band Leaving Windsor Castle,1.0,1.012264564169952,2.272057089653931e-06
20,President Obama/Pacman,1.0,1.012264564169952,2.272057089653931e-06
20,Pretty Little Package,1.0,1.012264564169952,2.272057089653931e-06
20,Pride of the Tribe,1.0,1.012264564169952,2.272057089653931e-06
20,Prietenii vietii,1.0,1.012264564169952,2.272057089653931e-06
20,Prílis mnoho generálu,1.0,1.012264564169952,2.272057089653931e-06
20,Princely India,1.0,1.012264564169952,2.272057089653931e-06
20,Principal Randy Peterson: Quincy Christian School,1.0,1.012264564169952,2.272057089653931e-06
20,Prisoners of Pleasure,1.0,1.012264564169952,2.272057089653931e-06
20,Private Black Label 32: The Devil Deep Inside,1.0,1.012264564169952,2.272057089653931e-06
20,Private I's,1.0,1.012264564169952,2.272057089653931e-06
20,Private Lessons,1.0,1.012264564169952,2.272057089653931e-06
20,Problemas funcionales,1.0,1.012264564169952,2.272057089653931e-06
20,Probudím se vcera,1.0,1.012264564169952,2.272057089653931e-06
20,Programa más o menos multiplicado o dividido,1.0,1.012264564169952,2.272057089653931e-06
20,Project Dawn #4,1.0,1.012264564169952,2.272057089653931e-06
20,Project Street Fighter Headers,1.0,1.012264564169952,2.272057089653931e-06
20,"Prom 46: Vaughan Williams - Symphonies Nos. 4, 5 & 6",1.0,1.012264564169952,2.272057089653931e-06
20,Prophecy,1.0,1.012264564169952,2.272057089653931e-06
20,Protect the City Lights! the Digimon's Dangerous Camp,1.0,1.012264564169952,2.272057089653931e-06
20,Prótons e Elétrons,1.0,1.012264564169952,2.272057089653931e-06
20,První zvonení,1.0,1.012264564169952,2.272057089653931e-06
20,Przedawkowane ambicje,1.0,1.012264564169952,2.272057089653931e-06
20,Psycho in a Box,1.0,1.012264564169952,2.272057089653931e-06
20,Pune tc,1.0,1.012264564169952,2.272057089653931e-06
20,Puratonikku sekusu,1.0,1.012264564169952,2.272057089653931e-06
20,Pure Mule: The Last Weekend,1.0,1.012264564169952,2.272057089653931e-06
20,Putting the 'Ass' in Assassin,1.0,1.012264564169952,2.272057089653931e-06
20,Qi Qi,1.0,1.012264564169952,2.272057089653931e-06
20,Qi xia hei xuan feng,1.0,1.012264564169952,2.272057089653931e-06
20,Qian Long xia jiangnan,1.0,1.012264564169952,2.272057089653931e-06
20,Qilby,1.0,1.012264564169952,2.272057089653931e-06
20,Qing chang guai ren,1.0,1.012264564169952,2.272057089653931e-06
20,Qiu tian de lan diao,1.0,1.012264564169952,2.272057089653931e-06
20,Qristine,1.0,1.012264564169952,2.272057089653931e-06
20,Quadimodo,1.0,1.012264564169952,2.272057089653931e-06
20,Quatre-mains,1.0,1.012264564169952,2.272057089653931e-06
20,Queer as Folk Summer Parade Tour,1.0,1.012264564169952,2.272057089653931e-06
20,Quicktrip,1.0,1.012264564169952,2.272057089653931e-06
20,Quien lo probó lo sabe,1.0,1.012264564169952,2.272057089653931e-06
20,Quiet Day: Part 2,1.0,1.012264564169952,2.272057089653931e-06
20,Quiet Man: The Silent Genius of Ashley Cooper,1.0,1.012264564169952,2.272057089653931e-06
20,Quiz,1.0,1.012264564169952,2.272057089653931e-06
20,Rabun,1.0,1.012264564169952,2.272057089653931e-06
20,Racconti neri,1.0,1.012264564169952,2.272057089653931e-06
20,Race Relations 2,1.0,1.012264564169952,2.272057089653931e-06
20,Rachelle Ferrell/Changing Faces/Lil Bow Wow Featuring Jermaine Dupri,1.0,1.012264564169952,2.272057089653931e-06
20,Rag Doll,1.0,1.012264564169952,2.272057089653931e-06
20,Raised by Wolfs,1.0,1.012264564169952,2.272057089653931e-06
20,Raja Malaya Simhan,1.0,1.012264564169952,2.272057089653931e-06
20,Rajanigandha,1.0,1.012264564169952,2.272057089653931e-06
20,Ram Hanuman Yuddha,1.0,1.012264564169952,2.272057089653931e-06
20,Ramadan,1.0,1.012264564169952,2.272057089653931e-06
20,Ranakdevi,1.0,1.012264564169952,2.272057089653931e-06
20,Rap,1.0,1.012264564169952,2.272057089653931e-06
20,Rape,1.0,1.012264564169952,2.272057089653931e-06
20,Raphael & Monica,1.0,1.012264564169952,2.272057089653931e-06
20,Raquel provocó un incendio,1.0,1.012264564169952,2.272057089653931e-06
20,Rasputin: The Mad Monk,1.0,1.012264564169952,2.272057089653931e-06
20,Rat koji jos traje,1.0,1.012264564169952,2.272057089653931e-06
20,Raus aus dem Zauberwald,1.0,1.012264564169952,2.272057089653931e-06
20,Ravelo,1.0,1.012264564169952,2.272057089653931e-06
20,Ready to Rumble,1.0,1.012264564169952,2.272057089653931e-06
20,Ready. Set. Art!,1.0,1.012264564169952,2.272057089653931e-06
20,Real Latin Hotties 3,1.0,1.012264564169952,2.272057089653931e-06
20,Reality,1.0,1.012264564169952,2.272057089653931e-06
20,Really Neat Cars and Guys with a Sense of Humor,1.0,1.012264564169952,2.272057089653931e-06
20,Reamon! Tôkyôwan Shûgeki,1.0,1.012264564169952,2.272057089653931e-06
20,"Rebel Truce, the History of the Clash",1.0,1.012264564169952,2.272057089653931e-06
20,Recursos humanos,1.0,1.012264564169952,2.272057089653931e-06
20,Red-Handed,1.0,1.012264564169952,2.272057089653931e-06
20,Red Star in Orbit: The Mission,1.0,1.012264564169952,2.272057089653931e-06
20,Red Terror on the Amber Coast,1.0,1.012264564169952,2.272057089653931e-06
20,Redemption High,1.0,1.012264564169952,2.272057089653931e-06
20,"Reds, My Dinner with Andre, Rolleover, Quartet",1.0,1.012264564169952,2.272057089653931e-06
20,Reel Images: Stereotypes in Film,1.0,1.012264564169952,2.272057089653931e-06
20,Reflection,1.0,1.012264564169952,2.272057089653931e-06
20,Reginald,1.0,1.012264564169952,2.272057089653931e-06
20,Rekindle,1.0,1.012264564169952,2.272057089653931e-06
20,Remains of the Day Off,1.0,1.012264564169952,2.272057089653931e-06
20,Remous,1.0,1.012264564169952,2.272057089653931e-06
20,Rendezvous,1.0,1.012264564169952,2.272057089653931e-06
20,Rendezvous mit Mireille Mathieu,1.0,1.012264564169952,2.272057089653931e-06
20,Renée...,1.0,1.012264564169952,2.272057089653931e-06
20,RePossessed,1.0,1.012264564169952,2.272057089653931e-06
20,Reservations,1.0,1.012264564169952,2.272057089653931e-06
20,Resisting Arrest #4,1.0,1.012264564169952,2.272057089653931e-06
20,Retirement Plan,1.0,1.012264564169952,2.272057089653931e-06
20,Retko pile,1.0,1.012264564169952,2.272057089653931e-06
20,Retour,1.0,1.012264564169952,2.272057089653931e-06
20,Retour inattendu,1.0,1.012264564169952,2.272057089653931e-06
20,Retrato de una Leona,1.0,1.012264564169952,2.272057089653931e-06
20,Retrospective,1.0,1.012264564169952,2.272057089653931e-06
20,"Retroville 9, The/Grumpy Young Men",1.0,1.012264564169952,2.272057089653931e-06
20,Return Engagement,1.0,1.012264564169952,2.272057089653931e-06
20,Return of the Bald Eagle,1.0,1.012264564169952,2.272057089653931e-06
20,Return to Nowhere,1.0,1.012264564169952,2.272057089653931e-06
20,Return to Sender,1.0,1.012264564169952,2.272057089653931e-06
20,Reverie,1.0,1.012264564169952,2.272057089653931e-06
20,ReVerso,1.0,1.012264564169952,2.272057089653931e-06
20,Revista del consumidor: Sexo,1.0,1.012264564169952,2.272057089653931e-06
20,Rhymes with Banana,1.0,1.012264564169952,2.272057089653931e-06
20,Richard Waybright and the Mason Dixon Farm,1.0,1.012264564169952,2.272057089653931e-06
20,Ridge Racer,1.0,1.012264564169952,2.272057089653931e-06
20,Rio Fantasia,1.0,1.012264564169952,2.272057089653931e-06
20,Ririânu no nagai ichinichi,1.0,1.012264564169952,2.272057089653931e-06
20,Rise of the Banana Lord,1.0,1.012264564169952,2.272057089653931e-06
20,"Rising Star United Methodist Hobson City, Anniston County",1.0,1.012264564169952,2.272057089653931e-06
20,Risky Business,1.0,1.012264564169952,2.272057089653931e-06
20,Risky Ransom,1.0,1.012264564169952,2.272057089653931e-06
20,Rita Loses Princess,1.0,1.012264564169952,2.272057089653931e-06
20,Rites of Courage,1.0,1.012264564169952,2.272057089653931e-06
20,Rivalen,1.0,1.012264564169952,2.272057089653931e-06
20,Road to Danville,1.0,1.012264564169952,2.272057089653931e-06
20,Roald Amundsen - Ellsworths flyveekspedition 1925,1.0,1.012264564169952,2.272057089653931e-06
20,Rob Goes AWOL,1.0,1.012264564169952,2.272057089653931e-06
20,Robert Shrum,1.0,1.012264564169952,2.272057089653931e-06
20,Robin Hood Ed,1.0,1.012264564169952,2.272057089653931e-06
20,Robinet scioperante,1.0,1.012264564169952,2.272057089653931e-06
20,Rocca di Papa,1.0,1.012264564169952,2.272057089653931e-06
20,Rocío Jurado: segunda parte,1.0,1.012264564169952,2.272057089653931e-06
20,Rock and a Hard Place,1.0,1.012264564169952,2.272057089653931e-06
20,Rocket and Its Rivals,1.0,1.012264564169952,2.272057089653931e-06
20,Rockin' 'Super' Charger,1.0,1.012264564169952,2.272057089653931e-06
20,Rod,1.0,1.012264564169952,2.272057089653931e-06
20,Rodina,1.0,1.012264564169952,2.272057089653931e-06
20,Rodinné tradice,1.0,1.012264564169952,2.272057089653931e-06
20,Romance,1.0,1.012264564169952,2.272057089653931e-06
20,Romería asturiana,1.0,1.012264564169952,2.272057089653931e-06
20,Roommates,1.0,1.012264564169952,2.272057089653931e-06
20,Rosario confiesa a Pablo que sabe la verdad,1.0,1.012264564169952,2.272057089653931e-06
20,Rose,1.0,1.012264564169952,2.272057089653931e-06
20,Rose Bluelight,1.0,1.012264564169952,2.272057089653931e-06
20,Rose Colored Glasses,1.0,1.012264564169952,2.272057089653931e-06
20,Roses,1.0,1.012264564169952,2.272057089653931e-06
20,Roses and Thorns,1.0,1.012264564169952,2.272057089653931e-06
20,"Roswell, New Mexico",1.0,1.012264564169952,2.272057089653931e-06
20,Rote Rosen,1.0,1.012264564169952,2.272057089653931e-06
20,Rough Stuff,1.0,1.012264564169952,2.272057089653931e-06
20,Roughing It,1.0,1.012264564169952,2.272057089653931e-06
20,Round 4: Cumbia 3,1.0,1.012264564169952,2.272057089653931e-06
20,Rozario to banpaia,1.0,1.012264564169952,2.272057089653931e-06
20,Ru yi,1.0,1.012264564169952,2.272057089653931e-06
20,Ruf der Vergangenheit,1.0,1.012264564169952,2.272057089653931e-06
20,Rules to Buy By,1.0,1.012264564169952,2.272057089653931e-06
20,Running with the Bulls,1.0,1.012264564169952,2.272057089653931e-06
20,Running Zack,1.0,1.012264564169952,2.272057089653931e-06
20,Rupert and the Lost Cuckoo,1.0,1.012264564169952,2.272057089653931e-06
20,Rupture,1.0,1.012264564169952,2.272057089653931e-06
20,Rushed,1.0,1.012264564169952,2.272057089653931e-06
20,Russia,1.0,1.012264564169952,2.272057089653931e-06
20,Rytmer i Tivoli,1.0,1.012264564169952,2.272057089653931e-06
20,Ryuunosuke's Father's Self Sacrificing Devotion! His Wife Is Within Images!,1.0,1.012264564169952,2.272057089653931e-06
20,S.O.S tendresse,1.0,1.012264564169952,2.272057089653931e-06
20,Sa one strane ekvatora,1.0,1.012264564169952,2.272057089653931e-06
20,Sacchô dômei,1.0,1.012264564169952,2.272057089653931e-06
20,Sacred Heart,1.0,1.012264564169952,2.272057089653931e-06
20,Saddles and Sagebrush,1.0,1.012264564169952,2.272057089653931e-06
20,Safe Under the Bed,1.0,1.012264564169952,2.272057089653931e-06
20,Safecracker,1.0,1.012264564169952,2.272057089653931e-06
20,Sagen afsluttet,1.0,1.012264564169952,2.272057089653931e-06
20,Saksakan ng Lakas,1.0,1.012264564169952,2.272057089653931e-06
20,Salomonowe wyjscie,1.0,1.012264564169952,2.272057089653931e-06
20,Sama,1.0,1.012264564169952,2.272057089653931e-06
20,Samantha's Secret Spell,1.0,1.012264564169952,2.272057089653931e-06
20,Samba Opus 5,1.0,1.012264564169952,2.272057089653931e-06
20,Samuel Doesn't Live Here Anymore,1.0,1.012264564169952,2.272057089653931e-06
20,Samuel Popkin,1.0,1.012264564169952,2.272057089653931e-06
20,Samurai sentai eien ni,1.0,1.012264564169952,2.272057089653931e-06
20,Sanctus,1.0,1.012264564169952,2.272057089653931e-06
20,Sandy,1.0,1.012264564169952,2.272057089653931e-06
20,Sandzama,1.0,1.012264564169952,2.272057089653931e-06
20,Sangdooya hakgyo kaja!,1.0,1.012264564169952,2.272057089653931e-06
20,Sans mentir,1.0,1.012264564169952,2.272057089653931e-06
20,Santa's Slay,1.0,1.012264564169952,2.272057089653931e-06
20,Santa Barbarian Candidate,1.0,1.012264564169952,2.272057089653931e-06
20,Santa Madre,1.0,1.012264564169952,2.272057089653931e-06
20,Santos decide alejarse de María,1.0,1.012264564169952,2.272057089653931e-06
20,Sanuvam Amerika,1.0,1.012264564169952,2.272057089653931e-06
20,Sarah's Wish,1.0,1.012264564169952,2.272057089653931e-06
20,Sarah Jessica Parker/R.E.M.,1.0,1.012264564169952,2.272057089653931e-06
20,Saskia - Schwanger zum Sex gezwungen,1.0,1.012264564169952,2.272057089653931e-06
20,Satrangi,1.0,1.012264564169952,2.272057089653931e-06
20,Saturday Night at the Movies Too,1.0,1.012264564169952,2.272057089653931e-06
20,Saturday Night Glee-ver,1.0,1.012264564169952,2.272057089653931e-06
20,Savage Stuart the Barbarian/Green Dean Goes Out of His Bean,1.0,1.012264564169952,2.272057089653931e-06
20,Save the Last Dance,1.0,1.012264564169952,2.272057089653931e-06
20,Saved by a Pillar Box,1.0,1.012264564169952,2.272057089653931e-06
20,Sawakoshi yasen,1.0,1.012264564169952,2.272057089653931e-06
20,Saxaphones and Sex Toys,1.0,1.012264564169952,2.272057089653931e-06
20,"Say it Ain't So, Bernie!",1.0,1.012264564169952,2.272057089653931e-06
20,Say It Like It Is,1.0,1.012264564169952,2.272057089653931e-06
20,Sayonara,1.0,1.012264564169952,2.272057089653931e-06
20,Scapegoat,1.0,1.012264564169952,2.272057089653931e-06
20,Scarpine rotte,1.0,1.012264564169952,2.272057089653931e-06
20,Scary Movie,1.0,1.012264564169952,2.272057089653931e-06
20,Schaduw van mijn Ziel,1.0,1.012264564169952,2.272057089653931e-06
20,Schastlivaja semejka (Happy Family),1.0,1.012264564169952,2.272057089653931e-06
20,Schiff ohne Zukunft,1.0,1.012264564169952,2.272057089653931e-06
20,Schloß Vogelöd,1.0,1.012264564169952,2.272057089653931e-06
20,Schlupp vom grünen Stern - Neue Abenteuer auf Terra,1.0,1.012264564169952,2.272057089653931e-06
20,Schmidbauer mit Wolfgang Ambros,1.0,1.012264564169952,2.272057089653931e-06
20,Schnozzola,1.0,1.012264564169952,2.272057089653931e-06
20,Schoolgirls Holiday 27: Sperm Loving Teens,1.0,1.012264564169952,2.272057089653931e-06
20,Schuld en aflossing,1.0,1.012264564169952,2.272057089653931e-06
20,Scolymus,1.0,1.012264564169952,2.272057089653931e-06
20,Scommettiamo?,1.0,1.012264564169952,2.272057089653931e-06
20,Scream Karl,1.0,1.012264564169952,2.272057089653931e-06
20,Screech Owls,1.0,1.012264564169952,2.272057089653931e-06
20,"Screen Snapshots, Series 1, No. 26",1.0,1.012264564169952,2.272057089653931e-06
20,Scroll Lock,1.0,1.012264564169952,2.272057089653931e-06
20,Se permuta,1.0,1.012264564169952,2.272057089653931e-06
20,Sea Creature Skid,1.0,1.012264564169952,2.272057089653931e-06
20,Sea Cruise,1.0,1.012264564169952,2.272057089653931e-06
20,Sea Dog Steak & Ale 'The Gastro Pub',1.0,1.012264564169952,2.272057089653931e-06
20,Seal or No Seal,1.0,1.012264564169952,2.272057089653931e-06
20,Sean Penn and Jon Krakauer,1.0,1.012264564169952,2.272057089653931e-06
20,Search Update/Best of Friends/JFK Jr.,1.0,1.012264564169952,2.272057089653931e-06
20,Second Class Citizens,1.0,1.012264564169952,2.272057089653931e-06
20,Second Sight: Kingdom of the Blind,1.0,1.012264564169952,2.272057089653931e-06
20,Secret Mechanisms,1.0,1.012264564169952,2.272057089653931e-06
20,Secret Technique! Mystery of the Yakisoba Baseball,1.0,1.012264564169952,2.272057089653931e-06
20,Secrets de campagne,1.0,1.012264564169952,2.272057089653931e-06
20,See How They Run,1.0,1.012264564169952,2.272057089653931e-06
20,See You Next Fall,1.0,1.012264564169952,2.272057089653931e-06
20,Seitô: Hakari,1.0,1.012264564169952,2.272057089653931e-06
20,Sell It,1.0,1.012264564169952,2.272057089653931e-06
20,Sello Colombiano,1.0,1.012264564169952,2.272057089653931e-06
20,Senpai,1.0,1.012264564169952,2.272057089653931e-06
20,Separate Lives,1.0,1.012264564169952,2.272057089653931e-06
20,Sepon vaalimoottori yskii,1.0,1.012264564169952,2.272057089653931e-06
20,"September 7th, 2011",1.0,1.012264564169952,2.272057089653931e-06
20,Ser o no ser,1.0,1.012264564169952,2.272057089653931e-06
20,Serenity at Silverado,1.0,1.012264564169952,2.272057089653931e-06
20,Sergil chez les filles,1.0,1.012264564169952,2.272057089653931e-06
20,Sesh Raksha,1.0,1.012264564169952,2.272057089653931e-06
20,Sessão Espírita,1.0,1.012264564169952,2.272057089653931e-06
20,Sessions,1.0,1.012264564169952,2.272057089653931e-06
20,Sétimo Céu,1.0,1.012264564169952,2.272057089653931e-06
20,Settembre,1.0,1.012264564169952,2.272057089653931e-06
20,Setting the Record Straight/Father's Day Muffins,1.0,1.012264564169952,2.272057089653931e-06
20,Seventeen's Schoolgirl 1,1.0,1.012264564169952,2.272057089653931e-06
20,Sex Rules: Part 1,1.0,1.012264564169952,2.272057089653931e-06
20,"Sex, lögner & videovåld",1.0,1.012264564169952,2.272057089653931e-06
20,Sexo impostor,1.0,1.012264564169952,2.272057089653931e-06
20,Sexo triste,1.0,1.012264564169952,2.272057089653931e-06
20,Sexton Blake and Captain Nemesis: Part 3,1.0,1.012264564169952,2.272057089653931e-06
20,Sh*T Girls Say on Valentine's Day,1.0,1.012264564169952,2.272057089653931e-06
20,Shades of Grey: The Cinema of K. Balachander,1.0,1.012264564169952,2.272057089653931e-06
20,Shadow of the Condor,1.0,1.012264564169952,2.272057089653931e-06
20,Shadow Run,1.0,1.012264564169952,2.272057089653931e-06
20,Shadows of the Great War,1.0,1.012264564169952,2.272057089653931e-06
20,Shall We Dance?,1.0,1.012264564169952,2.272057089653931e-06
20,Shamrock's Start,1.0,1.012264564169952,2.272057089653931e-06
20,She's a Warm Hearted Snake,1.0,1.012264564169952,2.272057089653931e-06
20,Sher Mountain Killings Mystery,1.0,1.012264564169952,2.272057089653931e-06
20,Sheryl Can't Have the Heart to Forgive Nico,1.0,1.012264564169952,2.272057089653931e-06
20,Shi san mei,1.0,1.012264564169952,2.272057089653931e-06
20,Shifting Gears with Dale Earnhardt Jr.,1.0,1.012264564169952,2.272057089653931e-06
20,Shiloh,1.0,1.012264564169952,2.272057089653931e-06
20,Shin-Shin! Seirei no Mai,1.0,1.012264564169952,2.272057089653931e-06
20,Shir too Shir,1.0,1.012264564169952,2.272057089653931e-06
20,Shirarezaru kyôsôba bijinesu: Hajimatta dîpu inpakuto sôdatsu sen,1.0,1.012264564169952,2.272057089653931e-06
20,Shiroi yumi akai yumi,1.0,1.012264564169952,2.272057089653931e-06
20,Shôhin eiga-shû: Sandwitch man,1.0,1.012264564169952,2.272057089653931e-06
20,Shoro nagashi,1.0,1.012264564169952,2.272057089653931e-06
20,Short Grass,1.0,1.012264564169952,2.272057089653931e-06
20,Short Movie,1.0,1.012264564169952,2.272057089653931e-06
20,Shounen to kodanuki,1.0,1.012264564169952,2.272057089653931e-06
20,Show #416 - Helmut on Tour,1.0,1.012264564169952,2.272057089653931e-06
20,Show #88,1.0,1.012264564169952,2.272057089653931e-06
20,Show 9: Results,1.0,1.012264564169952,2.272057089653931e-06
20,Shredder Triumphant,1.0,1.012264564169952,2.272057089653931e-06
20,Shropshire,1.0,1.012264564169952,2.272057089653931e-06
20,"Shut the Door, Whisper",1.0,1.012264564169952,2.272057089653931e-06
20,Si le vent soulève les sables,1.0,1.012264564169952,2.272057089653931e-06
20,Sieben Jahre Glück,1.0,1.012264564169952,2.272057089653931e-06
20,Siebtes Kapitel,1.0,1.012264564169952,2.272057089653931e-06
20,"Sierra Madres, Mexico",1.0,1.012264564169952,2.272057089653931e-06
20,Siga tous keravnous,1.0,1.012264564169952,2.272057089653931e-06
20,Sign,1.0,1.012264564169952,2.272057089653931e-06
20,Silent Cry,1.0,1.012264564169952,2.272057089653931e-06
20,Sills and Burnett at the Met,1.0,1.012264564169952,2.272057089653931e-06
20,Silly Billy,1.0,1.012264564169952,2.272057089653931e-06
20,Silverlake Scenesters,1.0,1.012264564169952,2.272057089653931e-06
20,Simon's Friends,1.0,1.012264564169952,2.272057089653931e-06
20,Simpatizer,1.0,1.012264564169952,2.272057089653931e-06
20,Simpl - Auf der Schaufel,1.0,1.012264564169952,2.272057089653931e-06
20,Simple Machines,1.0,1.012264564169952,2.272057089653931e-06
20,Simurg,1.0,1.012264564169952,2.272057089653931e-06
20,Sin City Law,1.0,1.012264564169952,2.272057089653931e-06
20,Sinatra: The First 40 Years,1.0,1.012264564169952,2.272057089653931e-06
20,Singularity,1.0,1.012264564169952,2.272057089653931e-06
20,Sintesis V informe de gobierno del estado de Queretaro,1.0,1.012264564169952,2.272057089653931e-06
20,Sir George White Arriving at the National Bazaar,1.0,1.012264564169952,2.272057089653931e-06
20,Sixty Feet Below,1.0,1.012264564169952,2.272057089653931e-06
20,Sjælland i sommerdress,1.0,1.012264564169952,2.272057089653931e-06
20,Skanör-Falsterbo,1.0,1.012264564169952,2.272057089653931e-06
20,Skaupið: 1999,1.0,1.012264564169952,2.272057089653931e-06
20,Skin and Bones,1.0,1.012264564169952,2.272057089653931e-06
20,Skotino Mesimeri: Part 2,1.0,1.012264564169952,2.272057089653931e-06
20,Skulden,1.0,1.012264564169952,2.272057089653931e-06
20,Sky Commanders,1.0,1.012264564169952,2.272057089653931e-06
20,Slam!,1.0,1.012264564169952,2.272057089653931e-06
20,Sledstvie vedut znatoki 23: Treteyskiy sudiya,1.0,1.012264564169952,2.272057089653931e-06
20,Sleuth 101,1.0,1.012264564169952,2.272057089653931e-06
20,"Slick Chicks, Black Dicks",1.0,1.012264564169952,2.272057089653931e-06
20,Slow Death,1.0,1.012264564169952,2.272057089653931e-06
20,Slumber,1.0,1.012264564169952,2.272057089653931e-06
20,Slumber Party Massacre,1.0,1.012264564169952,2.272057089653931e-06
20,Smart Cookies,1.0,1.012264564169952,2.272057089653931e-06
20,Smoked,1.0,1.012264564169952,2.272057089653931e-06
20,Smoking,1.0,1.012264564169952,2.272057089653931e-06
20,"Smoking Babas, Hombres Sagrados De La India",1.0,1.012264564169952,2.272057089653931e-06
20,Smoking Gun,1.0,1.012264564169952,2.272057089653931e-06
20,Smrad,1.0,1.012264564169952,2.272057089653931e-06
20,Smurfette's Green Thumb,1.0,1.012264564169952,2.272057089653931e-06
20,Smyrna: The Destruction of a Cosmopolitan City - 1900-1922,1.0,1.012264564169952,2.272057089653931e-06
20,Snakes Out of Place,1.0,1.012264564169952,2.272057089653931e-06
20,Sniff Me a Robber,1.0,1.012264564169952,2.272057089653931e-06
20,Sniper,1.0,1.012264564169952,2.272057089653931e-06
20,Snoop's New Dogg House,1.0,1.012264564169952,2.272057089653931e-06
20,Snowboard Panda,1.0,1.012264564169952,2.272057089653931e-06
20,Soap,2.0,1.012264564169952,0.00018298174061319897
20,Sobre a Maré,1.0,1.012264564169952,2.272057089653931e-06
20,Society Joe,1.0,1.012264564169952,2.272057089653931e-06
20,Sodom Chronicles,1.0,1.012264564169952,2.272057089653931e-06
20,"Sok ze Slovenska - Beatmen, nasi a Beatles, Karel Gott",1.0,1.012264564169952,2.272057089653931e-06
20,Sole,1.0,1.012264564169952,2.272057089653931e-06
20,Solo for Ginger: Part 2,1.0,1.012264564169952,2.272057089653931e-06
20,Solomon,1.0,1.012264564169952,2.272057089653931e-06
20,Solvent,1.0,1.012264564169952,2.272057089653931e-06
20,Some Gave All: Part 1,1.0,1.012264564169952,2.272057089653931e-06
20,Something Rotten in Denmark,1.0,1.012264564169952,2.272057089653931e-06
20,Something Very Expensive,1.0,1.012264564169952,2.272057089653931e-06
20,Son of Tor,1.0,1.012264564169952,2.272057089653931e-06
20,Soñando Contigo,1.0,1.012264564169952,2.272057089653931e-06
20,Songbird,1.0,1.012264564169952,2.272057089653931e-06
20,Sonia Infante,1.0,1.012264564169952,2.272057089653931e-06
20,Sor Matilde,1.0,1.012264564169952,2.272057089653931e-06
20,"Sôri ga kawaru hi: Sono toki, nani ga okottaka",1.0,1.012264564169952,2.272057089653931e-06
20,Sotto casa,1.0,1.012264564169952,2.272057089653931e-06
20,Sous le signe de l'étalon,1.0,1.012264564169952,2.272057089653931e-06
20,Southern Justice,1.0,1.012264564169952,2.272057089653931e-06
20,Spade Cooley: King of Western Swing,1.0,1.012264564169952,2.272057089653931e-06
20,Spadla z oblakov,1.0,1.012264564169952,2.272057089653931e-06
20,Spaghetti Western and Meatballs,1.0,1.012264564169952,2.272057089653931e-06
20,Spare Me,1.0,1.012264564169952,2.272057089653931e-06
20,Speakeasy with Max Greenfield,1.0,1.012264564169952,2.272057089653931e-06
20,Special Delivery,1.0,1.012264564169952,2.272057089653931e-06
20,Special Envoy: The New Minister,1.0,1.012264564169952,2.272057089653931e-06
20,Special: Sex & Power,1.0,1.012264564169952,2.272057089653931e-06
20,Specialita séfkuchare,1.0,1.012264564169952,2.272057089653931e-06
20,Speechless,1.0,1.012264564169952,2.272057089653931e-06
20,Spinky's Singing Winky,1.0,1.012264564169952,2.272057089653931e-06
20,Spiritual Advisors,1.0,1.012264564169952,2.272057089653931e-06
20,Splashdown,1.0,1.012264564169952,2.272057089653931e-06
20,Spools and Clocks,1.0,1.012264564169952,2.272057089653931e-06
20,Spoonfull of Sugar,1.0,1.012264564169952,2.272057089653931e-06
20,Spring Break,1.0,1.012264564169952,2.272057089653931e-06
20,Spun Out,1.0,1.012264564169952,2.272057089653931e-06
20,Square Peg,1.0,1.012264564169952,2.272057089653931e-06
20,St. Louis Cardinals vs. Chicago Cubs,1.0,1.012264564169952,2.272057089653931e-06
20,Stalemate,1.0,1.012264564169952,2.272057089653931e-06
20,Stand by Me,1.0,1.012264564169952,2.272057089653931e-06
20,Star Fire: Presents,1.0,1.012264564169952,2.272057089653931e-06
20,Stars und Sternchen,1.0,1.012264564169952,2.272057089653931e-06
20,Station Break,1.0,1.012264564169952,2.272057089653931e-06
20,Stay with Me,1.0,1.012264564169952,2.272057089653931e-06
20,Steh' ich in finstrer Mitternacht,1.0,1.012264564169952,2.272057089653931e-06
20,Steiner gegen alle,1.0,1.012264564169952,2.272057089653931e-06
20,Stenographer Wanted,1.0,1.012264564169952,2.272057089653931e-06
20,Stephen Hawking,1.0,1.012264564169952,2.272057089653931e-06
20,Steve-O: Demise and Rise,1.0,1.012264564169952,2.272057089653931e-06
20,Stinko,1.0,1.012264564169952,2.272057089653931e-06
20,Stolz und Vorurteil,1.0,1.012264564169952,2.272057089653931e-06
20,Stop in the Name of Johnny/Johnny's Head in the Clouds,1.0,1.012264564169952,2.272057089653931e-06
20,Stormy Crossing,1.0,1.012264564169952,2.272057089653931e-06
20,Storyteller,1.0,1.012264564169952,2.272057089653931e-06
20,Stranger Comes to Town,1.0,1.012264564169952,2.272057089653931e-06
20,Strangers on Parade,1.0,1.012264564169952,2.272057089653931e-06
20,Street Fare Tonight!,1.0,1.012264564169952,2.272057089653931e-06
20,Stress et détresse,1.0,1.012264564169952,2.272057089653931e-06
20,Strictly Business,1.0,1.012264564169952,2.272057089653931e-06
20,Strictly for Laughs,1.0,1.012264564169952,2.272057089653931e-06
20,Stumme Wut,1.0,1.012264564169952,2.272057089653931e-06
20,Sturz in die Tiefe,1.0,1.012264564169952,2.272057089653931e-06
20,Such a Bargain,1.0,1.012264564169952,2.272057089653931e-06
20,Suishô-yama no shônen,1.0,1.012264564169952,2.272057089653931e-06
20,Sulla,1.0,1.012264564169952,2.272057089653931e-06
20,Sult,1.0,1.012264564169952,2.272057089653931e-06
20,Summer,1.0,1.012264564169952,2.272057089653931e-06
20,Summer's Not Over Yet,1.0,1.012264564169952,2.272057089653931e-06
20,Summer at the Dome,1.0,1.012264564169952,2.272057089653931e-06
20,Summer Cooler,1.0,1.012264564169952,2.272057089653931e-06
20,Summer Salad,1.0,1.012264564169952,2.272057089653931e-06
20,Summer Sex Camp,1.0,1.012264564169952,2.272057089653931e-06
20,Sun Hill Boulevard,1.0,1.012264564169952,2.272057089653931e-06
20,Sunproof,1.0,1.012264564169952,2.272057089653931e-06
20,Sunshine,1.0,1.012264564169952,2.272057089653931e-06
20,Super-fiend Strikes Back,1.0,1.012264564169952,2.272057089653931e-06
20,Superbike 2000,1.0,1.012264564169952,2.272057089653931e-06
20,Superbowl,1.0,1.012264564169952,2.272057089653931e-06
20,Supercars: Nissan GT-R,1.0,1.012264564169952,2.272057089653931e-06
20,Supergeil,1.0,1.012264564169952,2.272057089653931e-06
20,Supergroupie,1.0,1.012264564169952,2.272057089653931e-06
20,Superjoghurt rettet die Welt,1.0,1.012264564169952,2.272057089653931e-06
20,Supersnällasilversara och Stålhenrik,1.0,1.012264564169952,2.272057089653931e-06
20,Superstar Gam Sa-Yong,1.0,1.012264564169952,2.272057089653931e-06
20,Surprise,1.0,1.012264564169952,2.272057089653931e-06
20,Surprise Party,1.0,1.012264564169952,2.272057089653931e-06
20,Surviving Progress,1.0,1.012264564169952,2.272057089653931e-06
20,Suspension Lifts,1.0,1.012264564169952,2.272057089653931e-06
20,Sweeps Stunts on Parade,1.0,1.012264564169952,2.272057089653931e-06
20,Sweet Desires,1.0,1.012264564169952,2.272057089653931e-06
20,Sweetheart,1.0,1.012264564169952,2.272057089653931e-06
20,Swieta wojna,1.0,1.012264564169952,2.272057089653931e-06
20,Switched Pagers,1.0,1.012264564169952,2.272057089653931e-06
20,Synapse,1.0,1.012264564169952,2.272057089653931e-06
20,Szemet szemért,1.0,1.012264564169952,2.272057089653931e-06
20,Taalam Acey,1.0,1.012264564169952,2.272057089653931e-06
20,Tag Sieben,1.0,1.012264564169952,2.272057089653931e-06
20,Tahara,1.0,1.012264564169952,2.272057089653931e-06
20,Tahia el rajala,1.0,1.012264564169952,2.272057089653931e-06
20,Taibei liu shi liu,1.0,1.012264564169952,2.272057089653931e-06
20,"Take My Wife, Please",1.0,1.012264564169952,2.272057089653931e-06
20,Take the Lombre Home,1.0,1.012264564169952,2.272057089653931e-06
20,Taksinkuljettajat,1.0,1.012264564169952,2.272057089653931e-06
20,Tale of the Enchanted Gift,1.0,1.012264564169952,2.272057089653931e-06
20,Tales from the Vatican Collection,1.0,1.012264564169952,2.272057089653931e-06
20,Tame Men and Wild Women,1.0,1.012264564169952,2.272057089653931e-06
20,Táncos Mari,1.0,1.012264564169952,2.272057089653931e-06
20,Tandy Computer Whiz Kids: Fit to Win,1.0,1.012264564169952,2.272057089653931e-06
20,Tantei gakuen Q,1.0,1.012264564169952,2.272057089653931e-06
20,Tapage nocturne,1.0,1.012264564169952,2.272057089653931e-06
20,Tarzan and the Return of Kukulcan,1.0,1.012264564169952,2.272057089653931e-06
20,Tasmanian Fresh,1.0,1.012264564169952,2.272057089653931e-06
20,Tatua che ti passa,1.0,1.012264564169952,2.272057089653931e-06
20,Tayny dvortsovykh perevorotov,1.0,1.012264564169952,2.272057089653931e-06
20,TCM Underground,1.0,1.012264564169952,2.272057089653931e-06
20,Te amaré hasta el final,1.0,1.012264564169952,2.272057089653931e-06
20,"Tea for Two, Part I",1.0,1.012264564169952,2.272057089653931e-06
20,Teacher's Pests,1.0,1.012264564169952,2.272057089653931e-06
20,Teacher's Petrie,1.0,1.012264564169952,2.272057089653931e-06
20,"Tear Out the Presses, Stop the Front Page",1.0,1.012264564169952,2.272057089653931e-06
20,Ted's Tax Refund,1.0,1.012264564169952,2.272057089653931e-06
20,Teki ha honnôji ni ari,1.0,1.012264564169952,2.272057089653931e-06
20,Telly... Who Loves Ya Baby?,1.0,1.012264564169952,2.272057089653931e-06
20,Tempeste dell'anima,1.0,1.012264564169952,2.272057089653931e-06
20,Ten News at Five (Perth),1.0,1.012264564169952,2.272057089653931e-06
20,Ten Pin Terrors,1.0,1.012264564169952,2.272057089653931e-06
20,Tenda de Campanha,1.0,1.012264564169952,2.272057089653931e-06
20,Tendou no yaiba,1.0,1.012264564169952,2.272057089653931e-06
20,Tenney Gate House,1.0,1.012264564169952,2.272057089653931e-06
20,Tent of Stars,1.0,1.012264564169952,2.272057089653931e-06
20,Teremok,1.0,1.012264564169952,2.272057089653931e-06
20,Teresa Venerdì,1.0,1.012264564169952,2.272057089653931e-06
20,Terra em Transe,1.0,1.012264564169952,2.272057089653931e-06
20,Terra Force,1.0,1.012264564169952,2.272057089653931e-06
20,"Terra Nova, Mar Velho",1.0,1.012264564169952,2.272057089653931e-06
20,Terror Island,1.0,1.012264564169952,2.272057089653931e-06
20,Terryho dotocná,1.0,1.012264564169952,2.272057089653931e-06
20,Test the Nation: The National IQ Test 2003,1.0,1.012264564169952,2.272057089653931e-06
20,That's the Spirit,1.0,1.012264564169952,2.272057089653931e-06
20,That One Guy,1.0,1.012264564169952,2.272057089653931e-06
20,That War in Korea,1.0,1.012264564169952,2.272057089653931e-06
20,"The 200th Episode Celebration of ""All in the Family""",1.0,1.012264564169952,2.272057089653931e-06
20,The 31st Annual Academy Awards,1.0,1.012264564169952,2.272057089653931e-06
20,The 4-Star Charity Weekday Tournament,1.0,1.012264564169952,2.272057089653931e-06
20,The African Prince,1.0,1.012264564169952,2.272057089653931e-06
20,The Agent,1.0,1.012264564169952,2.272057089653931e-06
20,The Agonies of Courtship,1.0,1.012264564169952,2.272057089653931e-06
20,The Alternative Travel Project,1.0,1.012264564169952,2.272057089653931e-06
20,The Amateur Photoplaywright,1.0,1.012264564169952,2.272057089653931e-06
20,The Amazing Spider-Man on Bullying Prevention #1,1.0,1.012264564169952,2.272057089653931e-06
20,The Ancient and Honorable Wall Mat,1.0,1.012264564169952,2.272057089653931e-06
20,The Animated Odyssey,1.0,1.012264564169952,2.272057089653931e-06
20,The Apartment,1.0,1.012264564169952,2.272057089653931e-06
20,The Arkadilla Project,1.0,1.012264564169952,2.272057089653931e-06
20,The Army-Navy Game,1.0,1.012264564169952,2.272057089653931e-06
20,The Art of the Teese/Iranian Man/The Railroad All-Stars,1.0,1.012264564169952,2.272057089653931e-06
20,The Artist's Ruse,1.0,1.012264564169952,2.272057089653931e-06
20,The Assignment,1.0,1.012264564169952,2.272057089653931e-06
20,The Avenging Sword,1.0,1.012264564169952,2.272057089653931e-06
20,The Baby Ray Story,1.0,1.012264564169952,2.272057089653931e-06
20,The Baby Smurf,1.0,1.012264564169952,2.272057089653931e-06
20,The Basketball Star,1.0,1.012264564169952,2.272057089653931e-06
20,The Battle Game Trap: Part 1,1.0,1.012264564169952,2.272057089653931e-06
20,The Battle of Billy's Pond,1.0,1.012264564169952,2.272057089653931e-06
20,The Beach Bee,1.0,1.012264564169952,2.272057089653931e-06
20,The Bear and the Rabbit,1.0,1.012264564169952,2.272057089653931e-06
20,The Beast of Monsieur Racine,1.0,1.012264564169952,2.272057089653931e-06
20,The Beginning to Get Bald,1.0,1.012264564169952,2.272057089653931e-06
20,The Best Chess Player in the World,1.0,1.012264564169952,2.272057089653931e-06
20,The Best Laid Plans,1.0,1.012264564169952,2.272057089653931e-06
20,The Best of Friends,1.0,1.012264564169952,2.272057089653931e-06
20,The Big 3 Automakers Strike Out,1.0,1.012264564169952,2.272057089653931e-06
20,The Big Dealers,1.0,1.012264564169952,2.272057089653931e-06
20,The Big Fifteenth,1.0,1.012264564169952,2.272057089653931e-06
20,The Billy Crystal,1.0,1.012264564169952,2.272057089653931e-06
20,The Birdman,1.0,1.012264564169952,2.272057089653931e-06
20,The Birth of Modern Football,1.0,1.012264564169952,2.272057089653931e-06
20,The Blast in Centralia 5,1.0,1.012264564169952,2.272057089653931e-06
20,The Blocking Rehearsal,1.0,1.012264564169952,2.272057089653931e-06
20,The Blood of Success,1.0,1.012264564169952,2.272057089653931e-06
20,The Boat Race: Cambridge Wins,1.0,1.012264564169952,2.272057089653931e-06
20,The Book of Love,1.0,1.012264564169952,2.272057089653931e-06
20,The Booth Brothers,1.0,1.012264564169952,2.272057089653931e-06
20,The Borrowed Umbrella,1.0,1.012264564169952,2.272057089653931e-06
20,The Boys Clean House,1.0,1.012264564169952,2.272057089653931e-06
20,The Bracelet,1.0,1.012264564169952,2.272057089653931e-06
20,The Breakfast Club 25 Years Later,1.0,1.012264564169952,2.272057089653931e-06
20,The Brian Epstein Story: Tomorrow Never Knows - Part 2,1.0,1.012264564169952,2.272057089653931e-06
20,The Bully,1.0,1.012264564169952,2.272057089653931e-06
20,The Bully and the Shrimp,1.0,1.012264564169952,2.272057089653931e-06
20,The Burning of Kruger,1.0,1.012264564169952,2.272057089653931e-06
20,The Butler's Baby,1.0,1.012264564169952,2.272057089653931e-06
20,The Calamitous Courting of Hetty King,1.0,1.012264564169952,2.272057089653931e-06
20,The Calico Dragon,1.0,1.012264564169952,2.272057089653931e-06
20,The Call Loan,1.0,1.012264564169952,2.272057089653931e-06
20,The Call of the Tribe,1.0,1.012264564169952,2.272057089653931e-06
20,The Case of Marina Goodwin,1.0,1.012264564169952,2.272057089653931e-06
20,The Case of the Devil's Donkey,1.0,1.012264564169952,2.272057089653931e-06
20,The Case of the Notorious Nun,1.0,1.012264564169952,2.272057089653931e-06
20,The Case of the Posthumous Painter,1.0,1.012264564169952,2.272057089653931e-06
20,The Case of the Prison Break-In,1.0,1.012264564169952,2.272057089653931e-06
20,"The Case of the Snow, the Glow and the Oh No!",1.0,1.012264564169952,2.272057089653931e-06
20,The Case of the Stinky Smell,1.0,1.012264564169952,2.272057089653931e-06
20,The Caveman,1.0,1.012264564169952,2.272057089653931e-06
20,The Champion,1.0,1.012264564169952,2.272057089653931e-06
20,The Charlie Horse Music Pizza,1.0,1.012264564169952,2.272057089653931e-06
20,The Chemical Scythe,1.0,1.012264564169952,2.272057089653931e-06
20,The Chinese Plate,1.0,1.012264564169952,2.272057089653931e-06
20,The City in the Image of Man: Ideas and Work of Paolo Soleri,1.0,1.012264564169952,2.272057089653931e-06
20,The Civil War,1.0,1.012264564169952,2.272057089653931e-06
20,The Claimant,1.0,1.012264564169952,2.272057089653931e-06
20,The Coffee Talk Show,1.0,1.012264564169952,2.272057089653931e-06
20,The Come-Back,1.0,1.012264564169952,2.272057089653931e-06
20,The Command,1.0,1.012264564169952,2.272057089653931e-06
20,The Contract,1.0,1.012264564169952,2.272057089653931e-06
20,The Cost of Creativity,1.0,1.012264564169952,2.272057089653931e-06
20,The Cost of Loving,1.0,1.012264564169952,2.272057089653931e-06
20,The Court,1.0,1.012264564169952,2.272057089653931e-06
20,The Crash of '87 - Recession on the Way?,1.0,1.012264564169952,2.272057089653931e-06
20,The Creature's Revenge,1.0,1.012264564169952,2.272057089653931e-06
20,The Criminal Hypnotist,1.0,1.012264564169952,2.272057089653931e-06
20,The Crimson City,1.0,1.012264564169952,2.272057089653931e-06
20,The Cross Country,1.0,1.012264564169952,2.272057089653931e-06
20,The Crush,1.0,1.012264564169952,2.272057089653931e-06
20,The Crystal Castle,1.0,1.012264564169952,2.272057089653931e-06
20,The Crystal Gazer,1.0,1.012264564169952,2.272057089653931e-06
20,The Cure,1.0,1.012264564169952,2.272057089653931e-06
20,The Curse of the Wolfman,1.0,1.012264564169952,2.272057089653931e-06
20,The Cyclops,1.0,1.012264564169952,2.272057089653931e-06
20,The D Generation,1.0,1.012264564169952,2.272057089653931e-06
20,The Dakota Conflict,1.0,1.012264564169952,2.272057089653931e-06
20,The Dam Builders,1.0,1.012264564169952,2.272057089653931e-06
20,The Dance,1.0,1.012264564169952,2.272057089653931e-06
20,The Dandelion Clock,1.0,1.012264564169952,2.272057089653931e-06
20,The Daughter of the Don,1.0,1.012264564169952,2.272057089653931e-06
20,The David,1.0,1.012264564169952,2.272057089653931e-06
20,The Deep End: Part 1,1.0,1.012264564169952,2.272057089653931e-06
20,The Delmarva Chicken of Tomorrow,1.0,1.012264564169952,2.272057089653931e-06
20,The Deputy,1.0,1.012264564169952,2.272057089653931e-06
20,The Detectives of the Italian Bureau,1.0,1.012264564169952,2.272057089653931e-06
20,The Devil You Know,1.0,1.012264564169952,2.272057089653931e-06
20,The Diary of Dr. Livingston,1.0,1.012264564169952,2.272057089653931e-06
20,The Disreputable Mr. Raegen,1.0,1.012264564169952,2.272057089653931e-06
20,The Distance,1.0,1.012264564169952,2.272057089653931e-06
20,The Division,1.0,1.012264564169952,2.272057089653931e-06
20,The Donkey Vote,1.0,1.012264564169952,2.272057089653931e-06
20,The Doughty Plot,1.0,1.012264564169952,2.272057089653931e-06
20,The Dreamers,1.0,1.012264564169952,2.272057089653931e-06
20,The Dress Mess,1.0,1.012264564169952,2.272057089653931e-06
20,The Drive North,1.0,1.012264564169952,2.272057089653931e-06
20,The Druid City,1.0,1.012264564169952,2.272057089653931e-06
20,The Dummy Twins,1.0,1.012264564169952,2.272057089653931e-06
20,The DVD Collection,1.0,1.012264564169952,2.272057089653931e-06
20,The Eagle Has Landed,1.0,1.012264564169952,2.272057089653931e-06
20,The Ebony Garden,1.0,1.012264564169952,2.272057089653931e-06
20,The Egress,1.0,1.012264564169952,2.272057089653931e-06
20,The Egyptian Water Box,1.0,1.012264564169952,2.272057089653931e-06
20,The Electric Girl,1.0,1.012264564169952,2.272057089653931e-06
20,The End Begins,1.0,1.012264564169952,2.272057089653931e-06
20,The End...,1.0,1.012264564169952,2.272057089653931e-06
20,The Enemies,1.0,1.012264564169952,2.272057089653931e-06
20,The Eurovision Song Contest,1.0,1.012264564169952,2.272057089653931e-06
20,The Evening Star,1.0,1.012264564169952,2.272057089653931e-06
20,The Evil Within Demon's Head Castle,1.0,1.012264564169952,2.272057089653931e-06
20,The Express,1.0,1.012264564169952,2.272057089653931e-06
20,The Face at Your Window,1.0,1.012264564169952,2.272057089653931e-06
20,The Factory,1.0,1.012264564169952,2.272057089653931e-06
20,The Fair,1.0,1.012264564169952,2.272057089653931e-06
20,The Fairchild Job,1.0,1.012264564169952,2.272057089653931e-06
20,The Fall of Blanc (1),1.0,1.012264564169952,2.272057089653931e-06
20,The Fall of the American Economy,1.0,1.012264564169952,2.272057089653931e-06
20,The Family Is a Vicious Circle,1.0,1.012264564169952,2.272057089653931e-06
20,"The Fanex Files, Volume 2: Samuel Z. Arkoff",1.0,1.012264564169952,2.272057089653931e-06
20,The Feminine Mistake,1.0,1.012264564169952,2.272057089653931e-06
20,The Films of Scott Hicks,1.0,1.012264564169952,2.272057089653931e-06
20,The Final Interview,1.0,1.012264564169952,2.272057089653931e-06
20,The Final Shred for the Block-Heads,1.0,1.012264564169952,2.272057089653931e-06
20,The First Commandment,1.0,1.012264564169952,2.272057089653931e-06
20,The First Exile,1.0,1.012264564169952,2.272057089653931e-06
20,The First Thing You Think Of,1.0,1.012264564169952,2.272057089653931e-06
20,The First Time,1.0,1.012264564169952,2.272057089653931e-06
20,The Fist,1.0,1.012264564169952,2.272057089653931e-06
20,The Flirting Husband,1.0,1.012264564169952,2.272057089653931e-06
20,The Framing of Sirhan Sirhan,1.0,1.012264564169952,2.272057089653931e-06
20,The Freemason,1.0,1.012264564169952,2.272057089653931e-06
20,The French Canal,1.0,1.012264564169952,2.272057089653931e-06
20,The Frisch Family,1.0,1.012264564169952,2.272057089653931e-06
20,The Frog Is a Deadly Weapon,1.0,1.012264564169952,2.272057089653931e-06
20,The Fugitives,1.0,1.012264564169952,2.272057089653931e-06
20,The Funeral,1.0,1.012264564169952,2.272057089653931e-06
20,The Future,1.0,1.012264564169952,2.272057089653931e-06
20,The Game,2.0,1.012264564169952,0.00018298174061319897
20,The Game's Afoot,1.0,1.012264564169952,2.272057089653931e-06
20,The Gaskettes,1.0,1.012264564169952,2.272057089653931e-06
20,The Girl Who Joined the Circus,1.0,1.012264564169952,2.272057089653931e-06
20,The Glamorous Life,1.0,1.012264564169952,2.272057089653931e-06
20,The Gods Are Wise 2,1.0,1.012264564169952,2.272057089653931e-06
20,"The Good, the Bad and the Ugly Duckling",1.0,1.012264564169952,2.272057089653931e-06
20,The Grand Duel,1.0,1.012264564169952,2.272057089653931e-06
20,The Grande Finale,1.0,1.012264564169952,2.272057089653931e-06
20,The Grass of Saturn,1.0,1.012264564169952,2.272057089653931e-06
20,The Great American News Quiz 2,1.0,1.012264564169952,2.272057089653931e-06
20,The Great Escape,2.0,1.012264564169952,0.00018298174061319897
20,The Great Plow Up,1.0,1.012264564169952,2.272057089653931e-06
20,The Great Treasure Contest! Collapse! The Spaland,1.0,1.012264564169952,2.272057089653931e-06
20,The Greek Tycoon,1.0,1.012264564169952,2.272057089653931e-06
20,The Guv'nor's Wife,1.0,1.012264564169952,2.272057089653931e-06
20,The Haircutter,1.0,1.012264564169952,2.272057089653931e-06
20,The Hammer of the World,1.0,1.012264564169952,2.272057089653931e-06
20,The Hard Way,1.0,1.012264564169952,2.272057089653931e-06
20,The Hidden Jew,1.0,1.012264564169952,2.272057089653931e-06
20,The Highlanders,1.0,1.012264564169952,2.272057089653931e-06
20,The Hitchhikers,1.0,1.012264564169952,2.272057089653931e-06
20,The Horizontal Man,1.0,1.012264564169952,2.272057089653931e-06
20,The Host,1.0,1.012264564169952,2.272057089653931e-06
20,The Housekeeping,1.0,1.012264564169952,2.272057089653931e-06
20,The Human Element,1.0,1.012264564169952,2.272057089653931e-06
20,The Hunt for Saddam's Secret Weapons,1.0,1.012264564169952,2.272057089653931e-06
20,The Ice Girl Cometh,1.0,1.012264564169952,2.272057089653931e-06
20,The Identification Parade,1.0,1.012264564169952,2.272057089653931e-06
20,The Idle Rich,1.0,1.012264564169952,2.272057089653931e-06
20,The Immigrant,1.0,1.012264564169952,2.272057089653931e-06
20,The Imperial Enemy,1.0,1.012264564169952,2.272057089653931e-06
20,The Importance of Playing Yardball,1.0,1.012264564169952,2.272057089653931e-06
20,The Incredible Bulk,1.0,1.012264564169952,2.272057089653931e-06
20,The Incredible Mr. Limpet,1.0,1.012264564169952,2.272057089653931e-06
20,The Independents,1.0,1.012264564169952,2.272057089653931e-06
20,The Inevitable,1.0,1.012264564169952,2.272057089653931e-06
20,The Innocent,1.0,1.012264564169952,2.272057089653931e-06
20,The Innocent Bystanders,1.0,1.012264564169952,2.272057089653931e-06
20,The International Terminal,1.0,1.012264564169952,2.272057089653931e-06
20,The Island,1.0,1.012264564169952,2.272057089653931e-06
20,The Jacksons,1.0,1.012264564169952,2.272057089653931e-06
20,The Joker,1.0,1.012264564169952,2.272057089653931e-06
20,The Journal,1.0,1.012264564169952,2.272057089653931e-06
20,The K.O. Kid,1.0,1.012264564169952,2.272057089653931e-06
20,The Key,1.0,1.012264564169952,2.272057089653931e-06
20,The Kid from Arizona,1.0,1.012264564169952,2.272057089653931e-06
20,The Killer Speaks,1.0,1.012264564169952,2.272057089653931e-06
20,The Killing Machine,1.0,1.012264564169952,2.272057089653931e-06
20,The King,1.0,1.012264564169952,2.272057089653931e-06
20,The Kitchen Goddess,1.0,1.012264564169952,2.272057089653931e-06
20,The Knockout,1.0,1.012264564169952,2.272057089653931e-06
20,The Kovak Box,1.0,1.012264564169952,2.272057089653931e-06
20,The Last Affirmative Action Hero,1.0,1.012264564169952,2.272057089653931e-06
20,The Last Days of American Crime,1.0,1.012264564169952,2.272057089653931e-06
20,The Last Duel in Virginia City,1.0,1.012264564169952,2.272057089653931e-06
20,The Last Lear,1.0,1.012264564169952,2.272057089653931e-06
20,The Last Summer Ever,1.0,1.012264564169952,2.272057089653931e-06
20,The Last Taboo,1.0,1.012264564169952,2.272057089653931e-06
20,The Law of the Skip,1.0,1.012264564169952,2.272057089653931e-06
20,The Ledger,1.0,1.012264564169952,2.272057089653931e-06
20,The Left Hand of God,1.0,1.012264564169952,2.272057089653931e-06
20,The Legend of Thunder: Part One,1.0,1.012264564169952,2.272057089653931e-06
20,The Lion King: A Musical Journey with Elton John,1.0,1.012264564169952,2.272057089653931e-06
20,The Little Dressmaker of Bodie,1.0,1.012264564169952,2.272057089653931e-06
20,The Little Polar Bear,1.0,1.012264564169952,2.272057089653931e-06
20,The Little Samaritan,1.0,1.012264564169952,2.272057089653931e-06
20,The Lobby,1.0,1.012264564169952,2.272057089653931e-06
20,The Lock Up,1.0,1.012264564169952,2.272057089653931e-06
20,The Locket,1.0,1.012264564169952,2.272057089653931e-06
20,The Long Road Home,1.0,1.012264564169952,2.272057089653931e-06
20,The Lost Lemon Shark,1.0,1.012264564169952,2.272057089653931e-06
20,The Lure of a Widow,1.0,1.012264564169952,2.272057089653931e-06
20,The Mad Room,1.0,1.012264564169952,2.272057089653931e-06
20,The Magic Hat,1.0,1.012264564169952,2.272057089653931e-06
20,The Magnificent Seven,1.0,1.012264564169952,2.272057089653931e-06
20,The Majestic Theater Co.,1.0,1.012264564169952,2.272057089653931e-06
20,The Making of 'Troy',1.0,1.012264564169952,2.272057089653931e-06
20,The Man in the Brown Suit,1.0,1.012264564169952,2.272057089653931e-06
20,The Man in the Saville Row Suit,1.0,1.012264564169952,2.272057089653931e-06
20,The Marooning,1.0,1.012264564169952,2.272057089653931e-06
20,The Mask's Cures: The High Altitude Duel,1.0,1.012264564169952,2.272057089653931e-06
20,The Michael Malone Story,1.0,1.012264564169952,2.272057089653931e-06
20,The Miller's Daughter,1.0,1.012264564169952,2.272057089653931e-06
20,The Millionaire and the Squatter,1.0,1.012264564169952,2.272057089653931e-06
20,The Mislayed Genie,1.0,1.012264564169952,2.272057089653931e-06
20,The Missing Husband,1.0,1.012264564169952,2.272057089653931e-06
20,The Mission,1.0,1.012264564169952,2.272057089653931e-06
20,The Model Walk,1.0,1.012264564169952,2.272057089653931e-06
20,The Monster from the Tar Pits,1.0,1.012264564169952,2.272057089653931e-06
20,The Monster Squad,1.0,1.012264564169952,2.272057089653931e-06
20,The Mormons,1.0,1.012264564169952,2.272057089653931e-06
20,The Motor City Maniac,1.0,1.012264564169952,2.272057089653931e-06
20,The Naked Bun,1.0,1.012264564169952,2.272057089653931e-06
20,The Nancy Marlborough Story,1.0,1.012264564169952,2.272057089653931e-06
20,The Neanderthal Man,1.0,1.012264564169952,2.272057089653931e-06
20,The Negotiation,1.0,1.012264564169952,2.272057089653931e-06
20,The Network!,1.0,1.012264564169952,2.272057089653931e-06
20,The New Matadors,1.0,1.012264564169952,2.272057089653931e-06
20,The Nickel Pickle,1.0,1.012264564169952,2.272057089653931e-06
20,The Nightingale (Le rossignol),1.0,1.012264564169952,2.272057089653931e-06
20,The NSL Game,1.0,1.012264564169952,2.272057089653931e-06
20,The Obono Affair,1.0,1.012264564169952,2.272057089653931e-06
20,The Octonauts and the Sperm Whale,1.0,1.012264564169952,2.272057089653931e-06
20,The Old and the Dead,1.0,1.012264564169952,2.272057089653931e-06
20,The One After Vegas,1.0,1.012264564169952,2.272057089653931e-06
20,The One Blue Chip Story,1.0,1.012264564169952,2.272057089653931e-06
20,The Origin of Spongebob Squarepants,1.0,1.012264564169952,2.272057089653931e-06
20,The Other David Lynch,1.0,1.012264564169952,2.272057089653931e-06
20,"The Other Fellow; or, A Fight for Love",1.0,1.012264564169952,2.272057089653931e-06
20,The Outlaw,1.0,1.012264564169952,2.272057089653931e-06
20,The Pale Face's Wooing,1.0,1.012264564169952,2.272057089653931e-06
20,The Path,1.0,1.012264564169952,2.272057089653931e-06
20,The Pay-Off,1.0,1.012264564169952,2.272057089653931e-06
20,The People's Command Performance,1.0,1.012264564169952,2.272057089653931e-06
20,The Perfect Match,1.0,1.012264564169952,2.272057089653931e-06
20,The Perfect Pancake,1.0,1.012264564169952,2.272057089653931e-06
20,The Plumber,1.0,1.012264564169952,2.272057089653931e-06
20,The Poetry Man,1.0,1.012264564169952,2.272057089653931e-06
20,The Pollution Solution,1.0,1.012264564169952,2.272057089653931e-06
20,The Posse,1.0,1.012264564169952,2.272057089653931e-06
20,The Precious Envelope,1.0,1.012264564169952,2.272057089653931e-06
20,The Predator,1.0,1.012264564169952,2.272057089653931e-06
20,The Price of Kissing,1.0,1.012264564169952,2.272057089653931e-06
20,The Price of Vengeance,1.0,1.012264564169952,2.272057089653931e-06
20,The Privateer,1.0,1.012264564169952,2.272057089653931e-06
20,The Producer,1.0,1.012264564169952,2.272057089653931e-06
20,The Professor,1.0,1.012264564169952,2.272057089653931e-06
20,The Protestant Succession No.2,1.0,1.012264564169952,2.272057089653931e-06
20,The Puppet,1.0,1.012264564169952,2.272057089653931e-06
20,The Queen's Flowerpot: Part 3 - That Is My Flowerpot,1.0,1.012264564169952,2.272057089653931e-06
20,The Queen Returns,1.0,1.012264564169952,2.272057089653931e-06
20,The Question,1.0,1.012264564169952,2.272057089653931e-06
20,The Raffle,1.0,1.012264564169952,2.272057089653931e-06
20,The Raising of Christopher,1.0,1.012264564169952,2.272057089653931e-06
20,The Rambler,1.0,1.012264564169952,2.272057089653931e-06
20,The Rat Catchers,1.0,1.012264564169952,2.272057089653931e-06
20,"The Rat House/Momma Moneybags, I Am Not!",1.0,1.012264564169952,2.272057089653931e-06
20,The Realization,1.0,1.012264564169952,2.272057089653931e-06
20,The Rescuing Boomerang,1.0,1.012264564169952,2.272057089653931e-06
20,The Return of Johnny V.,1.0,1.012264564169952,2.272057089653931e-06
20,The Return of LaRoche,1.0,1.012264564169952,2.272057089653931e-06
20,The Return of Ogidi 2,1.0,1.012264564169952,2.272057089653931e-06
20,The Revolution Will Be Televised,1.0,1.012264564169952,2.272057089653931e-06
20,The Rift,1.0,1.012264564169952,2.272057089653931e-06
20,The Right One,1.0,1.012264564169952,2.272057089653931e-06
20,The River,1.0,1.012264564169952,2.272057089653931e-06
20,The Road to Yesterday,1.0,1.012264564169952,2.272057089653931e-06
20,The Root Cause of Illness,1.0,1.012264564169952,2.272057089653931e-06
20,The Rose and Crown,1.0,1.012264564169952,2.272057089653931e-06
20,The Rose of Munich,1.0,1.012264564169952,2.272057089653931e-06
20,The Roughnecks,1.0,1.012264564169952,2.272057089653931e-06
20,The Rubin Method,1.0,1.012264564169952,2.272057089653931e-06
20,The Same Old Tale,1.0,1.012264564169952,2.272057089653931e-06
20,The Satan Pit,1.0,1.012264564169952,2.272057089653931e-06
20,The Scarlet Pimpernel,1.0,1.012264564169952,2.272057089653931e-06
20,The School Play,1.0,1.012264564169952,2.272057089653931e-06
20,The Sculptor's Jealous Model,1.0,1.012264564169952,2.272057089653931e-06
20,The Sea Wolf,1.0,1.012264564169952,2.272057089653931e-06
20,The Search for Spike,1.0,1.012264564169952,2.272057089653931e-06
20,The Second Day,1.0,1.012264564169952,2.272057089653931e-06
20,The Second Mate,1.0,1.012264564169952,2.272057089653931e-06
20,The Secret Love of Johnny Spain,1.0,1.012264564169952,2.272057089653931e-06
20,The Secret of Polanta,1.0,1.012264564169952,2.272057089653931e-06
20,The Secret to Pomegranate Cornish Game Hens,1.0,1.012264564169952,2.272057089653931e-06
20,The Senegalese,1.0,1.012264564169952,2.272057089653931e-06
20,The Sexorcist,1.0,1.012264564169952,2.272057089653931e-06
20,The Show Mustn't Go On,1.0,1.012264564169952,2.272057089653931e-06
20,The Silent Partners,1.0,1.012264564169952,2.272057089653931e-06
20,The Silent Speaker: Part 2,1.0,1.012264564169952,2.272057089653931e-06
20,The Silver Mask,1.0,1.012264564169952,2.272057089653931e-06
20,The Siren,1.0,1.012264564169952,2.272057089653931e-06
20,The Slayers,1.0,1.012264564169952,2.272057089653931e-06
20,The Sleeping Soul,1.0,1.012264564169952,2.272057089653931e-06
20,The Snack Shop and the Suspicious Two,1.0,1.012264564169952,2.272057089653931e-06
20,The Snatch Game,1.0,1.012264564169952,2.272057089653931e-06
20,The Sniper,1.0,1.012264564169952,2.272057089653931e-06
20,The Song and Dance Man,1.0,1.012264564169952,2.272057089653931e-06
20,The Spa Who Loved Me,1.0,1.012264564169952,2.272057089653931e-06
20,The Spit and the Speculum: POV+,1.0,1.012264564169952,2.272057089653931e-06
20,The Stranger,1.0,1.012264564169952,2.272057089653931e-06
20,The Stranger Beside Me,1.0,1.012264564169952,2.272057089653931e-06
20,The Strangler Trees of Triton,1.0,1.012264564169952,2.272057089653931e-06
20,The Straw That Broke Two Brains' Back/Nocan the Evil Ingredient Finding Guy,1.0,1.012264564169952,2.272057089653931e-06
20,The Studio Murder Mystery,1.0,1.012264564169952,2.272057089653931e-06
20,The Sugar Shack,1.0,1.012264564169952,2.272057089653931e-06
20,The Superhero Pub Crawl,1.0,1.012264564169952,2.272057089653931e-06
20,The Taxpayers Go to Florida,1.0,1.012264564169952,2.272057089653931e-06
20,The Telephone Case,1.0,1.012264564169952,2.272057089653931e-06
20,The Tender Years,1.0,1.012264564169952,2.272057089653931e-06
20,The Territorians,1.0,1.012264564169952,2.272057089653931e-06
20,The Things They Left Behind (Laissés Pour Compte),1.0,1.012264564169952,2.272057089653931e-06
20,The Three Wishes,1.0,1.012264564169952,2.272057089653931e-06
20,The Tidewalker,1.0,1.012264564169952,2.272057089653931e-06
20,The Time of Jacob's Trouble,1.0,1.012264564169952,2.272057089653931e-06
20,The Tin Badge,1.0,1.012264564169952,2.272057089653931e-06
20,The Tits That Saved XXX-mas,1.0,1.012264564169952,2.272057089653931e-06
20,The Tommy Steele Story,1.0,1.012264564169952,2.272057089653931e-06
20,The Tramp,1.0,1.012264564169952,2.272057089653931e-06
20,The Treehouse,1.0,1.012264564169952,2.272057089653931e-06
20,The Trial and Torture of Sir John Rampayne,1.0,1.012264564169952,2.272057089653931e-06
20,The Truth About Holly,1.0,1.012264564169952,2.272057089653931e-06
20,The Truth About Honesty,1.0,1.012264564169952,2.272057089653931e-06
20,The Truth Hurts,1.0,1.012264564169952,2.272057089653931e-06
20,The Truth Is Out There,1.0,1.012264564169952,2.272057089653931e-06
20,The Turning Point,1.0,1.012264564169952,2.272057089653931e-06
20,The Two of Us: Part 1,1.0,1.012264564169952,2.272057089653931e-06
20,The Ultimate GT-R,1.0,1.012264564169952,2.272057089653931e-06
20,The Ultimate Weapon,1.0,1.012264564169952,2.272057089653931e-06
20,The Unpredictable Leader,1.0,1.012264564169952,2.272057089653931e-06
20,The Unspoken,1.0,1.012264564169952,2.272057089653931e-06
20,The Urban Chiller Tales,1.0,1.012264564169952,2.272057089653931e-06
20,The Used Helicopter,1.0,1.012264564169952,2.272057089653931e-06
20,The Venus People,1.0,1.012264564169952,2.272057089653931e-06
20,The Video Letter of the First Love,1.0,1.012264564169952,2.272057089653931e-06
20,The Vietnam War,1.0,1.012264564169952,2.272057089653931e-06
20,The Village Barber,1.0,1.012264564169952,2.272057089653931e-06
20,The Village Blacksmith,1.0,1.012264564169952,2.272057089653931e-06
20,The Village That Quit: Update,1.0,1.012264564169952,2.272057089653931e-06
20,The Visitor,1.0,1.012264564169952,2.272057089653931e-06
20,The Walking Dead,1.0,1.012264564169952,2.272057089653931e-06
20,The War Between Us,1.0,1.012264564169952,2.272057089653931e-06
20,The Waste,1.0,1.012264564169952,2.272057089653931e-06
20,The Wedding Project,1.0,1.012264564169952,2.272057089653931e-06
20,The Wendy Williams Experience,1.0,1.012264564169952,2.272057089653931e-06
20,The Whale on the Beach,1.0,1.012264564169952,2.272057089653931e-06
20,The White Stick,1.0,1.012264564169952,2.272057089653931e-06
20,The Who Rocks America 1982,1.0,1.012264564169952,2.272057089653931e-06
20,The Who: At Kilburn 1977,1.0,1.012264564169952,2.272057089653931e-06
20,The Whole Truth,1.0,1.012264564169952,2.272057089653931e-06
20,The Widow and the Rogue,1.0,1.012264564169952,2.272057089653931e-06
20,The Widowmaker,1.0,1.012264564169952,2.272057089653931e-06
20,The Wild Girl from the Hills,1.0,1.012264564169952,2.272057089653931e-06
20,The Winking Idol,1.0,1.012264564169952,2.272057089653931e-06
20,The Withered Dead,1.0,1.012264564169952,2.272057089653931e-06
20,The Wizard of Aahs/Some Like It Hot,1.0,1.012264564169952,2.272057089653931e-06
20,The Woman Who Couldn't Cry,1.0,1.012264564169952,2.272057089653931e-06
20,The Wooing of Perilous Pauline,1.0,1.012264564169952,2.272057089653931e-06
20,The Work and the Glory III: A House Divided,1.0,1.012264564169952,2.272057089653931e-06
20,The Workout,1.0,1.012264564169952,2.272057089653931e-06
20,The World's Hairiest Person and Me,1.0,1.012264564169952,2.272057089653931e-06
20,The World in Silence,1.0,1.012264564169952,2.272057089653931e-06
20,The Wreckers,1.0,1.012264564169952,2.272057089653931e-06
20,"The Wrong, Wrong Trail",1.0,1.012264564169952,2.272057089653931e-06
20,The Yellow Streak,1.0,1.012264564169952,2.272057089653931e-06
20,The Young Swingers,1.0,1.012264564169952,2.272057089653931e-06
20,The Zander Plot: Part 4 - The Code,1.0,1.012264564169952,2.272057089653931e-06
20,The Zany World of Joey Bavaresco,1.0,1.012264564169952,2.272057089653931e-06
20,The Zero Imperative,1.0,1.012264564169952,2.272057089653931e-06
20,Theeram Thedunnavar,1.0,1.012264564169952,2.272057089653931e-06
20,Themba,1.0,1.012264564169952,2.272057089653931e-06
20,Then and Now,1.0,1.012264564169952,2.272057089653931e-06
20,There's a Small Hotel,1.0,1.012264564169952,2.272057089653931e-06
20,There's Danger in Beauty,1.0,1.012264564169952,2.272057089653931e-06
20,There's No Sale Like Wholesale,1.0,1.012264564169952,2.272057089653931e-06
20,There Aren't Any Nokocchi Here!?,1.0,1.012264564169952,2.272057089653931e-06
20,They Call Him Chantek,1.0,1.012264564169952,2.272057089653931e-06
20,They Came from Somewhere Else,1.0,1.012264564169952,2.272057089653931e-06
20,Think It Over,1.0,1.012264564169952,2.272057089653931e-06
20,This Year's Model,1.0,1.012264564169952,2.272057089653931e-06
20,Thith Ith a Prothetic or You Cum Just Right,1.0,1.012264564169952,2.272057089653931e-06
20,Thomas,1.0,1.012264564169952,2.272057089653931e-06
20,Thomas and Friends: Pop Goes Thomas,1.0,1.012264564169952,2.272057089653931e-06
20,Thomas Evers Poulsen,1.0,1.012264564169952,2.272057089653931e-06
20,"Thomas Jeffer, Son of Frankenstein",1.0,1.012264564169952,2.272057089653931e-06
20,Thooku Thooki,1.0,1.012264564169952,2.272057089653931e-06
20,Those Calloways: Part 1,1.0,1.012264564169952,2.272057089653931e-06
20,Thou Shalt Not Want,1.0,1.012264564169952,2.272057089653931e-06
20,Three-Fingered Kate: The Episode of the Sacred Elephants,1.0,1.012264564169952,2.272057089653931e-06
20,Three Cheers for Her Gracious Majesty,1.0,1.012264564169952,2.272057089653931e-06
20,Three for All 2,1.0,1.012264564169952,2.272057089653931e-06
20,Three Hunks and Three Joes Sent Home!,1.0,1.012264564169952,2.272057089653931e-06
20,Through the Wall,1.0,1.012264564169952,2.272057089653931e-06
20,Thunder,1.0,1.012264564169952,2.272057089653931e-06
20,Tian e,1.0,1.012264564169952,2.272057089653931e-06
20,Tied in Knots,1.0,1.012264564169952,2.272057089653931e-06
20,Tiempo y destiempo,1.0,1.012264564169952,2.272057089653931e-06
20,Tierra,1.0,1.012264564169952,2.272057089653931e-06
20,Tierra baja,1.0,1.012264564169952,2.272057089653931e-06
20,Ties That Bind,1.0,1.012264564169952,2.272057089653931e-06
20,Til Death,1.0,1.012264564169952,2.272057089653931e-06
20,Till Death Do Us Part,1.0,1.012264564169952,2.272057089653931e-06
20,Till Tomorrow,1.0,1.012264564169952,2.272057089653931e-06
20,Till We Meet Again,1.0,1.012264564169952,2.272057089653931e-06
20,Tillamook Cheese,1.0,1.012264564169952,2.272057089653931e-06
20,Time and Mr Madingley,1.0,1.012264564169952,2.272057089653931e-06
20,Tinker Bell: A Fairy's Tale,1.0,1.012264564169952,2.272057089653931e-06
20,Tipping Point,1.0,1.012264564169952,2.272057089653931e-06
20,Tis the Season,1.0,1.012264564169952,2.272057089653931e-06
20,Tito el Tatita,1.0,1.012264564169952,2.272057089653931e-06
20,TKO Hip Hop,1.0,1.012264564169952,2.272057089653931e-06
20,To Crack a Nut,1.0,1.012264564169952,2.272057089653931e-06
20,To Forever,1.0,1.012264564169952,2.272057089653931e-06
20,To je fór!,1.0,1.012264564169952,2.272057089653931e-06
20,To Kill a MockingNerd,1.0,1.012264564169952,2.272057089653931e-06
20,To pio grigoro bouzouki,1.0,1.012264564169952,2.272057089653931e-06
20,Tobe Hooper,1.0,1.012264564169952,2.272057089653931e-06
20,Tod eines Mädchens,1.0,1.012264564169952,2.272057089653931e-06
20,Todesurteil,1.0,1.012264564169952,2.272057089653931e-06
20,Tödliches Spiel,1.0,1.012264564169952,2.272057089653931e-06
20,Tom's First Date,1.0,1.012264564169952,2.272057089653931e-06
20,Tom's Frühreif No. 3,1.0,1.012264564169952,2.272057089653931e-06
20,Tom of Finland,1.0,1.012264564169952,2.272057089653931e-06
20,Tomb Raider Barbershop Quartet,1.0,1.012264564169952,2.272057089653931e-06
20,Tomodachi,1.0,1.012264564169952,2.272057089653931e-06
20,Tonight's the Night,1.0,1.012264564169952,2.272057089653931e-06
20,Tonyo Seeks Help from Angie,1.0,1.012264564169952,2.272057089653931e-06
20,Toonpur Ka Superrhero,1.0,1.012264564169952,2.272057089653931e-06
20,Top 20 Performance Show: Part 2 Girls,1.0,1.012264564169952,2.272057089653931e-06
20,Top 20: Part 1,1.0,1.012264564169952,2.272057089653931e-06
20,Top 4 Results Show,1.0,1.012264564169952,2.272057089653931e-06
20,Top 40: Part 6,1.0,1.012264564169952,2.272057089653931e-06
20,Top 50: Salmon Challenge,1.0,1.012264564169952,2.272057089653931e-06
20,Top 6 Performance Show: The 80's,1.0,1.012264564169952,2.272057089653931e-06
20,Topragin çocuklari,1.0,1.012264564169952,2.272057089653931e-06
20,Toronto Blue Jays vs. California Angels,1.0,1.012264564169952,2.272057089653931e-06
20,Tory's Burglar,1.0,1.012264564169952,2.272057089653931e-06
20,Tory Island après la prophétie,1.0,1.012264564169952,2.272057089653931e-06
20,Tosca,1.0,1.012264564169952,2.272057089653931e-06
20,Tôshô Daimos,1.0,1.012264564169952,2.272057089653931e-06
20,Total Club Manager 2005,1.0,1.012264564169952,2.272057089653931e-06
20,Total Recall,1.0,1.012264564169952,2.272057089653931e-06
20,Totally Frank's Ultimate Mix Tape,1.0,1.012264564169952,2.272057089653931e-06
20,Totuus vai tehtävä,1.0,1.012264564169952,2.272057089653931e-06
20,"Tournament 8, Game 2",1.0,1.012264564169952,2.272057089653931e-06
20,"Tout feu, tout flamme",1.0,1.012264564169952,2.272057089653931e-06
20,Toy Train,1.0,1.012264564169952,2.272057089653931e-06
20,Tqvi ristvis,1.0,1.012264564169952,2.272057089653931e-06
20,Traced in Light,1.0,1.012264564169952,2.272057089653931e-06
20,TrackMania DS,1.0,1.012264564169952,2.272057089653931e-06
20,Traditions Old and New,1.0,1.012264564169952,2.272057089653931e-06
20,Traffic with the Devil,1.0,1.012264564169952,2.272057089653931e-06
20,Trail of Danger,1.0,1.012264564169952,2.272057089653931e-06
20,Trailin' West,1.0,1.012264564169952,2.272057089653931e-06
20,Trailing Dirt,1.0,1.012264564169952,2.272057089653931e-06
20,Training Mules and Donkeys,1.0,1.012264564169952,2.272057089653931e-06
20,Trampoli,1.0,1.012264564169952,2.272057089653931e-06
20,Transfer,1.0,1.012264564169952,2.272057089653931e-06
20,Transformation,1.0,1.012264564169952,2.272057089653931e-06
20,Transport ognya,1.0,1.012264564169952,2.272057089653931e-06
20,Trash,1.0,1.012264564169952,2.272057089653931e-06
20,Trash Talking,1.0,1.012264564169952,2.272057089653931e-06
20,Träume auf Raten,1.0,1.012264564169952,2.272057089653931e-06
20,Traveler's Gin,1.0,1.012264564169952,2.272057089653931e-06
20,Trayvon Martin,1.0,1.012264564169952,2.272057089653931e-06
20,Treacherous Ties for Tape-Gagged Twosomes,1.0,1.012264564169952,2.272057089653931e-06
20,Treasures of the First Ones,1.0,1.012264564169952,2.272057089653931e-06
20,Tríade,1.0,1.012264564169952,2.272057089653931e-06
20,Trial and Error,1.0,1.012264564169952,2.272057089653931e-06
20,Trials and Tribulations,1.0,1.012264564169952,2.272057089653931e-06
20,Tribe,1.0,1.012264564169952,2.272057089653931e-06
20,Tricked by a Photo,1.0,1.012264564169952,2.272057089653931e-06
20,Tricks or Treats,1.0,1.012264564169952,2.272057089653931e-06
20,Trinity Loren & Samantha,1.0,1.012264564169952,2.272057089653931e-06
20,Triple Cross,1.0,1.012264564169952,2.272057089653931e-06
20,Trollflöjten,1.0,1.012264564169952,2.272057089653931e-06
20,Trouble in Paradise,1.0,1.012264564169952,2.272057089653931e-06
20,Troubled Waters,1.0,1.012264564169952,2.272057089653931e-06
20,Trube Dragaceva,1.0,1.012264564169952,2.272057089653931e-06
20,True Love,1.0,1.012264564169952,2.272057089653931e-06
20,Trust,1.0,1.012264564169952,2.272057089653931e-06
20,Truth or Dare,1.0,1.012264564169952,2.272057089653931e-06
20,Trying Times (Sex and the City),1.0,1.012264564169952,2.272057089653931e-06
20,Trzecie klamstwo,1.0,1.012264564169952,2.272057089653931e-06
20,Tsubaki no hana. Kanashimi wo koe ta saki ni aru mono?,1.0,1.012264564169952,2.272057089653931e-06
20,Tsuma tachi ha ketsudan shita,1.0,1.012264564169952,2.272057089653931e-06
20,Tu madre se ha comido mi dedo,1.0,1.012264564169952,2.272057089653931e-06
20,Tu quai sai gon,1.0,1.012264564169952,2.272057089653931e-06
20,Tuer encore? Jamais plus!,1.0,1.012264564169952,2.272057089653931e-06
20,Türhetö Lajos,1.0,1.012264564169952,2.272057089653931e-06
20,Turkey Day Blues,1.0,1.012264564169952,2.272057089653931e-06
20,Turn Off the Stars,1.0,1.012264564169952,2.272057089653931e-06
20,Turning Trick,1.0,1.012264564169952,2.272057089653931e-06
20,Tusitala,1.0,1.012264564169952,2.272057089653931e-06
20,TV 2 008 - Året i ord og billeder,1.0,1.012264564169952,2.272057089653931e-06
20,TV Commercial,1.0,1.012264564169952,2.272057089653931e-06
20,TV Licence,1.0,1.012264564169952,2.272057089653931e-06
20,TV Out of the Box,1.0,1.012264564169952,2.272057089653931e-06
20,TV Table Tennis,1.0,1.012264564169952,2.272057089653931e-06
20,Twenty Palaces: Circle of Enemies,1.0,1.012264564169952,2.272057089653931e-06
20,TwentyfourSeven,1.0,1.012264564169952,2.272057089653931e-06
20,Twilight Imperium,1.0,1.012264564169952,2.272057089653931e-06
20,Twilight of the Dogs,1.0,1.012264564169952,2.272057089653931e-06
20,Twin Cobra 2,1.0,1.012264564169952,2.272057089653931e-06
20,Twinge,1.0,1.012264564169952,2.272057089653931e-06
20,Twist of Faith,1.0,1.012264564169952,2.272057089653931e-06
20,Twisted Sex: Volume 26,1.0,1.012264564169952,2.272057089653931e-06
20,Two Guests from the East,1.0,1.012264564169952,2.272057089653931e-06
20,Two Heads Are Better Than One,1.0,1.012264564169952,2.272057089653931e-06
20,Two Sides to the Story,1.0,1.012264564169952,2.272057089653931e-06
20,Two to Tango,1.0,1.012264564169952,2.272057089653931e-06
20,Tyres,1.0,1.012264564169952,2.272057089653931e-06
20,Tyrone Davis/Lyn Collins,1.0,1.012264564169952,2.272057089653931e-06
20,U rukama,1.0,1.012264564169952,2.272057089653931e-06
20,"Üben, üben, üben!",1.0,1.012264564169952,2.272057089653931e-06
20,Udalyonnyy dostup,1.0,1.012264564169952,2.272057089653931e-06
20,Ugly Baby,1.0,1.012264564169952,2.272057089653931e-06
20,Ui,1.0,1.012264564169952,2.272057089653931e-06
20,Uketsugu Mono,1.0,1.012264564169952,2.272057089653931e-06
20,Ullabella,1.0,1.012264564169952,2.272057089653931e-06
20,Um Amor Feliz,1.0,1.012264564169952,2.272057089653931e-06
20,Umi no tokoya,1.0,1.012264564169952,2.272057089653931e-06
20,Un altra città,1.0,1.012264564169952,2.272057089653931e-06
20,Un ángel sin pantalones,1.0,1.012264564169952,2.272057089653931e-06
20,Un cuñado de oro,1.0,1.012264564169952,2.272057089653931e-06
20,Un flic sous influence,1.0,1.012264564169952,2.272057089653931e-06
20,Un mariage sans témoin,1.0,1.012264564169952,2.272057089653931e-06
20,Un ojo al gato y otro al garabato,1.0,1.012264564169952,2.272057089653931e-06
20,Un problème difficile,1.0,1.012264564169952,2.272057089653931e-06
20,Un trou dans la caisse,1.0,1.012264564169952,2.272057089653931e-06
20,Una dieta para después de las Navidades,1.0,1.012264564169952,2.272057089653931e-06
20,Una donna di notte,1.0,1.012264564169952,2.272057089653931e-06
20,Una forca per 3 vigliacchi,1.0,1.012264564169952,2.272057089653931e-06
20,Una giornata nella capitale,1.0,1.012264564169952,2.272057089653931e-06
20,Una noche de garufa,1.0,1.012264564169952,2.272057089653931e-06
20,Uncivil Liberties,1.0,1.012264564169952,2.272057089653931e-06
20,Uncle Dan,1.0,1.012264564169952,2.272057089653931e-06
20,Undead Knights,1.0,1.012264564169952,2.272057089653931e-06
20,Under the Bridge,1.0,1.012264564169952,2.272057089653931e-06
20,Underbelly - Destiny Church,1.0,1.012264564169952,2.272057089653931e-06
20,Undercover,1.0,1.012264564169952,2.272057089653931e-06
20,Underground Gardens,1.0,1.012264564169952,2.272057089653931e-06
20,Une soirée rock - 2ème partie,1.0,1.012264564169952,2.272057089653931e-06
20,Unforgettable Wedding Gift,1.0,1.012264564169952,2.272057089653931e-06
20,Uninverso,1.0,1.012264564169952,2.272057089653931e-06
20,Universal Variety View 7353: Spirit of Democracy,1.0,1.012264564169952,2.272057089653931e-06
20,Unmei no tane nakayoshi purinsesu!?,1.0,1.012264564169952,2.272057089653931e-06
20,Unsecured Loan,1.0,1.012264564169952,2.272057089653931e-06
20,Unspoken,1.0,1.012264564169952,2.272057089653931e-06
20,Unter Schock,1.0,1.012264564169952,2.272057089653931e-06
20,Untitled,1.0,1.012264564169952,2.272057089653931e-06
20,Untitled Barbara Jordan Biopic,1.0,1.012264564169952,2.272057089653931e-06
20,Untitled Laura Vikmanis Project,1.0,1.012264564169952,2.272057089653931e-06
20,Untitled.,1.0,1.012264564169952,2.272057089653931e-06
20,Unutar kruga,1.0,1.012264564169952,2.272057089653931e-06
20,Up and Over,1.0,1.012264564169952,2.272057089653931e-06
20,Ups & Downs,1.0,1.012264564169952,2.272057089653931e-06
20,Upstaged,1.0,1.012264564169952,2.272057089653931e-06
20,Uptown Comic,1.0,1.012264564169952,2.272057089653931e-06
20,Urideului ilgeuleojin yeongung,1.0,1.012264564169952,2.272057089653931e-06
20,Urok po tzigulka - I,1.0,1.012264564169952,2.272057089653931e-06
20,USA: New Orleans,1.0,1.012264564169952,2.272057089653931e-06
20,Uskotko sinä?,1.0,1.012264564169952,2.272057089653931e-06
20,Vacheries,1.0,1.012264564169952,2.272057089653931e-06
20,Vajra Mushti,1.0,1.012264564169952,2.272057089653931e-06
20,Vale of the Unicorns,1.0,1.012264564169952,2.272057089653931e-06
20,Valencia y sus flores,1.0,1.012264564169952,2.272057089653931e-06
20,Valiente Brothers,1.0,1.012264564169952,2.272057089653931e-06
20,Valle de lágrimas,1.0,1.012264564169952,2.272057089653931e-06
20,Valle fértil,1.0,1.012264564169952,2.272057089653931e-06
20,VAmL,1.0,1.012264564169952,2.272057089653931e-06
20,Vampire Bodyguard,1.0,1.012264564169952,2.272057089653931e-06
20,"Vamps, Blood & Smoking Guns",1.0,1.012264564169952,2.272057089653931e-06
20,Vanguard Dispatch,1.0,1.012264564169952,2.272057089653931e-06
20,Vappu Helsingissä 1914,1.0,1.012264564169952,2.272057089653931e-06
20,Varði Goes Europe,1.0,1.012264564169952,2.272057089653931e-06
20,Vater gesucht,1.0,1.012264564169952,2.272057089653931e-06
20,Veliki Brat VIP 2 - Dan 2,1.0,1.012264564169952,2.272057089653931e-06
20,Veljensä vartija,1.0,1.012264564169952,2.272057089653931e-06
20,Velké finále,1.0,1.012264564169952,2.272057089653931e-06
20,"Vem spökar, Alfons Åberg?",1.0,1.012264564169952,2.272057089653931e-06
20,Vendetta Revolution,1.0,1.012264564169952,2.272057089653931e-06
20,Veränderungen,1.0,1.012264564169952,2.272057089653931e-06
20,Verdejo gobierna en Vallaflor,1.0,1.012264564169952,2.272057089653931e-06
20,Vernon Howe Bailey's Sketchbook of Boston,1.0,1.012264564169952,2.272057089653931e-06
20,Verrassing,1.0,1.012264564169952,2.272057089653931e-06
20,Verraten und verkauft,1.0,1.012264564169952,2.272057089653931e-06
20,Vers des rêves impossibles,1.0,1.012264564169952,2.272057089653931e-06
20,VH1 to One: Mariah Carey,1.0,1.012264564169952,2.272057089653931e-06
20,Vi er alle guder,1.0,1.012264564169952,2.272057089653931e-06
20,Via Emilia Km 147,1.0,1.012264564169952,2.272057089653931e-06
20,Vichitra Vivaham,1.0,1.012264564169952,2.272057089653931e-06
20,Video Games,1.0,1.012264564169952,2.272057089653931e-06
20,Videography,1.0,1.012264564169952,2.272057089653931e-06
20,Vieilles canailles,1.0,1.012264564169952,2.272057089653931e-06
20,Viertelfinale 1,1.0,1.012264564169952,2.272057089653931e-06
20,Vietnam POWs: A Story of Survival,1.0,1.012264564169952,2.272057089653931e-06
20,Viktoria ja hänen husaarinsa,1.0,1.012264564169952,2.272057089653931e-06
20,Vincent,1.0,1.012264564169952,2.272057089653931e-06
20,Vindhyarani,1.0,1.012264564169952,2.272057089653931e-06
20,"Vingt ans plus tard les lesbiennes se font toujours du cinéma, et heureusement!",1.0,1.012264564169952,2.272057089653931e-06
20,Vintage Snow Mobile,1.0,1.012264564169952,2.272057089653931e-06
20,Violanta,1.0,1.012264564169952,2.272057089653931e-06
20,Violins and Dolphins,1.0,1.012264564169952,2.272057089653931e-06
20,Virginity,1.0,1.012264564169952,2.272057089653931e-06
20,Visage de chien,1.0,1.012264564169952,2.272057089653931e-06
20,Visions of America,1.0,1.012264564169952,2.272057089653931e-06
20,Visitor from Italy,1.0,1.012264564169952,2.272057089653931e-06
20,Vistas al mar,1.0,1.012264564169952,2.272057089653931e-06
20,Vita Futurista: Italian Futurism 1909-44,1.0,1.012264564169952,2.272057089653931e-06
20,Volare - La grande storia di Domenico Modugno,1.0,1.012264564169952,2.272057089653931e-06
20,Vollgewichste Gangbang Schlampen 13,1.0,1.012264564169952,2.272057089653931e-06
20,Voltron: The Third Dimension,1.0,1.012264564169952,2.272057089653931e-06
20,Von miesen Drecksäcken untergebuttert...,1.0,1.012264564169952,2.272057089653931e-06
20,Vote for Murder,1.0,1.012264564169952,2.272057089653931e-06
20,Vote of Confidence,1.0,1.012264564169952,2.272057089653931e-06
20,Voyage au jardin des morts,1.0,1.012264564169952,2.272057089653931e-06
20,Vremya 'X',1.0,1.012264564169952,2.272057089653931e-06
20,Vsechno nejlepsi!,1.0,1.012264564169952,2.272057089653931e-06
20,Vtoroye tsveteniye,1.0,1.012264564169952,2.272057089653931e-06
20,Vue panoramique de Barcelone,1.0,1.012264564169952,2.272057089653931e-06
20,Vyhrázky,1.0,1.012264564169952,2.272057089653931e-06
20,Výlet k mori: part 2,1.0,1.012264564169952,2.272057089653931e-06
20,Waiting for Godot,1.0,1.012264564169952,2.272057089653931e-06
20,Waiting for the Man,1.0,1.012264564169952,2.272057089653931e-06
20,Wake Up and Dream,1.0,1.012264564169952,2.272057089653931e-06
20,Wake Up Divas,1.0,1.012264564169952,2.272057089653931e-06
20,Wake Up Dog,1.0,1.012264564169952,2.272057089653931e-06
20,Waking Up,1.0,1.012264564169952,2.272057089653931e-06
20,Waking Up: The Untitled Will Project,1.0,1.012264564169952,2.272057089653931e-06
20,Waldheim-KGB Agent Kurt,1.0,1.012264564169952,2.272057089653931e-06
20,Waltrauds Krise,1.0,1.012264564169952,2.272057089653931e-06
20,Wandering Wilfred's April Fool's Day,1.0,1.012264564169952,2.272057089653931e-06
20,Wanted: Who Murdered Derek?,1.0,1.012264564169952,2.272057089653931e-06
20,War ich gut?,1.0,1.012264564169952,2.272057089653931e-06
20,War Is Heck,1.0,1.012264564169952,2.272057089653931e-06
20,War Photographers,1.0,1.012264564169952,2.272057089653931e-06
20,Warden of Red Rock,1.0,1.012264564169952,2.272057089653931e-06
20,Warum die Union wählen?,1.0,1.012264564169952,2.272057089653931e-06
20,Washington Nationals vs. Atlanta Braves,1.0,1.012264564169952,2.272057089653931e-06
20,Waste Not Want Not: Report Outlines Growing Food Waste,1.0,1.012264564169952,2.272057089653931e-06
20,Waterloo,1.0,1.012264564169952,2.272057089653931e-06
20,Wayne Sleep,1.0,1.012264564169952,2.272057089653931e-06
20,We Are All Suspect,1.0,1.012264564169952,2.272057089653931e-06
20,We Shall Live Forever,1.0,1.012264564169952,2.272057089653931e-06
20,Week Eight: Results,1.0,1.012264564169952,2.272057089653931e-06
20,Week Eleven: The Semi-Final,1.0,1.012264564169952,2.272057089653931e-06
20,Weekend in Chianti,1.0,1.012264564169952,2.272057089653931e-06
20,Weekend Warriors,1.0,1.012264564169952,2.272057089653931e-06
20,Wei wen,1.0,1.012264564169952,2.272057089653931e-06
20,West of Here,1.0,1.012264564169952,2.272057089653931e-06
20,West of the Rockies,1.0,1.012264564169952,2.272057089653931e-06
20,What's in It for Mia?,1.0,1.012264564169952,2.272057089653931e-06
20,What a Wonderful Wintery Day!,1.0,1.012264564169952,2.272057089653931e-06
20,What Becomes of the Broken-Hearted,1.0,1.012264564169952,2.272057089653931e-06
20,"What Happens in Hawaii, Stays in Hawaii",1.0,1.012264564169952,2.272057089653931e-06
20,What Is Progress?,1.0,1.012264564169952,2.272057089653931e-06
20,What Price Fleadom,1.0,1.012264564169952,2.272057089653931e-06
20,What Shall We Do Tomorrow?,1.0,1.012264564169952,2.272057089653931e-06
20,What Would Jesus Do?,1.0,1.012264564169952,2.272057089653931e-06
20,When It Ended in Tears,1.0,1.012264564169952,2.272057089653931e-06
20,When Moms Collide,1.0,1.012264564169952,2.272057089653931e-06
20,Where's Maggie/The Bunny Slippers/The Windy Day,1.0,1.012264564169952,2.272057089653931e-06
20,Where's My Penguin?,1.0,1.012264564169952,2.272057089653931e-06
20,Where Are We Going?,1.0,1.012264564169952,2.272057089653931e-06
20,Where Do We Go from Here?,1.0,1.012264564169952,2.272057089653931e-06
20,Whispers: An Elephant's Tale,1.0,1.012264564169952,2.272057089653931e-06
20,"Whistle-Stop Tour: Stockbridge, MA",1.0,1.012264564169952,2.272057089653931e-06
20,White Bubble Butt Sluts,1.0,1.012264564169952,2.272057089653931e-06
20,White Family,1.0,1.012264564169952,2.272057089653931e-06
20,White Out,1.0,1.012264564169952,2.272057089653931e-06
20,White Trash Noir,1.0,1.012264564169952,2.272057089653931e-06
20,Who Said Watermelon,1.0,1.012264564169952,2.272057089653931e-06
20,Wholly Trinity,1.0,1.012264564169952,2.272057089653931e-06
20,Whoops Apocalypse,1.0,1.012264564169952,2.272057089653931e-06
20,Why Dickie Can't Teach,1.0,1.012264564169952,2.272057089653931e-06
20,Why Papa?,1.0,1.012264564169952,2.272057089653931e-06
20,Wi-tri,1.0,1.012264564169952,2.272057089653931e-06
20,Wicked Fit,1.0,1.012264564169952,2.272057089653931e-06
20,Wie is de Mol?,1.0,1.012264564169952,2.272057089653931e-06
20,Wie käuflich ist die Liebe?,1.0,1.012264564169952,2.272057089653931e-06
20,Wild Card 1,1.0,1.012264564169952,2.272057089653931e-06
20,Wild Things,1.0,1.012264564169952,2.272057089653931e-06
20,Wild Turkey,1.0,1.012264564169952,2.272057089653931e-06
20,Wildlife Wars,1.0,1.012264564169952,2.272057089653931e-06
20,Will Mutya Get Away from Her Kidnapper or Will Her Secret Be Revealed?,1.0,1.012264564169952,2.272057089653931e-06
20,Will Stella Find True Love with Norris Fairburn?,1.0,1.012264564169952,2.272057089653931e-06
20,Will the Real Dr. Howser Please Stand Up,1.0,1.012264564169952,2.272057089653931e-06
20,Will the Real Jack Tripper...,1.0,1.012264564169952,2.272057089653931e-06
20,Will Tiago Survive Max's Wrath?,1.0,1.012264564169952,2.272057089653931e-06
20,William's Week,1.0,1.012264564169952,2.272057089653931e-06
20,William Hague MP,1.0,1.012264564169952,2.272057089653931e-06
20,Willie and Starlight,1.0,1.012264564169952,2.272057089653931e-06
20,Windige Probleme,1.0,1.012264564169952,2.272057089653931e-06
20,Wings: Part 1,1.0,1.012264564169952,2.272057089653931e-06
20,Wiping,1.0,1.012264564169952,2.272057089653931e-06
20,Wish,1.0,1.012264564169952,2.272057089653931e-06
20,With Use of Bath,1.0,1.012264564169952,2.272057089653931e-06
20,Without a Hitch,1.0,1.012264564169952,2.272057089653931e-06
20,Without Reservations,1.0,1.012264564169952,2.272057089653931e-06
20,Witness,1.0,1.012264564169952,2.272057089653931e-06
20,Wo ist Morino?,1.0,1.012264564169952,2.272057089653931e-06
20,Woede,1.0,1.012264564169952,2.272057089653931e-06
20,Women Seeking Women 1,1.0,1.012264564169952,2.272057089653931e-06
20,Women Who've Made Millions,1.0,1.012264564169952,2.272057089653931e-06
20,Wonderful London: London's Contrasts,1.0,1.012264564169952,2.272057089653931e-06
20,Wonders (3D),1.0,1.012264564169952,2.272057089653931e-06
20,Woody Hayes,1.0,1.012264564169952,2.272057089653931e-06
20,Woozy Gets Sick,1.0,1.012264564169952,2.272057089653931e-06
20,Working Mother,1.0,1.012264564169952,2.272057089653931e-06
20,World Extreme Cagefighting,1.0,1.012264564169952,2.272057089653931e-06
20,Wrecked,1.0,1.012264564169952,2.272057089653931e-06
20,WSOP Main Event: Part 3,1.0,1.012264564169952,2.272057089653931e-06
20,Wunder Punkt,1.0,1.012264564169952,2.272057089653931e-06
20,Wycieczka w kosmos,1.0,1.012264564169952,2.272057089653931e-06
20,Xiong xin tai zi,1.0,1.012264564169952,2.272057089653931e-06
20,Yagûchi no watashi,1.0,1.012264564169952,2.272057089653931e-06
20,Yam HaMelach,1.0,1.012264564169952,2.272057089653931e-06
20,Yern Peh Lay semakute,1.0,1.012264564169952,2.272057089653931e-06
20,Yesil kurbagalar,1.0,1.012264564169952,2.272057089653931e-06
20,Yesterday's Heroes,1.0,1.012264564169952,2.272057089653931e-06
20,Yi tian tu long ji,1.0,1.012264564169952,2.272057089653931e-06
20,Yogi and the Unicorn,1.0,1.012264564169952,2.272057089653931e-06
20,Yöjuttu: Merkitty,1.0,1.012264564169952,2.272057089653931e-06
20,Yôkai: Mabuta no haha (zenpen),1.0,1.012264564169952,2.272057089653931e-06
20,Yôkame no semi,1.0,1.012264564169952,2.272057089653931e-06
20,You've Got... Jill Zarin,1.0,1.012264564169952,2.272057089653931e-06
20,You Didn't Know?,1.0,1.012264564169952,2.272057089653931e-06
20,You Groovy Muckers,1.0,1.012264564169952,2.272057089653931e-06
20,You Shall Not Leave the Way!,1.0,1.012264564169952,2.272057089653931e-06
20,You Should Have Tried...,1.0,1.012264564169952,2.272057089653931e-06
20,"You Worry Too Much, Charlie: Part 2",1.0,1.012264564169952,2.272057089653931e-06
20,Young and Foolish,1.0,1.012264564169952,2.272057089653931e-06
20,Young Doctors in Heat,1.0,1.012264564169952,2.272057089653931e-06
20,Young Love,1.0,1.012264564169952,2.272057089653931e-06
20,Youngers,1.0,1.012264564169952,2.272057089653931e-06
20,Your Heart Makeover,1.0,1.012264564169952,2.272057089653931e-06
20,Your Softer Side w/ Craig Bierko,1.0,1.012264564169952,2.272057089653931e-06
20,Yurusarezaru inochi,1.0,1.012264564169952,2.272057089653931e-06
20,Za karate,1.0,1.012264564169952,2.272057089653931e-06
20,Ze go ah ba zan bau za,1.0,1.012264564169952,2.272057089653931e-06
20,Zen and the Art of Getting Over It,1.0,1.012264564169952,2.272057089653931e-06
20,Zenia,1.0,1.012264564169952,2.272057089653931e-06
20,Zero Hour,1.0,1.012264564169952,2.272057089653931e-06
20,Zhai bei gao bei hou,1.0,1.012264564169952,2.272057089653931e-06
20,Zi zeon mou soeng II - Wing baa tin haa,1.0,1.012264564169952,2.272057089653931e-06
20,Zip It,1.0,1.012264564169952,2.272057089653931e-06
20,Zirkus des Lebens,1.0,1.012264564169952,2.272057089653931e-06
20,Zirkus Rojinski,1.0,1.012264564169952,2.272057089653931e-06
20,Zoku akutokui: Joi-hen,1.0,1.012264564169952,2.272057089653931e-06
20,Zombie Reagan Raised from Grave to Lead GOP,1.0,1.012264564169952,2.272057089653931e-06
20,Zone of Fear,1.0,1.012264564169952,2.272057089653931e-06
20,Zone Train,1.0,1.012264564169952,2.272057089653931e-06
20,Zum Papst nach Rom,1.0,1.012264564169952,2.272057089653931e-06
20,Zwei neue auf Schloss Einstein,1.0,1.012264564169952,2.272057089653931e-06
