bucket,query_value,actual_frequency,estimated_frequency,selectivity_error
1,#4.2: The Secret,1.0,1.0,0.0
1,&Me,1.0,1.0,0.0
1,(#1.0),1.0,1.0,0.0
2,(#1.10),11.0,11.0,0.0
3,(#1.10059),1.0,1.2682926829268293,8.495651770957229e-05
3,(#1.10100),1.0,1.2682926829268293,8.495651770957229e-05
3,(#1.1013),1.0,1.2682926829268293,8.495651770957229e-05
3,(#1.104),1.0,1.2682926829268293,8.495651770957229e-05
3,(#1.1046),1.0,1.2682926829268293,8.495651770957229e-05
3,(#1.105),1.0,1.2682926829268293,8.495651770957229e-05
3,(#1.10517),1.0,1.2682926829268293,8.495651770957229e-05
3,(#1.106),2.0,1.2682926829268293,0.00023169959375337893
3,(#1.108),1.0,1.2682926829268293,8.495651770957229e-05
3,(#1.109),2.0,1.2682926829268293,0.00023169959375337893
3,(#1.10905),1.0,1.2682926829268293,8.495651770957229e-05
3,(#1.11),5.0,1.2682926829268293,0.0011816679281422325
3,(#1.110),1.0,1.2682926829268293,8.495651770957229e-05
3,(#1.11047),1.0,1.2682926829268293,8.495651770957229e-05
3,(#1.111),1.0,1.2682926829268293,8.495651770957229e-05
3,(#1.114),1.0,1.2682926829268293,8.495651770957229e-05
3,(#1.1161),1.0,1.2682926829268293,8.495651770957229e-05
3,(#1.117),1.0,1.2682926829268293,8.495651770957229e-05
3,(#1.118),1.0,1.2682926829268293,8.495651770957229e-05
3,(#1.121),1.0,1.2682926829268293,8.495651770957229e-05
3,(#1.127),1.0,1.2682926829268293,8.495651770957229e-05
3,(#1.130),2.0,1.2682926829268293,0.00023169959375337893
3,(#1.1300),1.0,1.2682926829268293,8.495651770957229e-05
3,(#1.132),1.0,1.2682926829268293,8.495651770957229e-05
3,(#1.13253),1.0,1.2682926829268293,8.495651770957229e-05
3,(#1.133),1.0,1.2682926829268293,8.495651770957229e-05
3,(#1.135),1.0,1.2682926829268293,8.495651770957229e-05
3,(#1.136),1.0,1.2682926829268293,8.495651770957229e-05
3,(#1.137),1.0,1.2682926829268293,8.495651770957229e-05
3,(#1.1373),1.0,1.2682926829268293,8.495651770957229e-05
3,(#1.139),2.0,1.2682926829268293,0.00023169959375337893
3,(#1.14),2.0,1.2682926829268293,0.00023169959375337893
3,(#1.1451),1.0,1.2682926829268293,8.495651770957229e-05
3,(#1.146),1.0,1.2682926829268293,8.495651770957229e-05
3,(#1.147),3.0,1.2682926829268293,0.0005483557052163301
3,(#1.1491),1.0,1.2682926829268293,8.495651770957229e-05
3,(#1.1560),1.0,1.2682926829268293,8.495651770957229e-05
3,(#1.16),1.0,1.2682926829268293,8.495651770957229e-05
3,(#1.162),1.0,1.2682926829268293,8.495651770957229e-05
3,(#1.1626),1.0,1.2682926829268293,8.495651770957229e-05
3,(#1.1643),1.0,1.2682926829268293,8.495651770957229e-05
4,(#1.17),7.0,7.0,0.0
5,(#1.171),1.0,1.25,7.916402786573781e-05
5,(#1.176),2.0,1.25,0.00023749208359721342
5,(#1.177),1.0,1.25,7.916402786573781e-05
5,(#1.179),1.0,1.25,7.916402786573781e-05
6,(#1.18),5.0,5.0,0.0
7,(#1.185),2.0,1.169811320754717,0.00026288431895037464
7,(#1.19),1.0,1.169811320754717,5.377179251257661e-05
7,(#1.191),1.0,1.169811320754717,5.377179251257661e-05
7,(#1.1916),1.0,1.169811320754717,5.377179251257661e-05
7,(#1.1935),1.0,1.169811320754717,5.377179251257661e-05
7,(#1.195),1.0,1.169811320754717,5.377179251257661e-05
7,(#1.1953),1.0,1.169811320754717,5.377179251257661e-05
7,(#1.199),1.0,1.169811320754717,5.377179251257661e-05
7,(#1.20),2.0,1.169811320754717,0.00026288431895037464
7,(#1.2043),1.0,1.169811320754717,5.377179251257661e-05
7,(#1.2057),1.0,1.169811320754717,5.377179251257661e-05
7,(#1.2064),1.0,1.169811320754717,5.377179251257661e-05
7,(#1.207),1.0,1.169811320754717,5.377179251257661e-05
7,(#1.219),2.0,1.169811320754717,0.00026288431895037464
7,(#1.2207),1.0,1.169811320754717,5.377179251257661e-05
7,(#1.228),1.0,1.169811320754717,5.377179251257661e-05
7,(#1.23),3.0,1.169811320754717,0.0005795404304133259
7,(#1.2312),1.0,1.169811320754717,5.377179251257661e-05
7,(#1.232),1.0,1.169811320754717,5.377179251257661e-05
7,(#1.2360),1.0,1.169811320754717,5.377179251257661e-05
7,(#1.24),2.0,1.169811320754717,0.00026288431895037464
7,(#1.2451),1.0,1.169811320754717,5.377179251257661e-05
7,(#1.25),1.0,1.169811320754717,5.377179251257661e-05
7,(#1.258),1.0,1.169811320754717,5.377179251257661e-05
7,(#1.259),1.0,1.169811320754717,5.377179251257661e-05
7,(#1.270),1.0,1.169811320754717,5.377179251257661e-05
7,(#1.274),1.0,1.169811320754717,5.377179251257661e-05
7,(#1.280),1.0,1.169811320754717,5.377179251257661e-05
7,(#1.281),1.0,1.169811320754717,5.377179251257661e-05
7,(#1.2812),1.0,1.169811320754717,5.377179251257661e-05
7,(#1.29),1.0,1.169811320754717,5.377179251257661e-05
7,(#1.290),1.0,1.169811320754717,5.377179251257661e-05
7,(#1.298),1.0,1.169811320754717,5.377179251257661e-05
7,(#1.30),1.0,1.169811320754717,5.377179251257661e-05
7,(#1.3006),1.0,1.169811320754717,5.377179251257661e-05
7,(#1.3065),1.0,1.169811320754717,5.377179251257661e-05
7,(#1.3108),1.0,1.169811320754717,5.377179251257661e-05
7,(#1.316),1.0,1.169811320754717,5.377179251257661e-05
7,(#1.3178),1.0,1.169811320754717,5.377179251257661e-05
7,(#1.3184),1.0,1.169811320754717,5.377179251257661e-05
7,(#1.32),1.0,1.169811320754717,5.377179251257661e-05
7,(#1.332),1.0,1.169811320754717,5.377179251257661e-05
7,(#1.333),1.0,1.169811320754717,5.377179251257661e-05
7,(#1.334),1.0,1.169811320754717,5.377179251257661e-05
7,(#1.3453),1.0,1.169811320754717,5.377179251257661e-05
7,(#1.35),2.0,1.169811320754717,0.00026288431895037464
7,(#1.3579),1.0,1.169811320754717,5.377179251257661e-05
7,(#1.36),3.0,1.169811320754717,0.0005795404304133259
7,(#1.3662),1.0,1.169811320754717,5.377179251257661e-05
7,(#1.38),1.0,1.169811320754717,5.377179251257661e-05
7,(#1.389),1.0,1.169811320754717,5.377179251257661e-05
7,(#1.39),1.0,1.169811320754717,5.377179251257661e-05
7,(#1.3973),1.0,1.169811320754717,5.377179251257661e-05
8,(#1.4),13.0,13.0,0.0
9,(#1.40),2.0,1.1428571428571428,0.0002714195241111011
9,(#1.4121),1.0,1.1428571428571428,4.523658735185016e-05
9,(#1.4132),1.0,1.1428571428571428,4.523658735185016e-05
9,(#1.4146),1.0,1.1428571428571428,4.523658735185016e-05
9,(#1.423),1.0,1.1428571428571428,4.523658735185016e-05
9,(#1.4254),1.0,1.1428571428571428,4.523658735185016e-05
9,(#1.43),1.0,1.1428571428571428,4.523658735185016e-05
10,(#1.44),6.0,6.0,0.0
11,(#1.4535),1.0,1.0,0.0
11,(#1.46),1.0,1.0,0.0
11,(#1.4735),1.0,1.0,0.0
11,(#1.4768),1.0,1.0,0.0
11,(#1.4796),1.0,1.0,0.0
11,(#1.4972),1.0,1.0,0.0
11,(#1.498),1.0,1.0,0.0
11,(#1.499),1.0,1.0,0.0
12,(#1.5),8.0,8.0,0.0
13,(#1.50),1.0,1.1304347826086956,4.130297106038492e-05
13,(#1.5132),1.0,1.1304347826086956,4.130297106038492e-05
13,(#1.52),1.0,1.1304347826086956,4.130297106038492e-05
13,(#1.528),1.0,1.1304347826086956,4.130297106038492e-05
13,(#1.53),4.0,1.1304347826086956,0.0009086653633284689
13,(#1.5321),1.0,1.1304347826086956,4.130297106038492e-05
13,(#1.5369),1.0,1.1304347826086956,4.130297106038492e-05
13,(#1.54),1.0,1.1304347826086956,4.130297106038492e-05
13,(#1.5419),1.0,1.1304347826086956,4.130297106038492e-05
13,(#1.5440),1.0,1.1304347826086956,4.130297106038492e-05
13,(#1.5480),1.0,1.1304347826086956,4.130297106038492e-05
13,(#1.55),1.0,1.1304347826086956,4.130297106038492e-05
13,(#1.553),1.0,1.1304347826086956,4.130297106038492e-05
13,(#1.557),1.0,1.1304347826086956,4.130297106038492e-05
13,(#1.56),1.0,1.1304347826086956,4.130297106038492e-05
13,(#1.5645),1.0,1.1304347826086956,4.130297106038492e-05
13,(#1.566),1.0,1.1304347826086956,4.130297106038492e-05
13,(#1.5664),1.0,1.1304347826086956,4.130297106038492e-05
13,(#1.5950),1.0,1.1304347826086956,4.130297106038492e-05
13,(#1.60),3.0,1.1304347826086956,0.0005920092518655176
13,(#1.6018),1.0,1.1304347826086956,4.130297106038492e-05
13,(#1.604),1.0,1.1304347826086956,4.130297106038492e-05
13,(#1.6050),1.0,1.1304347826086956,4.130297106038492e-05
13,(#1.6082),1.0,1.1304347826086956,4.130297106038492e-05
13,(#1.61),1.0,1.1304347826086956,4.130297106038492e-05
13,(#1.621),1.0,1.1304347826086956,4.130297106038492e-05
13,(#1.6234),1.0,1.1304347826086956,4.130297106038492e-05
13,(#1.6321),1.0,1.1304347826086956,4.130297106038492e-05
13,(#1.6403),1.0,1.1304347826086956,4.130297106038492e-05
13,(#1.6433),1.0,1.1304347826086956,4.130297106038492e-05
13,(#1.6434),1.0,1.1304347826086956,4.130297106038492e-05
13,(#1.65),1.0,1.1304347826086956,4.130297106038492e-05
13,(#1.670),1.0,1.1304347826086956,4.130297106038492e-05
13,(#1.6979),1.0,1.1304347826086956,4.130297106038492e-05
13,(#1.70),1.0,1.1304347826086956,4.130297106038492e-05
13,(#1.709),1.0,1.1304347826086956,4.130297106038492e-05
13,(#1.710),1.0,1.1304347826086956,4.130297106038492e-05
13,(#1.731),1.0,1.1304347826086956,4.130297106038492e-05
13,(#1.7374),1.0,1.1304347826086956,4.130297106038492e-05
13,(#1.7413),1.0,1.1304347826086956,4.130297106038492e-05
13,(#1.75),1.0,1.1304347826086956,4.130297106038492e-05
13,(#1.7577),1.0,1.1304347826086956,4.130297106038492e-05
13,(#1.766),1.0,1.1304347826086956,4.130297106038492e-05
13,(#1.77),2.0,1.1304347826086956,0.0002753531404025663
13,(#1.771),1.0,1.1304347826086956,4.130297106038492e-05
13,(#1.78),1.0,1.1304347826086956,4.130297106038492e-05
14,(#1.8),10.0,10.0,0.0
15,(#1.80),1.0,1.08,2.533248891703612e-05
15,(#1.8043),1.0,1.08,2.533248891703612e-05
15,(#1.815),1.0,1.08,2.533248891703612e-05
15,(#1.82),2.0,1.08,0.0002913236225459151
15,(#1.8294),1.0,1.08,2.533248891703612e-05
15,(#1.8312),1.0,1.08,2.533248891703612e-05
15,(#1.84),1.0,1.08,2.533248891703612e-05
15,(#1.85),1.0,1.08,2.533248891703612e-05
15,(#1.86),1.0,1.08,2.533248891703612e-05
15,(#1.88),1.0,1.08,2.533248891703612e-05
15,(#1.90),1.0,1.08,2.533248891703612e-05
15,(#1.925),1.0,1.08,2.533248891703612e-05
15,(#1.929),1.0,1.08,2.533248891703612e-05
15,(#1.93),1.0,1.08,2.533248891703612e-05
15,(#1.9698),1.0,1.08,2.533248891703612e-05
15,(#1.97),1.0,1.08,2.533248891703612e-05
15,(#1.98),1.0,1.08,2.533248891703612e-05
15,(#1.984),1.0,1.08,2.533248891703612e-05
15,(#10.14),1.0,1.08,2.533248891703612e-05
15,(#10.23),1.0,1.08,2.533248891703612e-05
15,(#10.294),1.0,1.08,2.533248891703612e-05
15,(#10.56),1.0,1.08,2.533248891703612e-05
15,(#10.9),1.0,1.08,2.533248891703612e-05
15,(#11.12),1.0,1.08,2.533248891703612e-05
15,(#11.26),1.0,1.08,2.533248891703612e-05
15,(#11.56),1.0,1.08,2.533248891703612e-05
15,(#12.132),1.0,1.08,2.533248891703612e-05
15,(#12.14),1.0,1.08,2.533248891703612e-05
15,(#12.17),1.0,1.08,2.533248891703612e-05
15,(#12.33),1.0,1.08,2.533248891703612e-05
15,(#12.8),2.0,1.08,0.0002913236225459151
15,(#12.84),1.0,1.08,2.533248891703612e-05
15,(#13.6),2.0,1.08,0.0002913236225459151
15,(#13.68),1.0,1.08,2.533248891703612e-05
15,(#14.12),1.0,1.08,2.533248891703612e-05
15,(#14.16),1.0,1.08,2.533248891703612e-05
15,(#14.39),1.0,1.08,2.533248891703612e-05
15,(#14.43),1.0,1.08,2.533248891703612e-05
15,(#14.97),1.0,1.08,2.533248891703612e-05
15,(#15.138),1.0,1.08,2.533248891703612e-05
15,(#15.32),1.0,1.08,2.533248891703612e-05
15,(#15.6),1.0,1.08,2.533248891703612e-05
15,(#16.133),1.0,1.08,2.533248891703612e-05
15,(#16.152),2.0,1.08,0.0002913236225459151
15,(#16.80),1.0,1.08,2.533248891703612e-05
15,(#17.12),1.0,1.08,2.533248891703612e-05
15,(#17.127),1.0,1.08,2.533248891703612e-05
15,(#17.25),1.0,1.08,2.533248891703612e-05
15,(#18.100),1.0,1.08,2.533248891703612e-05
15,(#18.161),1.0,1.08,2.533248891703612e-05
16,(#2.1),3.0,1.7857142857142858,0.00038451099249072645
16,(#2.14),1.0,1.7857142857142858,0.000248801230435176
16,(#2.15),3.0,1.7857142857142858,0.00038451099249072645
16,(#2.152),1.0,1.7857142857142858,0.000248801230435176
16,(#2.162),1.0,1.7857142857142858,0.000248801230435176
16,(#2.17),2.0,1.7857142857142858,6.785488102777523e-05
16,(#2.182),1.0,1.7857142857142858,0.000248801230435176
16,(#2.19),1.0,1.7857142857142858,0.000248801230435176
16,(#2.190),1.0,1.7857142857142858,0.000248801230435176
16,(#2.195),1.0,1.7857142857142858,0.000248801230435176
16,(#2.2),6.0,1.7857142857142858,0.0013344793268795802
16,(#2.20),2.0,1.7857142857142858,6.785488102777523e-05
16,(#2.213),1.0,1.7857142857142858,0.000248801230435176
16,(#2.22),1.0,1.7857142857142858,0.000248801230435176
16,(#2.24),1.0,1.7857142857142858,0.000248801230435176
16,(#2.25),2.0,1.7857142857142858,6.785488102777523e-05
16,(#2.256),1.0,1.7857142857142858,0.000248801230435176
16,(#2.27),1.0,1.7857142857142858,0.000248801230435176
16,(#2.29),1.0,1.7857142857142858,0.000248801230435176
16,(#2.295),1.0,1.7857142857142858,0.000248801230435176
16,(#2.3),4.0,1.7857142857142858,0.0007011671039536777
16,(#2.4),4.0,1.7857142857142858,0.0007011671039536777
16,(#2.43),1.0,1.7857142857142858,0.000248801230435176
16,(#2.46),1.0,1.7857142857142858,0.000248801230435176
16,(#2.5),5.0,1.7857142857142858,0.001017823215416629
16,(#2.52),1.0,1.7857142857142858,0.000248801230435176
16,(#2.65),1.0,1.7857142857142858,0.000248801230435176
16,(#2.69),1.0,1.7857142857142858,0.000248801230435176
17,(#2.7),5.0,5.0,0.0
18,(#2.73),1.0,1.2058823529411764,6.519390530119582e-05
18,(#2.8),3.0,1.2058823529411764,0.0005681183176247066
18,(#2.81),1.0,1.2058823529411764,6.519390530119582e-05
18,(#2.9),2.0,1.2058823529411764,0.0002514622061617554
18,(#20.35),1.0,1.2058823529411764,6.519390530119582e-05
18,(#21.1),1.0,1.2058823529411764,6.519390530119582e-05
18,(#21.11),1.0,1.2058823529411764,6.519390530119582e-05
18,(#22.100),1.0,1.2058823529411764,6.519390530119582e-05
18,(#22.77),1.0,1.2058823529411764,6.519390530119582e-05
18,(#23.16),1.0,1.2058823529411764,6.519390530119582e-05
18,(#24.1),1.0,1.2058823529411764,6.519390530119582e-05
18,(#26.209),1.0,1.2058823529411764,6.519390530119582e-05
18,(#27.101),1.0,1.2058823529411764,6.519390530119582e-05
18,(#27.14),1.0,1.2058823529411764,6.519390530119582e-05
18,(#3.1),1.0,1.2058823529411764,6.519390530119582e-05
18,(#3.105),1.0,1.2058823529411764,6.519390530119582e-05
18,(#3.12),3.0,1.2058823529411764,0.0005681183176247066
18,(#3.13),2.0,1.2058823529411764,0.0002514622061617554
18,(#3.132),1.0,1.2058823529411764,6.519390530119582e-05
18,(#3.14),1.0,1.2058823529411764,6.519390530119582e-05
18,(#3.159),1.0,1.2058823529411764,6.519390530119582e-05
18,(#3.16),1.0,1.2058823529411764,6.519390530119582e-05
18,(#3.17),1.0,1.2058823529411764,6.519390530119582e-05
18,(#3.18),1.0,1.2058823529411764,6.519390530119582e-05
18,(#3.19),1.0,1.2058823529411764,6.519390530119582e-05
18,(#3.191),1.0,1.2058823529411764,6.519390530119582e-05
18,(#3.2),1.0,1.2058823529411764,6.519390530119582e-05
18,(#3.24),1.0,1.2058823529411764,6.519390530119582e-05
18,(#3.29),1.0,1.2058823529411764,6.519390530119582e-05
18,(#3.3),1.0,1.2058823529411764,6.519390530119582e-05
18,(#3.30),1.0,1.2058823529411764,6.519390530119582e-05
18,(#3.4),2.0,1.2058823529411764,0.0002514622061617554
18,(#3.46),1.0,1.2058823529411764,6.519390530119582e-05
18,(#3.48),1.0,1.2058823529411764,6.519390530119582e-05
19,(#3.5),5.0,3.0,0.0006333122229259025
19,(#3.57),1.0,3.0,0.0006333122229259025
19,(#3.8),3.0,3.0,0.0
19,(#3.84),1.0,3.0,0.0006333122229259025
19,(#3.9),5.0,3.0,0.0006333122229259025
20,(#30.6),1.0,1.0110578695171397,3.5015419623621653e-06
20,(#32.147),1.0,1.0110578695171397,3.5015419623621653e-06
20,(#33.61),1.0,1.0110578695171397,3.5015419623621653e-06
20,(#36.56),1.0,1.0110578695171397,3.5015419623621653e-06
20,(#39.113),1.0,1.0110578695171397,3.5015419623621653e-06
20,(#4.110),1.0,1.0110578695171397,3.5015419623621653e-06
20,(#4.16),1.0,1.0110578695171397,3.5015419623621653e-06
20,(#4.19),1.0,1.0110578695171397,3.5015419623621653e-06
20,(#4.2),3.0,1.0110578695171397,0.0006298106809635403
20,(#4.22),1.0,1.0110578695171397,3.5015419623621653e-06
20,(#4.229),1.0,1.0110578695171397,3.5015419623621653e-06
20,(#4.23),1.0,1.0110578695171397,3.5015419623621653e-06
20,(#4.265),1.0,1.0110578695171397,3.5015419623621653e-06
20,(#4.3),1.0,1.0110578695171397,3.5015419623621653e-06
20,(#4.309),1.0,1.0110578695171397,3.5015419623621653e-06
20,(#4.31),1.0,1.0110578695171397,3.5015419623621653e-06
20,(#4.43),1.0,1.0110578695171397,3.5015419623621653e-06
20,(#4.5),1.0,1.0110578695171397,3.5015419623621653e-06
20,(#4.6),1.0,1.0110578695171397,3.5015419623621653e-06
20,(#4.66),1.0,1.0110578695171397,3.5015419623621653e-06
20,(#4.93),1.0,1.0110578695171397,3.5015419623621653e-06
20,(#40.62),1.0,1.0110578695171397,3.5015419623621653e-06
20,(#47.18),1.0,1.0110578695171397,3.5015419623621653e-06
20,(#49.11),1.0,1.0110578695171397,3.5015419623621653e-06
20,(#5.14),1.0,1.0110578695171397,3.5015419623621653e-06
20,(#5.182),1.0,1.0110578695171397,3.5015419623621653e-06
20,(#5.2),1.0,1.0110578695171397,3.5015419623621653e-06
20,(#5.23),1.0,1.0110578695171397,3.5015419623621653e-06
20,(#5.3),2.0,1.0110578695171397,0.00031315456950058905
20,(#5.32),1.0,1.0110578695171397,3.5015419623621653e-06
20,(#5.45),2.0,1.0110578695171397,0.00031315456950058905
20,(#5.6),1.0,1.0110578695171397,3.5015419623621653e-06
20,(#5.64),1.0,1.0110578695171397,3.5015419623621653e-06
20,(#51.8),1.0,1.0110578695171397,3.5015419623621653e-06
20,(#55.16),1.0,1.0110578695171397,3.5015419623621653e-06
20,(#6.1),2.0,1.0110578695171397,0.00031315456950058905
20,(#6.13),1.0,1.0110578695171397,3.5015419623621653e-06
20,(#6.141),1.0,1.0110578695171397,3.5015419623621653e-06
20,(#6.16),1.0,1.0110578695171397,3.5015419623621653e-06
20,(#6.160),1.0,1.0110578695171397,3.5015419623621653e-06
20,(#6.17),1.0,1.0110578695171397,3.5015419623621653e-06
20,(#6.23),1.0,1.0110578695171397,3.5015419623621653e-06
20,(#6.25),1.0,1.0110578695171397,3.5015419623621653e-06
20,(#6.3),1.0,1.0110578695171397,3.5015419623621653e-06
20,(#6.37),1.0,1.0110578695171397,3.5015419623621653e-06
20,(#6.4),1.0,1.0110578695171397,3.5015419623621653e-06
20,(#6.46),1.0,1.0110578695171397,3.5015419623621653e-06
20,(#7.14),1.0,1.0110578695171397,3.5015419623621653e-06
20,(#7.189),1.0,1.0110578695171397,3.5015419623621653e-06
20,(#7.71),1.0,1.0110578695171397,3.5015419623621653e-06
20,(#8.14),1.0,1.0110578695171397,3.5015419623621653e-06
20,(#8.20),1.0,1.0110578695171397,3.5015419623621653e-06
20,(#8.200),1.0,1.0110578695171397,3.5015419623621653e-06
20,(#8.25),1.0,1.0110578695171397,3.5015419623621653e-06
20,(#8.27),1.0,1.0110578695171397,3.5015419623621653e-06
20,(#8.28),1.0,1.0110578695171397,3.5015419623621653e-06
20,(#8.4),1.0,1.0110578695171397,3.5015419623621653e-06
20,(#8.5),2.0,1.0110578695171397,0.00031315456950058905
20,(#9.12),1.0,1.0110578695171397,3.5015419623621653e-06
20,(#9.158),1.0,1.0110578695171397,3.5015419623621653e-06
20,(#9.18),1.0,1.0110578695171397,3.5015419623621653e-06
20,(#9.3),1.0,1.0110578695171397,3.5015419623621653e-06
20,(#9.33),1.0,1.0110578695171397,3.5015419623621653e-06
20,(#9.35),1.0,1.0110578695171397,3.5015419623621653e-06
20,(#9.72),1.0,1.0110578695171397,3.5015419623621653e-06
20,(#9.76),1.0,1.0110578695171397,3.5015419623621653e-06
20,(1948-05-20),1.0,1.0110578695171397,3.5015419623621653e-06
20,(1949-06-14),1.0,1.0110578695171397,3.5015419623621653e-06
20,(1950-08-09),1.0,1.0110578695171397,3.5015419623621653e-06
20,(1951-01-30),1.0,1.0110578695171397,3.5015419623621653e-06
20,(1951-02-05),1.0,1.0110578695171397,3.5015419623621653e-06
20,(1952-08-21),1.0,1.0110578695171397,3.5015419623621653e-06
20,(1957-12-06),1.0,1.0110578695171397,3.5015419623621653e-06
20,(1960-09-19),1.0,1.0110578695171397,3.5015419623621653e-06
20,(1960-11-27),1.0,1.0110578695171397,3.5015419623621653e-06
20,(1964-01-25),1.0,1.0110578695171397,3.5015419623621653e-06
20,(1964-03-18),1.0,1.0110578695171397,3.5015419623621653e-06
20,(1964-08-09),1.0,1.0110578695171397,3.5015419623621653e-06
20,(1964-11-05),1.0,1.0110578695171397,3.5015419623621653e-06
20,(1965-01-19),1.0,1.0110578695171397,3.5015419623621653e-06
20,(1965-10-07),1.0,1.0110578695171397,3.5015419623621653e-06
20,(1965-12-21),1.0,1.0110578695171397,3.5015419623621653e-06
20,(1966-02-10),1.0,1.0110578695171397,3.5015419623621653e-06
20,(1966-06-23),1.0,1.0110578695171397,3.5015419623621653e-06
20,(1968-12-01),1.0,1.0110578695171397,3.5015419623621653e-06
20,(1969-10-09),1.0,1.0110578695171397,3.5015419623621653e-06
20,(1970-06-01),1.0,1.0110578695171397,3.5015419623621653e-06
20,(1970-09-13),1.0,1.0110578695171397,3.5015419623621653e-06
20,(1970-10-04),1.0,1.0110578695171397,3.5015419623621653e-06
20,(1971-04-01),1.0,1.0110578695171397,3.5015419623621653e-06
20,(1971-04-12),1.0,1.0110578695171397,3.5015419623621653e-06
20,(1971-06-21),1.0,1.0110578695171397,3.5015419623621653e-06
20,(1971-09-07),1.0,1.0110578695171397,3.5015419623621653e-06
20,(1972-01-16),1.0,1.0110578695171397,3.5015419623621653e-06
20,(1972-05-05),1.0,1.0110578695171397,3.5015419623621653e-06
20,(1973-03-18),1.0,1.0110578695171397,3.5015419623621653e-06
20,(1974-01-09),1.0,1.0110578695171397,3.5015419623621653e-06
20,(1974-12-10),1.0,1.0110578695171397,3.5015419623621653e-06
20,(1975-06-20),1.0,1.0110578695171397,3.5015419623621653e-06
20,(1975-09-04),1.0,1.0110578695171397,3.5015419623621653e-06
20,(1976-12-21),1.0,1.0110578695171397,3.5015419623621653e-06
20,(1978-03-02),1.0,1.0110578695171397,3.5015419623621653e-06
20,(1978-03-30),1.0,1.0110578695171397,3.5015419623621653e-06
20,(1978-12-22),1.0,1.0110578695171397,3.5015419623621653e-06
20,(1979-02-02),1.0,1.0110578695171397,3.5015419623621653e-06
20,(1979-03-02),1.0,1.0110578695171397,3.5015419623621653e-06
20,(1979-04-04),1.0,1.0110578695171397,3.5015419623621653e-06
20,(1979-09-27),1.0,1.0110578695171397,3.5015419623621653e-06
20,(1979-10-06),1.0,1.0110578695171397,3.5015419623621653e-06
20,(1979-11-10),1.0,1.0110578695171397,3.5015419623621653e-06
20,(1979-12-09),1.0,1.0110578695171397,3.5015419623621653e-06
20,(1979-12-13),1.0,1.0110578695171397,3.5015419623621653e-06
20,(1981-05-29),1.0,1.0110578695171397,3.5015419623621653e-06
20,(1981-07-23),1.0,1.0110578695171397,3.5015419623621653e-06
20,(1983-03-25),1.0,1.0110578695171397,3.5015419623621653e-06
20,(1983-06-14),1.0,1.0110578695171397,3.5015419623621653e-06
20,(1983-07-12),1.0,1.0110578695171397,3.5015419623621653e-06
20,(1984-03-15),1.0,1.0110578695171397,3.5015419623621653e-06
20,(1984-06-07),1.0,1.0110578695171397,3.5015419623621653e-06
20,(1984-06-18),1.0,1.0110578695171397,3.5015419623621653e-06
20,(1984-09-11),1.0,1.0110578695171397,3.5015419623621653e-06
20,(1984-12-18),1.0,1.0110578695171397,3.5015419623621653e-06
20,(1985-02-20),1.0,1.0110578695171397,3.5015419623621653e-06
20,(1985-08-15),1.0,1.0110578695171397,3.5015419623621653e-06
20,(1986-04-19),1.0,1.0110578695171397,3.5015419623621653e-06
20,(1987-09-12),1.0,1.0110578695171397,3.5015419623621653e-06
20,(1988-06-27),1.0,1.0110578695171397,3.5015419623621653e-06
20,(1989-06-07),1.0,1.0110578695171397,3.5015419623621653e-06
20,(1989-07-18),1.0,1.0110578695171397,3.5015419623621653e-06
20,(1989-09-27),1.0,1.0110578695171397,3.5015419623621653e-06
20,(1989-12-03),1.0,1.0110578695171397,3.5015419623621653e-06
20,(1990-03-09),2.0,1.0110578695171397,0.00031315456950058905
20,(1990-04-28),1.0,1.0110578695171397,3.5015419623621653e-06
20,(1991-07-25),1.0,1.0110578695171397,3.5015419623621653e-06
20,(1991-10-11),1.0,1.0110578695171397,3.5015419623621653e-06
20,(1992-04-28),1.0,1.0110578695171397,3.5015419623621653e-06
20,(1992-07-30),1.0,1.0110578695171397,3.5015419623621653e-06
20,(1992-12-21),1.0,1.0110578695171397,3.5015419623621653e-06
20,(1993-01-14),1.0,1.0110578695171397,3.5015419623621653e-06
20,(1993-01-23),1.0,1.0110578695171397,3.5015419623621653e-06
20,(1993-10-08),1.0,1.0110578695171397,3.5015419623621653e-06
20,(1993-11-11),1.0,1.0110578695171397,3.5015419623621653e-06
20,(1993-12-20),1.0,1.0110578695171397,3.5015419623621653e-06
20,(1994-03-15),1.0,1.0110578695171397,3.5015419623621653e-06
20,(1994-06-13),1.0,1.0110578695171397,3.5015419623621653e-06
20,(1994-07-05),1.0,1.0110578695171397,3.5015419623621653e-06
20,(1994-07-08),1.0,1.0110578695171397,3.5015419623621653e-06
20,(1994-07-21),1.0,1.0110578695171397,3.5015419623621653e-06
20,(1994-07-26),1.0,1.0110578695171397,3.5015419623621653e-06
20,(1994-07-29),1.0,1.0110578695171397,3.5015419623621653e-06
20,(1994-10-21),1.0,1.0110578695171397,3.5015419623621653e-06
20,(1994-12-02),1.0,1.0110578695171397,3.5015419623621653e-06
20,(1995-03-22),1.0,1.0110578695171397,3.5015419623621653e-06
20,(1995-04-15),1.0,1.0110578695171397,3.5015419623621653e-06
20,(1995-06-21),1.0,1.0110578695171397,3.5015419623621653e-06
20,(1995-06-28),1.0,1.0110578695171397,3.5015419623621653e-06
20,(1995-07-27),2.0,1.0110578695171397,0.00031315456950058905
20,(1995-08-03),1.0,1.0110578695171397,3.5015419623621653e-06
20,(1995-09-06),1.0,1.0110578695171397,3.5015419623621653e-06
20,(1995-10-23),1.0,1.0110578695171397,3.5015419623621653e-06
20,(1995-11-06),1.0,1.0110578695171397,3.5015419623621653e-06
20,(1995-12-10),1.0,1.0110578695171397,3.5015419623621653e-06
20,(1995-12-18),1.0,1.0110578695171397,3.5015419623621653e-06
20,(1995-12-25),1.0,1.0110578695171397,3.5015419623621653e-06
20,(1996-01-03),1.0,1.0110578695171397,3.5015419623621653e-06
20,(1996-01-23),1.0,1.0110578695171397,3.5015419623621653e-06
20,(1996-02-21),1.0,1.0110578695171397,3.5015419623621653e-06
20,(1996-05-01),1.0,1.0110578695171397,3.5015419623621653e-06
20,(1996-07-08),1.0,1.0110578695171397,3.5015419623621653e-06
20,(1996-07-16),1.0,1.0110578695171397,3.5015419623621653e-06
20,(1996-07-19),1.0,1.0110578695171397,3.5015419623621653e-06
20,(1996-08-23),1.0,1.0110578695171397,3.5015419623621653e-06
20,(1996-09-11),1.0,1.0110578695171397,3.5015419623621653e-06
20,(1996-12-15),1.0,1.0110578695171397,3.5015419623621653e-06
20,(1997-01-20),1.0,1.0110578695171397,3.5015419623621653e-06
20,(1997-03-03),1.0,1.0110578695171397,3.5015419623621653e-06
20,(1997-07-02),1.0,1.0110578695171397,3.5015419623621653e-06
20,(1997-08-17),1.0,1.0110578695171397,3.5015419623621653e-06
20,(1998-02-18),1.0,1.0110578695171397,3.5015419623621653e-06
20,(1998-03-23),1.0,1.0110578695171397,3.5015419623621653e-06
20,(1998-04-12),1.0,1.0110578695171397,3.5015419623621653e-06
20,(1998-04-21),1.0,1.0110578695171397,3.5015419623621653e-06
20,(1998-04-28),1.0,1.0110578695171397,3.5015419623621653e-06
20,(1998-05-13),1.0,1.0110578695171397,3.5015419623621653e-06
20,(1998-06-07),1.0,1.0110578695171397,3.5015419623621653e-06
20,(1998-06-18),1.0,1.0110578695171397,3.5015419623621653e-06
20,(1998-06-19),1.0,1.0110578695171397,3.5015419623621653e-06
20,(1998-06-20),1.0,1.0110578695171397,3.5015419623621653e-06
20,(1998-07-11),1.0,1.0110578695171397,3.5015419623621653e-06
20,(1998-07-22),1.0,1.0110578695171397,3.5015419623621653e-06
20,(1998-10-31),1.0,1.0110578695171397,3.5015419623621653e-06
20,(1998-11-14),1.0,1.0110578695171397,3.5015419623621653e-06
20,(1999-01-28),1.0,1.0110578695171397,3.5015419623621653e-06
20,(1999-02-02),1.0,1.0110578695171397,3.5015419623621653e-06
20,(1999-02-04),1.0,1.0110578695171397,3.5015419623621653e-06
20,(1999-02-10),1.0,1.0110578695171397,3.5015419623621653e-06
20,(1999-02-16),1.0,1.0110578695171397,3.5015419623621653e-06
20,(1999-03-11),1.0,1.0110578695171397,3.5015419623621653e-06
20,(1999-03-25),1.0,1.0110578695171397,3.5015419623621653e-06
20,(1999-07-30),1.0,1.0110578695171397,3.5015419623621653e-06
20,(1999-08-14),1.0,1.0110578695171397,3.5015419623621653e-06
20,(1999-09-30),1.0,1.0110578695171397,3.5015419623621653e-06
20,(1999-10-06),1.0,1.0110578695171397,3.5015419623621653e-06
20,(1999-10-20),1.0,1.0110578695171397,3.5015419623621653e-06
20,(1999-10-22),1.0,1.0110578695171397,3.5015419623621653e-06
20,(1999-11-01),1.0,1.0110578695171397,3.5015419623621653e-06
20,(1999-11-13),1.0,1.0110578695171397,3.5015419623621653e-06
20,(1999-11-28),1.0,1.0110578695171397,3.5015419623621653e-06
20,(1999-12-07),1.0,1.0110578695171397,3.5015419623621653e-06
20,(2000-01-06),1.0,1.0110578695171397,3.5015419623621653e-06
20,(2000-02-10),2.0,1.0110578695171397,0.00031315456950058905
20,(2000-02-17),1.0,1.0110578695171397,3.5015419623621653e-06
20,(2000-04-20),1.0,1.0110578695171397,3.5015419623621653e-06
20,(2000-04-21),1.0,1.0110578695171397,3.5015419623621653e-06
20,(2000-04-23),1.0,1.0110578695171397,3.5015419623621653e-06
20,(2000-04-27),1.0,1.0110578695171397,3.5015419623621653e-06
20,(2000-06-01),1.0,1.0110578695171397,3.5015419623621653e-06
20,(2000-06-14),2.0,1.0110578695171397,0.00031315456950058905
20,(2000-06-16),1.0,1.0110578695171397,3.5015419623621653e-06
20,(2000-06-17),1.0,1.0110578695171397,3.5015419623621653e-06
20,(2000-06-18),1.0,1.0110578695171397,3.5015419623621653e-06
20,(2000-07-24),1.0,1.0110578695171397,3.5015419623621653e-06
20,(2000-09-23),1.0,1.0110578695171397,3.5015419623621653e-06
20,(2000-09-25),1.0,1.0110578695171397,3.5015419623621653e-06
20,(2000-11-13),1.0,1.0110578695171397,3.5015419623621653e-06
20,(2000-11-27),2.0,1.0110578695171397,0.00031315456950058905
20,(2000-12-21),1.0,1.0110578695171397,3.5015419623621653e-06
20,(2000-12-22),1.0,1.0110578695171397,3.5015419623621653e-06
20,(2001-02-05),1.0,1.0110578695171397,3.5015419623621653e-06
20,(2001-03-31),1.0,1.0110578695171397,3.5015419623621653e-06
20,(2001-05-17),1.0,1.0110578695171397,3.5015419623621653e-06
20,(2001-07-15),1.0,1.0110578695171397,3.5015419623621653e-06
20,(2001-07-27),1.0,1.0110578695171397,3.5015419623621653e-06
20,(2001-10-01),1.0,1.0110578695171397,3.5015419623621653e-06
20,(2001-10-02),1.0,1.0110578695171397,3.5015419623621653e-06
20,(2001-10-03),1.0,1.0110578695171397,3.5015419623621653e-06
20,(2001-10-08),1.0,1.0110578695171397,3.5015419623621653e-06
20,(2001-11-10),1.0,1.0110578695171397,3.5015419623621653e-06
20,(2001-11-16),1.0,1.0110578695171397,3.5015419623621653e-06
20,(2001-12-02),1.0,1.0110578695171397,3.5015419623621653e-06
20,(2002-04-15),1.0,1.0110578695171397,3.5015419623621653e-06
20,(2002-05-02),1.0,1.0110578695171397,3.5015419623621653e-06
20,(2002-05-15),1.0,1.0110578695171397,3.5015419623621653e-06
20,(2002-05-22),1.0,1.0110578695171397,3.5015419623621653e-06
20,(2002-06-24),1.0,1.0110578695171397,3.5015419623621653e-06
20,(2002-08-04),1.0,1.0110578695171397,3.5015419623621653e-06
20,(2002-09-14),1.0,1.0110578695171397,3.5015419623621653e-06
20,(2002-09-24),1.0,1.0110578695171397,3.5015419623621653e-06
20,(2002-09-29),1.0,1.0110578695171397,3.5015419623621653e-06
20,(2002-11-18),1.0,1.0110578695171397,3.5015419623621653e-06
20,(2002-11-29),1.0,1.0110578695171397,3.5015419623621653e-06
20,(2002-12-09),1.0,1.0110578695171397,3.5015419623621653e-06
20,(2002-12-21),1.0,1.0110578695171397,3.5015419623621653e-06
20,(2002-12-26),1.0,1.0110578695171397,3.5015419623621653e-06
20,(2003-01-10),1.0,1.0110578695171397,3.5015419623621653e-06
20,(2003-01-15),1.0,1.0110578695171397,3.5015419623621653e-06
20,(2003-01-21),1.0,1.0110578695171397,3.5015419623621653e-06
20,(2003-02-25),1.0,1.0110578695171397,3.5015419623621653e-06
20,(2003-05-08),1.0,1.0110578695171397,3.5015419623621653e-06
20,(2003-06-03),1.0,1.0110578695171397,3.5015419623621653e-06
20,(2003-06-30),1.0,1.0110578695171397,3.5015419623621653e-06
20,(2003-07-08),1.0,1.0110578695171397,3.5015419623621653e-06
20,(2003-07-18),1.0,1.0110578695171397,3.5015419623621653e-06
20,(2003-07-30),1.0,1.0110578695171397,3.5015419623621653e-06
20,(2003-09-26),1.0,1.0110578695171397,3.5015419623621653e-06
20,(2003-11-01),1.0,1.0110578695171397,3.5015419623621653e-06
20,(2003-11-06),1.0,1.0110578695171397,3.5015419623621653e-06
20,(2003-11-08),1.0,1.0110578695171397,3.5015419623621653e-06
20,(2003-11-27),2.0,1.0110578695171397,0.00031315456950058905
20,(2003-12-09),1.0,1.0110578695171397,3.5015419623621653e-06
20,(2003-12-24),1.0,1.0110578695171397,3.5015419623621653e-06
20,(2003-12-28),1.0,1.0110578695171397,3.5015419623621653e-06
20,(2004-02-04),1.0,1.0110578695171397,3.5015419623621653e-06
20,(2004-02-10),1.0,1.0110578695171397,3.5015419623621653e-06
20,(2004-02-25),1.0,1.0110578695171397,3.5015419623621653e-06
20,(2004-02-27),1.0,1.0110578695171397,3.5015419623621653e-06
20,(2004-03-01),1.0,1.0110578695171397,3.5015419623621653e-06
20,(2004-03-02),1.0,1.0110578695171397,3.5015419623621653e-06
20,(2004-03-20),1.0,1.0110578695171397,3.5015419623621653e-06
20,(2004-04-12),1.0,1.0110578695171397,3.5015419623621653e-06
20,(2004-05-01),1.0,1.0110578695171397,3.5015419623621653e-06
20,(2004-05-11),1.0,1.0110578695171397,3.5015419623621653e-06
20,(2004-07-06),1.0,1.0110578695171397,3.5015419623621653e-06
20,(2004-07-22),1.0,1.0110578695171397,3.5015419623621653e-06
20,(2004-10-31),1.0,1.0110578695171397,3.5015419623621653e-06
20,(2004-11-05),1.0,1.0110578695171397,3.5015419623621653e-06
20,(2004-11-24),1.0,1.0110578695171397,3.5015419623621653e-06
20,(2004-12-04),1.0,1.0110578695171397,3.5015419623621653e-06
20,(2004-12-12),1.0,1.0110578695171397,3.5015419623621653e-06
20,(2004-12-15),1.0,1.0110578695171397,3.5015419623621653e-06
20,(2005-01-21),1.0,1.0110578695171397,3.5015419623621653e-06
20,(2005-03-01),1.0,1.0110578695171397,3.5015419623621653e-06
20,(2005-04-14),1.0,1.0110578695171397,3.5015419623621653e-06
20,(2005-05-05),1.0,1.0110578695171397,3.5015419623621653e-06
20,(2005-06-01),1.0,1.0110578695171397,3.5015419623621653e-06
20,(2005-06-16),2.0,1.0110578695171397,0.00031315456950058905
20,(2005-06-17),1.0,1.0110578695171397,3.5015419623621653e-06
20,(2005-07-06),1.0,1.0110578695171397,3.5015419623621653e-06
20,(2005-07-15),1.0,1.0110578695171397,3.5015419623621653e-06
20,(2005-08-02),1.0,1.0110578695171397,3.5015419623621653e-06
20,(2005-08-29),1.0,1.0110578695171397,3.5015419623621653e-06
20,(2005-08-31),1.0,1.0110578695171397,3.5015419623621653e-06
20,(2005-09-07),1.0,1.0110578695171397,3.5015419623621653e-06
20,(2005-10-06),1.0,1.0110578695171397,3.5015419623621653e-06
20,(2005-10-17),1.0,1.0110578695171397,3.5015419623621653e-06
20,(2005-10-22),1.0,1.0110578695171397,3.5015419623621653e-06
20,(2005-10-25),1.0,1.0110578695171397,3.5015419623621653e-06
20,(2005-11-03),1.0,1.0110578695171397,3.5015419623621653e-06
20,(2005-11-26),1.0,1.0110578695171397,3.5015419623621653e-06
20,(2005-12-01),1.0,1.0110578695171397,3.5015419623621653e-06
20,(2005-12-12),1.0,1.0110578695171397,3.5015419623621653e-06
20,(2005-12-16),1.0,1.0110578695171397,3.5015419623621653e-06
20,(2005-12-31),1.0,1.0110578695171397,3.5015419623621653e-06
20,(2006-01-08),2.0,1.0110578695171397,0.00031315456950058905
20,(2006-01-30),1.0,1.0110578695171397,3.5015419623621653e-06
20,(2006-02-09),1.0,1.0110578695171397,3.5015419623621653e-06
20,(2006-03-04),1.0,1.0110578695171397,3.5015419623621653e-06
20,(2006-03-16),1.0,1.0110578695171397,3.5015419623621653e-06
20,(2006-03-19),1.0,1.0110578695171397,3.5015419623621653e-06
20,(2006-05-13),1.0,1.0110578695171397,3.5015419623621653e-06
20,(2006-07-19),1.0,1.0110578695171397,3.5015419623621653e-06
20,(2006-07-21),2.0,1.0110578695171397,0.00031315456950058905
20,(2006-08-25),1.0,1.0110578695171397,3.5015419623621653e-06
20,(2006-08-27),1.0,1.0110578695171397,3.5015419623621653e-06
20,(2006-09-21),1.0,1.0110578695171397,3.5015419623621653e-06
20,(2006-09-22),1.0,1.0110578695171397,3.5015419623621653e-06
20,(2006-09-28),1.0,1.0110578695171397,3.5015419623621653e-06
20,(2006-10-02),1.0,1.0110578695171397,3.5015419623621653e-06
20,(2006-10-03),1.0,1.0110578695171397,3.5015419623621653e-06
20,(2006-10-10),1.0,1.0110578695171397,3.5015419623621653e-06
20,(2006-11-08),1.0,1.0110578695171397,3.5015419623621653e-06
20,(2006-12-12),1.0,1.0110578695171397,3.5015419623621653e-06
20,(2006-12-25),1.0,1.0110578695171397,3.5015419623621653e-06
20,(2007-01-04),1.0,1.0110578695171397,3.5015419623621653e-06
20,(2007-01-18),1.0,1.0110578695171397,3.5015419623621653e-06
20,(2007-01-26),1.0,1.0110578695171397,3.5015419623621653e-06
20,(2007-01-27),1.0,1.0110578695171397,3.5015419623621653e-06
20,(2007-02-09),1.0,1.0110578695171397,3.5015419623621653e-06
20,(2007-03-01),1.0,1.0110578695171397,3.5015419623621653e-06
20,(2007-03-02),1.0,1.0110578695171397,3.5015419623621653e-06
20,(2007-04-11),1.0,1.0110578695171397,3.5015419623621653e-06
20,(2007-04-15),1.0,1.0110578695171397,3.5015419623621653e-06
20,(2007-04-30),1.0,1.0110578695171397,3.5015419623621653e-06
20,(2007-05-08),1.0,1.0110578695171397,3.5015419623621653e-06
20,(2007-06-19),1.0,1.0110578695171397,3.5015419623621653e-06
20,(2007-07-14),1.0,1.0110578695171397,3.5015419623621653e-06
20,(2007-07-25),1.0,1.0110578695171397,3.5015419623621653e-06
20,(2007-08-19),1.0,1.0110578695171397,3.5015419623621653e-06
20,(2007-09-19),1.0,1.0110578695171397,3.5015419623621653e-06
20,(2007-09-27),1.0,1.0110578695171397,3.5015419623621653e-06
20,(2007-10-29),1.0,1.0110578695171397,3.5015419623621653e-06
20,(2007-11-09),1.0,1.0110578695171397,3.5015419623621653e-06
20,(2007-12-27),1.0,1.0110578695171397,3.5015419623621653e-06
20,(2008-01-24),1.0,1.0110578695171397,3.5015419623621653e-06
20,(2008-02-26),1.0,1.0110578695171397,3.5015419623621653e-06
20,(2008-03-19),1.0,1.0110578695171397,3.5015419623621653e-06
20,(2008-04-25),1.0,1.0110578695171397,3.5015419623621653e-06
20,(2008-04-28),1.0,1.0110578695171397,3.5015419623621653e-06
20,(2008-10-27),1.0,1.0110578695171397,3.5015419623621653e-06
20,(2008-11-06),1.0,1.0110578695171397,3.5015419623621653e-06
20,(2008-11-16),1.0,1.0110578695171397,3.5015419623621653e-06
20,(2008-11-18),1.0,1.0110578695171397,3.5015419623621653e-06
20,(2008-12-13),1.0,1.0110578695171397,3.5015419623621653e-06
20,(2009-01-30),1.0,1.0110578695171397,3.5015419623621653e-06
20,(2009-02-03),1.0,1.0110578695171397,3.5015419623621653e-06
20,(2009-02-04),1.0,1.0110578695171397,3.5015419623621653e-06
20,(2009-02-08),1.0,1.0110578695171397,3.5015419623621653e-06
20,(2009-03-11),1.0,1.0110578695171397,3.5015419623621653e-06
20,(2009-05-09),1.0,1.0110578695171397,3.5015419623621653e-06
20,(2009-05-15),1.0,1.0110578695171397,3.5015419623621653e-06
20,(2009-06-02),1.0,1.0110578695171397,3.5015419623621653e-06
20,(2009-06-16),1.0,1.0110578695171397,3.5015419623621653e-06
20,(2009-10-09),1.0,1.0110578695171397,3.5015419623621653e-06
20,(2009-10-11),1.0,1.0110578695171397,3.5015419623621653e-06
20,(2009-10-23),2.0,1.0110578695171397,0.00031315456950058905
20,(2009-10-28),1.0,1.0110578695171397,3.5015419623621653e-06
20,(2009-11-08),1.0,1.0110578695171397,3.5015419623621653e-06
20,(2009-12-17),1.0,1.0110578695171397,3.5015419623621653e-06
20,(2009-12-27),1.0,1.0110578695171397,3.5015419623621653e-06
20,(2010-03-19),1.0,1.0110578695171397,3.5015419623621653e-06
20,(2010-05-07),1.0,1.0110578695171397,3.5015419623621653e-06
20,(2010-05-15),1.0,1.0110578695171397,3.5015419623621653e-06
20,(2010-09-09),1.0,1.0110578695171397,3.5015419623621653e-06
20,(2010-09-21),1.0,1.0110578695171397,3.5015419623621653e-06
20,(2010-09-23),1.0,1.0110578695171397,3.5015419623621653e-06
20,(2010-10-21),1.0,1.0110578695171397,3.5015419623621653e-06
20,(2010-10-23),1.0,1.0110578695171397,3.5015419623621653e-06
20,(2010-11-04),1.0,1.0110578695171397,3.5015419623621653e-06
20,(2010-11-10),1.0,1.0110578695171397,3.5015419623621653e-06
20,(2010-12-18),1.0,1.0110578695171397,3.5015419623621653e-06
20,(2010-12-25),1.0,1.0110578695171397,3.5015419623621653e-06
20,(2011-01-22),1.0,1.0110578695171397,3.5015419623621653e-06
20,(2011-02-14),1.0,1.0110578695171397,3.5015419623621653e-06
20,(2011-04-12),1.0,1.0110578695171397,3.5015419623621653e-06
20,(2011-04-19),1.0,1.0110578695171397,3.5015419623621653e-06
20,(2011-04-23),1.0,1.0110578695171397,3.5015419623621653e-06
20,(2011-05-24),1.0,1.0110578695171397,3.5015419623621653e-06
20,(2011-06-17),1.0,1.0110578695171397,3.5015419623621653e-06
20,(2011-06-27),1.0,1.0110578695171397,3.5015419623621653e-06
20,(2011-07-13),1.0,1.0110578695171397,3.5015419623621653e-06
20,(2011-07-27),1.0,1.0110578695171397,3.5015419623621653e-06
20,(2011-08-01),2.0,1.0110578695171397,0.00031315456950058905
20,(2011-08-05),1.0,1.0110578695171397,3.5015419623621653e-06
20,(2011-08-18),1.0,1.0110578695171397,3.5015419623621653e-06
20,(2011-08-19),1.0,1.0110578695171397,3.5015419623621653e-06
20,(2011-09-06),1.0,1.0110578695171397,3.5015419623621653e-06
20,(2011-10-06),1.0,1.0110578695171397,3.5015419623621653e-06
20,(2011-10-09),1.0,1.0110578695171397,3.5015419623621653e-06
20,(2011-10-25),3.0,1.0110578695171397,0.0006298106809635403
20,(2011-10-29),1.0,1.0110578695171397,3.5015419623621653e-06
20,(2011-11-03),1.0,1.0110578695171397,3.5015419623621653e-06
20,(2011-11-26),1.0,1.0110578695171397,3.5015419623621653e-06
20,(2011-11-27),1.0,1.0110578695171397,3.5015419623621653e-06
20,(2011-12-06),1.0,1.0110578695171397,3.5015419623621653e-06
20,(2011-12-21),1.0,1.0110578695171397,3.5015419623621653e-06
20,(2012-01-17),1.0,1.0110578695171397,3.5015419623621653e-06
20,(2012-02-12),1.0,1.0110578695171397,3.5015419623621653e-06
20,(2012-02-16),3.0,1.0110578695171397,0.0006298106809635403
20,(2012-02-24),1.0,1.0110578695171397,3.5015419623621653e-06
20,(2012-02-28),1.0,1.0110578695171397,3.5015419623621653e-06
20,(2012-03-09),1.0,1.0110578695171397,3.5015419623621653e-06
20,(2012-04-11),1.0,1.0110578695171397,3.5015419623621653e-06
20,(2012-04-13),1.0,1.0110578695171397,3.5015419623621653e-06
20,(2012-04-14),1.0,1.0110578695171397,3.5015419623621653e-06
20,(2012-04-30),1.0,1.0110578695171397,3.5015419623621653e-06
20,(2012-06-14),1.0,1.0110578695171397,3.5015419623621653e-06
20,(2012-06-28),1.0,1.0110578695171397,3.5015419623621653e-06
20,(2012-08-05),1.0,1.0110578695171397,3.5015419623621653e-06
20,(2012-08-23),1.0,1.0110578695171397,3.5015419623621653e-06
20,(2012-09-10),2.0,1.0110578695171397,0.00031315456950058905
20,(2012-10-10),1.0,1.0110578695171397,3.5015419623621653e-06
20,(2012-10-15),1.0,1.0110578695171397,3.5015419623621653e-06
20,(2012-10-19),2.0,1.0110578695171397,0.00031315456950058905
20,(2012-10-22),1.0,1.0110578695171397,3.5015419623621653e-06
20,(2012-10-24),1.0,1.0110578695171397,3.5015419623621653e-06
20,(2012-10-25),1.0,1.0110578695171397,3.5015419623621653e-06
20,(2012-12-27),1.0,1.0110578695171397,3.5015419623621653e-06
20,(2013-01-18),1.0,1.0110578695171397,3.5015419623621653e-06
20,(2013-01-26),1.0,1.0110578695171397,3.5015419623621653e-06
20,(2013-01-31),1.0,1.0110578695171397,3.5015419623621653e-06
20,(2013-02-07),2.0,1.0110578695171397,0.00031315456950058905
20,(2013-02-11),1.0,1.0110578695171397,3.5015419623621653e-06
20,(2013-02-13),1.0,1.0110578695171397,3.5015419623621653e-06
20,(2013-02-15),1.0,1.0110578695171397,3.5015419623621653e-06
20,(2013-03-04),1.0,1.0110578695171397,3.5015419623621653e-06
20,(2013-03-07),2.0,1.0110578695171397,0.00031315456950058905
20,(2013-03-24),1.0,1.0110578695171397,3.5015419623621653e-06
20,(2013-04-30),1.0,1.0110578695171397,3.5015419623621653e-06
20,(2013-05-01),1.0,1.0110578695171397,3.5015419623621653e-06
20,(2013-05-03),1.0,1.0110578695171397,3.5015419623621653e-06
20,(2013-05-16),1.0,1.0110578695171397,3.5015419623621653e-06
20,...Lost.,1.0,1.0110578695171397,3.5015419623621653e-06
20,...was bleibt,1.0,1.0110578695171397,3.5015419623621653e-06
20,¡No llores!,1.0,1.0110578695171397,3.5015419623621653e-06
20,¿Por que lo llaman amor cuando quieren decir sexo?,1.0,1.0110578695171397,3.5015419623621653e-06
20,¿Quién quiere ser millonario?,1.0,1.0110578695171397,3.5015419623621653e-06
20,1. maj-demonstrationer i Slagelse,1.0,1.0110578695171397,3.5015419623621653e-06
20,100 Hours to Wed,1.0,1.0110578695171397,3.5015419623621653e-06
20,12 i 1/2,1.0,1.0110578695171397,3.5015419623621653e-06
20,16th Annual Trumpet Awards,1.0,1.0110578695171397,3.5015419623621653e-06
20,18 and Lost in New Jersey,1.0,1.0110578695171397,3.5015419623621653e-06
20,1926: The General Strike,1.0,1.0110578695171397,3.5015419623621653e-06
20,1996 Builders Square Alamo Bowl,1.0,1.0110578695171397,3.5015419623621653e-06
20,2001,1.0,1.0110578695171397,3.5015419623621653e-06
20,2005 TV Moments,1.0,1.0110578695171397,3.5015419623621653e-06
20,21/3/1991,1.0,1.0110578695171397,3.5015419623621653e-06
20,211212,1.0,1.0110578695171397,3.5015419623621653e-06
20,220 KV preko Dunava,1.0,1.0110578695171397,3.5015419623621653e-06
20,27° sud,1.0,1.0110578695171397,3.5015419623621653e-06
20,3-nen B-gumi Kinpachi sensei: Final,1.0,1.0110578695171397,3.5015419623621653e-06
20,3 Audrey,1.0,1.0110578695171397,3.5015419623621653e-06
20,3+1 s Miroslavem Donutilem,1.0,1.0110578695171397,3.5015419623621653e-06
20,30 Seconds to Stardom: Commercials' Most Famous Faces,1.0,1.0110578695171397,3.5015419623621653e-06
20,4 Minutes,1.0,1.0110578695171397,3.5015419623621653e-06
20,420 High Desert Way,1.0,1.0110578695171397,3.5015419623621653e-06
20,5 Guy Cream Pie 19,1.0,1.0110578695171397,3.5015419623621653e-06
20,5 Ingredient Fuel,1.0,1.0110578695171397,3.5015419623621653e-06
20,50 for 50: Volume 2 - The Documentary Tradition: Tape 4,1.0,1.0110578695171397,3.5015419623621653e-06
20,80,1.0,1.0110578695171397,3.5015419623621653e-06
20,A-Space,1.0,1.0110578695171397,3.5015419623621653e-06
20,A Box of Wendy,1.0,1.0110578695171397,3.5015419623621653e-06
20,A Cause of Anger,1.0,1.0110578695171397,3.5015419623621653e-06
20,A Day of Havoc,1.0,1.0110578695171397,3.5015419623621653e-06
20,A Delicate Balance,1.0,1.0110578695171397,3.5015419623621653e-06
20,A Dinner of Herbs,1.0,1.0110578695171397,3.5015419623621653e-06
20,A Diploma of Miseries,1.0,1.0110578695171397,3.5015419623621653e-06
20,A Distinctive Horn,1.0,1.0110578695171397,3.5015419623621653e-06
20,A Drop of Ink,1.0,1.0110578695171397,3.5015419623621653e-06
20,A Family at War,1.0,1.0110578695171397,3.5015419623621653e-06
20,A Family X-mas,1.0,1.0110578695171397,3.5015419623621653e-06
20,A Festa Desportiva de Fim de Ano no Colégio Infante de Sagres,1.0,1.0110578695171397,3.5015419623621653e-06
20,"A Field, the Void",1.0,1.0110578695171397,3.5015419623621653e-06
20,A Game with No Rules,1.0,1.0110578695171397,3.5015419623621653e-06
20,A Good Tree,1.0,1.0110578695171397,3.5015419623621653e-06
20,A Great Personality,1.0,1.0110578695171397,3.5015419623621653e-06
20,A House Divided,1.0,1.0110578695171397,3.5015419623621653e-06
20,A Light in the Darkness,1.0,1.0110578695171397,3.5015419623621653e-06
20,A los que aman,1.0,1.0110578695171397,3.5015419623621653e-06
20,A Love Triangle,1.0,1.0110578695171397,3.5015419623621653e-06
20,A Maluquinha de Arroios,1.0,1.0110578695171397,3.5015419623621653e-06
20,A Matter of Degree,1.0,1.0110578695171397,3.5015419623621653e-06
20,A Mind to Murder,1.0,1.0110578695171397,3.5015419623621653e-06
20,A Miniature: The Story of 'The Jonker Diamond',1.0,1.0110578695171397,3.5015419623621653e-06
20,A New Waiter Opening a Fizz,1.0,1.0110578695171397,3.5015419623621653e-06
20,"A Nice, Indecent Little Town",1.0,1.0110578695171397,3.5015419623621653e-06
20,A Noite dos Bacanais,1.0,1.0110578695171397,3.5015419623621653e-06
20,A Nove Milhas da Costa,1.0,1.0110578695171397,3.5015419623621653e-06
20,A Pair of Foils,1.0,1.0110578695171397,3.5015419623621653e-06
20,A Place to Call His Own,1.0,1.0110578695171397,3.5015419623621653e-06
20,A Portrait of the Artist as a Young Call Girl,1.0,1.0110578695171397,3.5015419623621653e-06
20,A Problem in Reduction,1.0,1.0110578695171397,3.5015419623621653e-06
20,A Public Service,1.0,1.0110578695171397,3.5015419623621653e-06
20,A Quick Buck,1.0,1.0110578695171397,3.5015419623621653e-06
20,A Rainy Day,1.0,1.0110578695171397,3.5015419623621653e-06
20,A República dos Anjos,1.0,1.0110578695171397,3.5015419623621653e-06
20,A Roll Lift Draw Bridge,1.0,1.0110578695171397,3.5015419623621653e-06
20,A Romeo of the Range,1.0,1.0110578695171397,3.5015419623621653e-06
20,A Royal Romp,1.0,1.0110578695171397,3.5015419623621653e-06
20,A Safe Place,1.0,1.0110578695171397,3.5015419623621653e-06
20,A Short Film on Freedom,1.0,1.0110578695171397,3.5015419623621653e-06
20,A Sleigh Load of Squaws,1.0,1.0110578695171397,3.5015419623621653e-06
20,A Step Further,1.0,1.0110578695171397,3.5015419623621653e-06
20,A Suspension Bridge to Peace,1.0,1.0110578695171397,3.5015419623621653e-06
20,A Thing About Machines,1.0,1.0110578695171397,3.5015419623621653e-06
20,A Tiger Hunt in Paris: Part 1,1.0,1.0110578695171397,3.5015419623621653e-06
20,A Tiki Scare Is No Fair,1.0,1.0110578695171397,3.5015419623621653e-06
20,A todo corazón,1.0,1.0110578695171397,3.5015419623621653e-06
20,A Vida dos Insectos,1.0,1.0110578695171397,3.5015419623621653e-06
20,A Vingança do Acaso,1.0,1.0110578695171397,3.5015419623621653e-06
20,A Watery Romance,1.0,1.0110578695171397,3.5015419623621653e-06
20,Aabroo,1.0,1.0110578695171397,3.5015419623621653e-06
20,Aaron Rodgers,1.0,1.0110578695171397,3.5015419623621653e-06
20,Abashiri Bangaichi,1.0,1.0110578695171397,3.5015419623621653e-06
20,Abba Shahor Lavan,1.0,1.0110578695171397,3.5015419623621653e-06
20,Absolutely You,1.0,1.0110578695171397,3.5015419623621653e-06
20,Aç kurtlar,1.0,1.0110578695171397,3.5015419623621653e-06
20,Ace,1.0,1.0110578695171397,3.5015419623621653e-06
20,Acht Blumen,1.0,1.0110578695171397,3.5015419623621653e-06
20,ActorsE Chat: Marisa Petroro/Joe Sabatino,1.0,1.0110578695171397,3.5015419623621653e-06
20,Adiós a la depresión,1.0,1.0110578695171397,3.5015419623621653e-06
20,Adrénaline,1.0,1.0110578695171397,3.5015419623621653e-06
20,Advent 2004 4: Christmas from Ely,1.0,1.0110578695171397,3.5015419623621653e-06
20,Adventure Weekly,1.0,1.0110578695171397,3.5015419623621653e-06
20,Adventurers: Masters of Time,1.0,1.0110578695171397,3.5015419623621653e-06
20,"Aerial Railway at the Crystal Palace, London, England",1.0,1.0110578695171397,3.5015419623621653e-06
20,Afghanistan: A Valley Against an Empire,1.0,1.0110578695171397,3.5015419623621653e-06
20,Aflevering 101,1.0,1.0110578695171397,3.5015419623621653e-06
20,Aflevering 1117,1.0,1.0110578695171397,3.5015419623621653e-06
20,Aflevering 250,1.0,1.0110578695171397,3.5015419623621653e-06
20,Aflevering 2931,1.0,1.0110578695171397,3.5015419623621653e-06
20,Aflevering 3431,1.0,1.0110578695171397,3.5015419623621653e-06
20,Aflevering 3560,1.0,1.0110578695171397,3.5015419623621653e-06
20,Aflevering 3925,1.0,1.0110578695171397,3.5015419623621653e-06
20,Aflevering 3958,1.0,1.0110578695171397,3.5015419623621653e-06
20,Aflevering 608,1.0,1.0110578695171397,3.5015419623621653e-06
20,Africa Squawks,1.0,1.0110578695171397,3.5015419623621653e-06
20,Aftershocks,1.0,1.0110578695171397,3.5015419623621653e-06
20,AfterThought,1.0,1.0110578695171397,3.5015419623621653e-06
20,Agent Red,1.0,1.0110578695171397,3.5015419623621653e-06
20,Aghileen Pinnacles,1.0,1.0110578695171397,3.5015419623621653e-06
20,Agustín de Iturbide,1.0,1.0110578695171397,3.5015419623621653e-06
20,Agustín enfurece,1.0,1.0110578695171397,3.5015419623621653e-06
20,Ai,1.0,1.0110578695171397,3.5015419623621653e-06
20,Aikawa Kinya Pack in Journal,1.0,1.0110578695171397,3.5015419623621653e-06
20,Ain't Misbehavin',1.0,1.0110578695171397,3.5015419623621653e-06
20,"Ain't Nothing Like the Real Thing, Baby",1.0,1.0110578695171397,3.5015419623621653e-06
20,Air I Breathe,1.0,1.0110578695171397,3.5015419623621653e-06
20,Akai kuchibiru akai hoo,1.0,1.0110578695171397,3.5015419623621653e-06
20,"Aki Hoshino, Yoko Kumada & Sayaka Isoyama",1.0,1.0110578695171397,3.5015419623621653e-06
20,Alamat ng bahaghari,1.0,1.0110578695171397,3.5015419623621653e-06
20,Alan Greenspan,1.0,1.0110578695171397,3.5015419623621653e-06
20,Åland: Ett land i havets famn,1.0,1.0110578695171397,3.5015419623621653e-06
20,Alec Baldwin/Christina Aguilera,1.0,1.0110578695171397,3.5015419623621653e-06
20,Alejandro salda la deuda con Julieta,1.0,1.0110578695171397,3.5015419623621653e-06
20,Ali Hamann,1.0,1.0110578695171397,3.5015419623621653e-06
20,Alias Katy Morley,1.0,1.0110578695171397,3.5015419623621653e-06
20,Alicia,1.0,1.0110578695171397,3.5015419623621653e-06
20,All-American Murder,1.0,1.0110578695171397,3.5015419623621653e-06
20,All in a Good Cause,1.0,1.0110578695171397,3.5015419623621653e-06
20,All Roads Lead Away,1.0,1.0110578695171397,3.5015419623621653e-06
20,All That Jizz,1.0,1.0110578695171397,3.5015419623621653e-06
20,All the Way,1.0,1.0110578695171397,3.5015419623621653e-06
20,All Too Tidy,1.0,1.0110578695171397,3.5015419623621653e-06
20,Allein gegen den Rest der Welt,1.0,1.0110578695171397,3.5015419623621653e-06
20,Alles nur aus Liebe,1.0,1.0110578695171397,3.5015419623621653e-06
20,Ällitälli,1.0,1.0110578695171397,3.5015419623621653e-06
20,Alms Houses,1.0,1.0110578695171397,3.5015419623621653e-06
20,Alphabetical Order,1.0,1.0110578695171397,3.5015419623621653e-06
20,Alvaro piuttosto corsaro,1.0,1.0110578695171397,3.5015419623621653e-06
20,Am Anfang war das Rot,1.0,1.0110578695171397,3.5015419623621653e-06
20,Am Strand von Merkela,1.0,1.0110578695171397,3.5015419623621653e-06
20,Ama Divers,1.0,1.0110578695171397,3.5015419623621653e-06
20,Amalfi,1.0,1.0110578695171397,3.5015419623621653e-06
20,Amayakudu Kadu Aggi Bharothalu,1.0,1.0110578695171397,3.5015419623621653e-06
20,American Beauty Ltd.,1.0,1.0110578695171397,3.5015419623621653e-06
20,American Standard,1.0,1.0110578695171397,3.5015419623621653e-06
20,Amin Jensen på tour - bag om 'Hit med Amin',1.0,1.0110578695171397,3.5015419623621653e-06
20,An Ensign to the Nations,1.0,1.0110578695171397,3.5015419623621653e-06
20,An Idiot Abroad,1.0,1.0110578695171397,3.5015419623621653e-06
20,An Infamous Son,1.0,1.0110578695171397,3.5015419623621653e-06
20,An Inside Look,1.0,1.0110578695171397,3.5015419623621653e-06
20,An Instant,1.0,1.0110578695171397,3.5015419623621653e-06
20,An Intimate Portrait of the Art of Background Driving,1.0,1.0110578695171397,3.5015419623621653e-06
20,An Umbrella,1.0,1.0110578695171397,3.5015419623621653e-06
20,An Unreal Dream: The Michael Morton Story,1.0,1.0110578695171397,3.5015419623621653e-06
20,Ana wa inta,1.0,1.0110578695171397,3.5015419623621653e-06
20,Anais Exposed,1.0,1.0110578695171397,3.5015419623621653e-06
20,Anaka,1.0,1.0110578695171397,3.5015419623621653e-06
20,Anal Expedition 7,1.0,1.0110578695171397,3.5015419623621653e-06
20,Anamnesis,1.0,1.0110578695171397,3.5015419623621653e-06
20,Anatomie d'un mouvement,1.0,1.0110578695171397,3.5015419623621653e-06
20,Anatomy of a Massacre,1.0,1.0110578695171397,3.5015419623621653e-06
20,Anatomy of Love,1.0,1.0110578695171397,3.5015419623621653e-06
20,Ancient Ram Inn,1.0,1.0110578695171397,3.5015419623621653e-06
20,Ancient Rights,1.0,1.0110578695171397,3.5015419623621653e-06
20,And Then There Were None,1.0,1.0110578695171397,3.5015419623621653e-06
20,Andâbâ samâ: Season. 1,1.0,1.0110578695171397,3.5015419623621653e-06
20,Andalucia,1.0,1.0110578695171397,3.5015419623621653e-06
20,Andalucía: Tuna and Tapas,1.0,1.0110578695171397,3.5015419623621653e-06
20,Andy Gets a Telegram,1.0,1.0110578695171397,3.5015419623621653e-06
20,Angela in Wonderland,1.0,1.0110578695171397,3.5015419623621653e-06
20,Angeli & diamanti,1.0,1.0110578695171397,3.5015419623621653e-06
20,Angyalbárányok,1.0,1.0110578695171397,3.5015419623621653e-06
20,Animatrice pour couples déficients,1.0,1.0110578695171397,3.5015419623621653e-06
20,Anne Hathaway/Rihanna,1.0,1.0110578695171397,3.5015419623621653e-06
20,Annie Potts,1.0,1.0110578695171397,3.5015419623621653e-06
20,Anno 2033,1.0,1.0110578695171397,3.5015419623621653e-06
20,Another Fine Ness,1.0,1.0110578695171397,3.5015419623621653e-06
20,Antics in Ink by Hy Mayer,1.0,1.0110578695171397,3.5015419623621653e-06
20,Any Given Puppy Bowl,1.0,1.0110578695171397,3.5015419623621653e-06
20,Anything Wrong?,1.0,1.0110578695171397,3.5015419623621653e-06
20,Apartment 13,1.0,1.0110578695171397,3.5015419623621653e-06
20,Apenas un delincuente,1.0,1.0110578695171397,3.5015419623621653e-06
20,Aplauso,1.0,1.0110578695171397,3.5015419623621653e-06
20,Apollo Robles,1.0,1.0110578695171397,3.5015419623621653e-06
20,"Apsley House, Home of the Duke of Wellington",1.0,1.0110578695171397,3.5015419623621653e-06
20,Aranya,1.0,1.0110578695171397,3.5015419623621653e-06
20,Architectual Accents and Tone,1.0,1.0110578695171397,3.5015419623621653e-06
20,Around Claudia Schiffer,1.0,1.0110578695171397,3.5015419623621653e-06
20,Arrau & Muti & Beethoven,1.0,1.0110578695171397,3.5015419623621653e-06
20,Arrival of Train at Gardner,1.0,1.0110578695171397,3.5015419623621653e-06
20,Arrivederci - Bebè in salotto,1.0,1.0110578695171397,3.5015419623621653e-06
20,Arrow River,1.0,1.0110578695171397,3.5015419623621653e-06
20,Artist Residence,1.0,1.0110578695171397,3.5015419623621653e-06
20,Asara Klafim,1.0,1.0110578695171397,3.5015419623621653e-06
20,Así es Madrid,1.0,1.0110578695171397,3.5015419623621653e-06
20,Asir - Enteza,1.0,1.0110578695171397,3.5015419623621653e-06
20,Assalto al tesoro di stato,1.0,1.0110578695171397,3.5015419623621653e-06
20,Assunta Spina,1.0,1.0110578695171397,3.5015419623621653e-06
20,At the Grove: NCIS Roundtable,1.0,1.0110578695171397,3.5015419623621653e-06
20,Atlant,1.0,1.0110578695171397,3.5015419623621653e-06
20,Attack and Defence by Sailors,1.0,1.0110578695171397,3.5015419623621653e-06
20,Au service du royaume,1.0,1.0110578695171397,3.5015419623621653e-06
20,Au Zambèze,1.0,1.0110578695171397,3.5015419623621653e-06
20,Auburndale House Project: Part 16,1.0,1.0110578695171397,3.5015419623621653e-06
20,Aus grauer Städte Mauern,1.0,1.0110578695171397,3.5015419623621653e-06
20,Australia's Outback: The Vanishing Frontier,1.0,1.0110578695171397,3.5015419623621653e-06
20,Automobile Race for the Vanderbilt Cup,1.0,1.0110578695171397,3.5015419623621653e-06
20,Avsnitt 19,1.0,1.0110578695171397,3.5015419623621653e-06
20,Awa ga osô! Kyôfu no chiete gawa,1.0,1.0110578695171397,3.5015419623621653e-06
20,Awake,1.0,1.0110578695171397,3.5015419623621653e-06
20,Az öreg bánya titka,1.0,1.0110578695171397,3.5015419623621653e-06
20,B. Morrison,1.0,1.0110578695171397,3.5015419623621653e-06
20,B.F.F. - Best Friends Forever,1.0,1.0110578695171397,3.5015419623621653e-06
20,Back in Town,1.0,1.0110578695171397,3.5015419623621653e-06
20,Back to Dave's Future/Tell It to the Judge,1.0,1.0110578695171397,3.5015419623621653e-06
20,Back to My Lai/The Disaster That Wasn't/Toni Morrison,1.0,1.0110578695171397,3.5015419623621653e-06
20,Back to School,1.0,1.0110578695171397,3.5015419623621653e-06
20,Back to the Floor,1.0,1.0110578695171397,3.5015419623621653e-06
20,Bad Dog and Superhero,1.0,1.0110578695171397,3.5015419623621653e-06
20,Bad Medicine/Wynton,1.0,1.0110578695171397,3.5015419623621653e-06
20,Bad Publicity,1.0,1.0110578695171397,3.5015419623621653e-06
20,Badge of Glory,1.0,1.0110578695171397,3.5015419623621653e-06
20,Bag kameraet på 'Haletudsen',1.0,1.0110578695171397,3.5015419623621653e-06
20,Baghdad Ki Raaten,1.0,1.0110578695171397,3.5015419623621653e-06
20,"Bake, Batter and Roll",1.0,1.0110578695171397,3.5015419623621653e-06
20,Bakugan Battle Brawlers: Gundalian Invaders,1.0,1.0110578695171397,3.5015419623621653e-06
20,Balanagamma,1.0,1.0110578695171397,3.5015419623621653e-06
20,Balidaan,1.0,1.0110578695171397,3.5015419623621653e-06
20,Ballistics,1.0,1.0110578695171397,3.5015419623621653e-06
20,Bambule,1.0,1.0110578695171397,3.5015419623621653e-06
20,Banana Man,1.0,1.0110578695171397,3.5015419623621653e-06
20,"Barbara, ma plus belle histoire d'amour c'est vous",1.0,1.0110578695171397,3.5015419623621653e-06
20,Barbecue Four,1.0,1.0110578695171397,3.5015419623621653e-06
20,Bareback ou La guerre des sens,1.0,1.0110578695171397,3.5015419623621653e-06
20,Bärendienst,1.0,1.0110578695171397,3.5015419623621653e-06
20,Barooda,1.0,1.0110578695171397,3.5015419623621653e-06
20,"Barraca 18, historia de un sobreviviente",1.0,1.0110578695171397,3.5015419623621653e-06
20,Batali vs. Gand & Tramonto: Fennel,1.0,1.0110578695171397,3.5015419623621653e-06
20,Batalla de Puebla,1.0,1.0110578695171397,3.5015419623621653e-06
20,Batman Consquences,1.0,1.0110578695171397,3.5015419623621653e-06
20,"Bats, Birds and Bionics",1.0,1.0110578695171397,3.5015419623621653e-06
20,Battle Angels: New Years Resolution,1.0,1.0110578695171397,3.5015419623621653e-06
20,Battle of the Exes,1.0,1.0110578695171397,3.5015419623621653e-06
20,Battlefield 4,1.0,1.0110578695171397,3.5015419623621653e-06
20,Bayou Butcher,1.0,1.0110578695171397,3.5015419623621653e-06
20,Bayou de la Lune Rousse,1.0,1.0110578695171397,3.5015419623621653e-06
20,Beat Daddies,1.0,1.0110578695171397,3.5015419623621653e-06
20,Beautiful Girls 18,1.0,1.0110578695171397,3.5015419623621653e-06
20,Beautiful Switzerland,1.0,1.0110578695171397,3.5015419623621653e-06
20,Beauty and the Poison,1.0,1.0110578695171397,3.5015419623621653e-06
20,Beaverbrook: The Various Lives of Max Aitken,1.0,1.0110578695171397,3.5015419623621653e-06
20,Bébés boum,1.0,1.0110578695171397,3.5015419623621653e-06
20,Becoming Human,1.0,1.0110578695171397,3.5015419623621653e-06
20,Begin the Bungie Battle! Last One Down Is a Rotten Egg!,1.0,1.0110578695171397,3.5015419623621653e-06
20,Behemoth,1.0,1.0110578695171397,3.5015419623621653e-06
20,Behind the Words,1.0,1.0110578695171397,3.5015419623621653e-06
20,Behind Two Guns,1.0,1.0110578695171397,3.5015419623621653e-06
20,Bei Tag und bei Nacht,1.0,1.0110578695171397,3.5015419623621653e-06
20,Being Human,1.0,1.0110578695171397,3.5015419623621653e-06
20,Beker der heldhaftige boerin,1.0,1.0110578695171397,3.5015419623621653e-06
20,Bela Lugosi Meets a Brooklyn Gorilla,1.0,1.0110578695171397,3.5015419623621653e-06
20,Belfast - No Way Out,1.0,1.0110578695171397,3.5015419623621653e-06
20,Benji,1.0,1.0110578695171397,3.5015419623621653e-06
20,Bennett Bites Back,1.0,1.0110578695171397,3.5015419623621653e-06
20,Benny Andersen,1.0,1.0110578695171397,3.5015419623621653e-06
20,Benny Hill,1.0,1.0110578695171397,3.5015419623621653e-06
20,Benny Nilsson,1.0,1.0110578695171397,3.5015419623621653e-06
20,Bent Fabricius-Bjerre,1.0,1.0110578695171397,3.5015419623621653e-06
20,Berlins Blaue Stunde,1.0,1.0110578695171397,3.5015419623621653e-06
20,Bessie's Bachelor Boobs,1.0,1.0110578695171397,3.5015419623621653e-06
20,Best Man in Grass Creek,1.0,1.0110578695171397,3.5015419623621653e-06
20,Best of Cheap Seats,1.0,1.0110578695171397,3.5015419623621653e-06
20,Beyond Control,1.0,1.0110578695171397,3.5015419623621653e-06
20,Beyond the Cities,1.0,1.0110578695171397,3.5015419623621653e-06
20,Big Breakfast Bonanza,1.0,1.0110578695171397,3.5015419623621653e-06
20,Big City Nights,1.0,1.0110578695171397,3.5015419623621653e-06
20,Big Gulps 3,1.0,1.0110578695171397,3.5015419623621653e-06
20,Big Guy and Rusty the Boy Robot,1.0,1.0110578695171397,3.5015419623621653e-06
20,Big Time Returns,1.0,1.0110578695171397,3.5015419623621653e-06
20,Big Titty Moms,1.0,1.0110578695171397,3.5015419623621653e-06
20,Bill Crawford: Guy Fall,1.0,1.0110578695171397,3.5015419623621653e-06
20,Bill Gritón vs Mónica del Whisky,1.0,1.0110578695171397,3.5015419623621653e-06
20,Billy Cash: Live in Las Vegas,1.0,1.0110578695171397,3.5015419623621653e-06
20,Billy Connolly,1.0,1.0110578695171397,3.5015419623621653e-06
20,Billy Connolly 'Bites Yer Bum!',1.0,1.0110578695171397,3.5015419623621653e-06
20,Billy the Kid in Texas,1.0,1.0110578695171397,3.5015419623621653e-06
20,Billy Trigger,1.0,1.0110578695171397,3.5015419623621653e-06
20,Bing-Bang Brothers,1.0,1.0110578695171397,3.5015419623621653e-06
20,Bint Bariz,1.0,1.0110578695171397,3.5015419623621653e-06
20,Bioshock 2,1.0,1.0110578695171397,3.5015419623621653e-06
20,Bird Brained/Mysterious Mr. Ten,1.0,1.0110578695171397,3.5015419623621653e-06
20,Birds of a Feather,1.0,1.0110578695171397,3.5015419623621653e-06
20,Bis an die Grenze,1.0,1.0110578695171397,3.5015419623621653e-06
20,Bis dass der Tod...,1.0,1.0110578695171397,3.5015419623621653e-06
20,Bizarre Eating Habits,1.0,1.0110578695171397,3.5015419623621653e-06
20,"Black Dicks, Asian Chicks",1.0,1.0110578695171397,3.5015419623621653e-06
20,Black Magic,1.0,1.0110578695171397,3.5015419623621653e-06
20,Black Peter,1.0,1.0110578695171397,3.5015419623621653e-06
20,Black Workout II,1.0,1.0110578695171397,3.5015419623621653e-06
20,Blakely Insane Asylum,1.0,1.0110578695171397,3.5015419623621653e-06
20,Bleep Boop: Star Trek Catan,1.0,1.0110578695171397,3.5015419623621653e-06
20,Bless This House,1.0,1.0110578695171397,3.5015419623621653e-06
20,Blickpunkt Sport,1.0,1.0110578695171397,3.5015419623621653e-06
20,Blind Date,1.0,1.0110578695171397,3.5015419623621653e-06
20,Blind Eye,1.0,1.0110578695171397,3.5015419623621653e-06
20,Blonde Fury,1.0,1.0110578695171397,3.5015419623621653e-06
20,Blood Link,1.0,1.0110578695171397,3.5015419623621653e-06
20,Blood Sweat and Fears,1.0,1.0110578695171397,3.5015419623621653e-06
20,Blood Ties,1.0,1.0110578695171397,3.5015419623621653e-06
20,blood/sweat/tears,1.0,1.0110578695171397,3.5015419623621653e-06
20,Bloom,1.0,1.0110578695171397,3.5015419623621653e-06
20,Blue Eyes,1.0,1.0110578695171397,3.5015419623621653e-06
20,Blue Tears,1.0,1.0110578695171397,3.5015419623621653e-06
20,Blüm,1.0,1.0110578695171397,3.5015419623621653e-06
20,Bob and the Monster,1.0,1.0110578695171397,3.5015419623621653e-06
20,Bodice Rippers,1.0,1.0110578695171397,3.5015419623621653e-06
20,Bodies,1.0,1.0110578695171397,3.5015419623621653e-06
20,Body in Numbers,1.0,1.0110578695171397,3.5015419623621653e-06
20,Bólidos de acero,1.0,1.0110578695171397,3.5015419623621653e-06
20,Bomber's Moon: Girls Beneath the Bombs,1.0,1.0110578695171397,3.5015419623621653e-06
20,Bon Appetit,1.0,1.0110578695171397,3.5015419623621653e-06
20,Bond's Greatest Moments,1.0,1.0110578695171397,3.5015419623621653e-06
20,Boobsville Black Beauties,1.0,1.0110578695171397,3.5015419623621653e-06
20,Boomerang/Captain's Triangle/Out of This World,1.0,1.0110578695171397,3.5015419623621653e-06
20,Bootle's Baby,1.0,1.0110578695171397,3.5015419623621653e-06
20,Bootleg Reg: Reginald D Hunter Live in London,1.0,1.0110578695171397,3.5015419623621653e-06
20,Born Every Minute,1.0,1.0110578695171397,3.5015419623621653e-06
20,Born in the USA,1.0,1.0110578695171397,3.5015419623621653e-06
20,Boston Foodies at the Plough and Stars,1.0,1.0110578695171397,3.5015419623621653e-06
20,Boston Red Sox vs. New York Yankees,1.0,1.0110578695171397,3.5015419623621653e-06
20,Bounce,1.0,1.0110578695171397,3.5015419623621653e-06
20,Boy Fucks Girl 3,1.0,1.0110578695171397,3.5015419623621653e-06
20,Boyd,1.0,1.0110578695171397,3.5015419623621653e-06
20,Boygame,1.0,1.0110578695171397,3.5015419623621653e-06
20,Boykott,1.0,1.0110578695171397,3.5015419623621653e-06
20,Boys Behaving Badly,1.0,1.0110578695171397,3.5015419623621653e-06
20,Brain Drain,1.0,1.0110578695171397,3.5015419623621653e-06
20,Brandyman,1.0,1.0110578695171397,3.5015419623621653e-06
20,Brazil: The Amazon Goin' Bananas,1.0,1.0110578695171397,3.5015419623621653e-06
20,BreadCrumbs,1.0,1.0110578695171397,3.5015419623621653e-06
20,Break,1.0,1.0110578695171397,3.5015419623621653e-06
20,Breathing,1.0,1.0110578695171397,3.5015419623621653e-06
20,Brian Pillman: Loose Cannon,1.0,1.0110578695171397,3.5015419623621653e-06
20,Brice Stevens: The Movie,1.0,1.0110578695171397,3.5015419623621653e-06
20,Bride and Prejudice,1.0,1.0110578695171397,3.5015419623621653e-06
20,Bridgehampton Concert Part II,1.0,1.0110578695171397,3.5015419623621653e-06
20,Brigitte Bardot: The Icon of France,1.0,1.0110578695171397,3.5015419623621653e-06
20,Bring Me Some Ice,1.0,1.0110578695171397,3.5015419623621653e-06
20,Britain's Got Talent,1.0,1.0110578695171397,3.5015419623621653e-06
20,Britain's Lost Megafortress,1.0,1.0110578695171397,3.5015419623621653e-06
20,Britches,1.0,1.0110578695171397,3.5015419623621653e-06
20,Broke Ground,1.0,1.0110578695171397,3.5015419623621653e-06
20,Broken,1.0,1.0110578695171397,3.5015419623621653e-06
20,Broken Dreams,1.0,1.0110578695171397,3.5015419623621653e-06
20,Broken Moment,1.0,1.0110578695171397,3.5015419623621653e-06
20,Broken Windows,1.0,1.0110578695171397,3.5015419623621653e-06
20,Brook Crouch/Ellie-Jean Coffey/Spencer Lau,1.0,1.0110578695171397,3.5015419623621653e-06
20,Brotherhood,1.0,1.0110578695171397,3.5015419623621653e-06
20,Brotherhood of Death,1.0,1.0110578695171397,3.5015419623621653e-06
20,Brutal/Al Qaeda's Town/Gay or Straight?,1.0,1.0110578695171397,3.5015419623621653e-06
20,Bryn Allen,1.0,1.0110578695171397,3.5015419623621653e-06
20,Bucht der Nebel,1.0,1.0110578695171397,3.5015419623621653e-06
20,Buck Dance,1.0,1.0110578695171397,3.5015419623621653e-06
20,Budoy Thanks Jackie for Her Special Love,1.0,1.0110578695171397,3.5015419623621653e-06
20,Bufetul mimoza,1.0,1.0110578695171397,3.5015419623621653e-06
20,Buffalo Bills vs. San Francisco 49ers,1.0,1.0110578695171397,3.5015419623621653e-06
20,Bugging in Six Easy Lessons,1.0,1.0110578695171397,3.5015419623621653e-06
20,Buncoed Stage Johnnie,1.0,1.0110578695171397,3.5015419623621653e-06
20,Bura,1.0,1.0110578695171397,3.5015419623621653e-06
20,Burn-Out,1.0,1.0110578695171397,3.5015419623621653e-06
20,Burn Out: Part 2,1.0,1.0110578695171397,3.5015419623621653e-06
20,"Bus linea 629, 07:43 horas",1.0,1.0110578695171397,3.5015419623621653e-06
20,Cable Guy,1.0,1.0110578695171397,3.5015419623621653e-06
20,Caco Nem Pintado,1.0,1.0110578695171397,3.5015419623621653e-06
20,Café de Liceo,1.0,1.0110578695171397,3.5015419623621653e-06
20,Café Meineid,1.0,1.0110578695171397,3.5015419623621653e-06
20,Calendar Year 1955,1.0,1.0110578695171397,3.5015419623621653e-06
20,California,1.0,1.0110578695171397,3.5015419623621653e-06
20,California Straight Ahead!,1.0,1.0110578695171397,3.5015419623621653e-06
20,Calino et la voyante,1.0,1.0110578695171397,3.5015419623621653e-06
20,Calino souffleur,1.0,1.0110578695171397,3.5015419623621653e-06
20,Call Me Troy,1.0,1.0110578695171397,3.5015419623621653e-06
20,Call of Duty 2: Big Red One,1.0,1.0110578695171397,3.5015419623621653e-06
20,Camille,1.0,1.0110578695171397,3.5015419623621653e-06
20,Camilo no reconoce la autoría de su artículo,1.0,1.0110578695171397,3.5015419623621653e-06
20,Camp Dead,1.0,1.0110578695171397,3.5015419623621653e-06
20,Can't Live Without Tech and Happy New Year,1.0,1.0110578695171397,3.5015419623621653e-06
20,Canadian Labour Studies Series: Part 2,1.0,1.0110578695171397,3.5015419623621653e-06
20,Cancerul,1.0,1.0110578695171397,3.5015419623621653e-06
20,Cane Toads: The Conquest,1.0,1.0110578695171397,3.5015419623621653e-06
20,Cannibal Maniac,1.0,1.0110578695171397,3.5015419623621653e-06
20,Canning Scenery,1.0,1.0110578695171397,3.5015419623621653e-06
20,Cantinflas y los heroes de la historia,1.0,1.0110578695171397,3.5015419623621653e-06
20,Capodanno in casa Curiello,1.0,1.0110578695171397,3.5015419623621653e-06
20,Capture the Flag,1.0,1.0110578695171397,3.5015419623621653e-06
20,Car Wash,1.0,1.0110578695171397,3.5015419623621653e-06
20,Cara,1.0,1.0110578695171397,3.5015419623621653e-06
20,Carmen torero,1.0,1.0110578695171397,3.5015419623621653e-06
20,Carol Gets a Raise,1.0,1.0110578695171397,3.5015419623621653e-06
20,Caroline and the Sudsy Guy,1.0,1.0110578695171397,3.5015419623621653e-06
20,Carrie Underwood,1.0,1.0110578695171397,3.5015419623621653e-06
20,"Cars, Weddings, and Asian Bling",1.0,1.0110578695171397,3.5015419623621653e-06
20,Case 603,1.0,1.0110578695171397,3.5015419623621653e-06
20,Cassino to Korea,1.0,1.0110578695171397,3.5015419623621653e-06
20,Casting Couch,2.0,1.0110578695171397,0.00031315456950058905
20,Catalina volvió,1.0,1.0110578695171397,3.5015419623621653e-06
20,Catherine,1.0,1.0110578695171397,3.5015419623621653e-06
20,Cazador de vampiros,1.0,1.0110578695171397,3.5015419623621653e-06
20,Ce monde est fou,1.0,1.0110578695171397,3.5015419623621653e-06
20,Cécel bourreau de mémé,1.0,1.0110578695171397,3.5015419623621653e-06
20,Cena peligrosa,1.0,1.0110578695171397,3.5015419623621653e-06
20,Centerfold Fetish,1.0,1.0110578695171397,3.5015419623621653e-06
20,Centralvaskeriet,1.0,1.0110578695171397,3.5015419623621653e-06
20,Cesare Mori - Il prefetto di ferro,1.0,1.0110578695171397,3.5015419623621653e-06
20,Chaharshanbe-soori,1.0,1.0110578695171397,3.5015419623621653e-06
20,Chanchal,1.0,1.0110578695171397,3.5015419623621653e-06
20,Chand Aur Suraj,1.0,1.0110578695171397,3.5015419623621653e-06
20,Changeling/Happy-Go-Lucky/Quantum of Solace,1.0,1.0110578695171397,3.5015419623621653e-06
20,Charents: In Search of My Armenian Poet,1.0,1.0110578695171397,3.5015419623621653e-06
20,Charleys Tante,1.0,1.0110578695171397,3.5015419623621653e-06
20,Charlie & the Chocolate Factory That Was a Front for a Sweatshop That Makes Gym Bags,1.0,1.0110578695171397,3.5015419623621653e-06
20,Charlie Williams,1.0,1.0110578695171397,3.5015419623621653e-06
20,Charlotte et la maison hantée,1.0,1.0110578695171397,3.5015419623621653e-06
20,Charly und der Champion,1.0,1.0110578695171397,3.5015419623621653e-06
20,Chasing Cane: At What Cost,1.0,1.0110578695171397,3.5015419623621653e-06
20,Chasing Summer 2,1.0,1.0110578695171397,3.5015419623621653e-06
20,Chasing Utopia: Episode 12 - Freedom,1.0,1.0110578695171397,3.5015419623621653e-06
20,Chastity's Workout Ambush,1.0,1.0110578695171397,3.5015419623621653e-06
20,Cheated Love,1.0,1.0110578695171397,3.5015419623621653e-06
20,Checking Out: Grand Hotel,1.0,1.0110578695171397,3.5015419623621653e-06
20,Cheers,1.0,1.0110578695171397,3.5015419623621653e-06
20,Cheese,1.0,1.0110578695171397,3.5015419623621653e-06
20,Cheese and Tomato Melts Recipes,1.0,1.0110578695171397,3.5015419623621653e-06
20,Chelovek No. 217,1.0,1.0110578695171397,3.5015419623621653e-06
20,Cheongdam-dong Alice,1.0,1.0110578695171397,3.5015419623621653e-06
20,Chi mangarà il tacchino?,1.0,1.0110578695171397,3.5015419623621653e-06
20,Chi non finge è perduto,1.0,1.0110578695171397,3.5015419623621653e-06
20,Chick Magnet,1.0,1.0110578695171397,3.5015419623621653e-06
20,"Chickies, Babies & Wannabees",1.0,1.0110578695171397,3.5015419623621653e-06
20,Cholos empericados 2,1.0,1.0110578695171397,3.5015419623621653e-06
20,Chris Makes a Movie,1.0,1.0110578695171397,3.5015419623621653e-06
20,Christmas Carols with the Troops,1.0,1.0110578695171397,3.5015419623621653e-06
20,Christmas in Rockefeller Center,1.0,1.0110578695171397,3.5015419623621653e-06
20,Christmas Special,1.0,1.0110578695171397,3.5015419623621653e-06
20,"Ciao, Italia!",1.0,1.0110578695171397,3.5015419623621653e-06
20,Cindy,1.0,1.0110578695171397,3.5015419623621653e-06
20,Cine historico,1.0,1.0110578695171397,3.5015419623621653e-06
20,Cinema Hong Kong: Wu Xia,1.0,1.0110578695171397,3.5015419623621653e-06
20,Cinematic Titanic: Legacy of Blood,1.0,1.0110578695171397,3.5015419623621653e-06
20,Ciro il piccolo,1.0,1.0110578695171397,3.5015419623621653e-06
20,Citadelle Humanitaire,1.0,1.0110578695171397,3.5015419623621653e-06
20,City State,1.0,1.0110578695171397,3.5015419623621653e-06
20,City Sweet City!!!!,1.0,1.0110578695171397,3.5015419623621653e-06
20,Claudia McLain 'Hostess with the Mostest',1.0,1.0110578695171397,3.5015419623621653e-06
20,CMT Flame Worthy Video Music Awards Pre-Party,1.0,1.0110578695171397,3.5015419623621653e-06
20,Coconuts no natsu,1.0,1.0110578695171397,3.5015419623621653e-06
20,Code Green,1.0,1.0110578695171397,3.5015419623621653e-06
20,Cold Reading,1.0,1.0110578695171397,3.5015419623621653e-06
20,Colder,1.0,1.0110578695171397,3.5015419623621653e-06
20,Colour Me Free,1.0,1.0110578695171397,3.5015419623621653e-06
20,Colpo di coda,1.0,1.0110578695171397,3.5015419623621653e-06
20,Combat Kids,1.0,1.0110578695171397,3.5015419623621653e-06
20,Comic in the Spotlight: Queen Aishah,1.0,1.0110578695171397,3.5015419623621653e-06
20,Common Sacrifice,1.0,1.0110578695171397,3.5015419623621653e-06
20,Communication 1,1.0,1.0110578695171397,3.5015419623621653e-06
20,Comptine en 2 temps,1.0,1.0110578695171397,3.5015419623621653e-06
20,Concrete Jungle,1.0,1.0110578695171397,3.5015419623621653e-06
20,Conduit,1.0,1.0110578695171397,3.5015419623621653e-06
20,Convenience,1.0,1.0110578695171397,3.5015419623621653e-06
20,Conversations à Rechlin,1.0,1.0110578695171397,3.5015419623621653e-06
20,Cool Breeze Over the Mountains,1.0,1.0110578695171397,3.5015419623621653e-06
20,Cops,1.0,1.0110578695171397,3.5015419623621653e-06
20,Corky of Gasoline Alley,1.0,1.0110578695171397,3.5015419623621653e-06
20,Corpo d'amore,1.0,1.0110578695171397,3.5015419623621653e-06
20,Corporate Bulimia,1.0,1.0110578695171397,3.5015419623621653e-06
20,Corto Maltese - La ballade de la mer salée,1.0,1.0110578695171397,3.5015419623621653e-06
20,Cosmic Cowboys,1.0,1.0110578695171397,3.5015419623621653e-06
20,Cosmic Monsters,1.0,1.0110578695171397,3.5015419623621653e-06
20,Cosmic Quantum... Robbie!?,1.0,1.0110578695171397,3.5015419623621653e-06
20,Country Gold,1.0,1.0110578695171397,3.5015419623621653e-06
20,Coup De Grace,1.0,1.0110578695171397,3.5015419623621653e-06
20,Courting Disaster,1.0,1.0110578695171397,3.5015419623621653e-06
20,Cover Girl Killer,1.0,1.0110578695171397,3.5015419623621653e-06
20,Cowboys from Texas,1.0,1.0110578695171397,3.5015419623621653e-06
20,Cox és Box,1.0,1.0110578695171397,3.5015419623621653e-06
20,Craftsmen of Old Sturbridge Village,1.0,1.0110578695171397,3.5015419623621653e-06
20,Crazy Feet,1.0,1.0110578695171397,3.5015419623621653e-06
20,Crazy Hobo Meets a Lady,1.0,1.0110578695171397,3.5015419623621653e-06
20,Cream Pie for the Straight Girl,1.0,1.0110578695171397,3.5015419623621653e-06
20,"Crise, que crise?",1.0,1.0110578695171397,3.5015419623621653e-06
20,Crook & Chase,1.0,1.0110578695171397,3.5015419623621653e-06
20,Cruce de Rutas,1.0,1.0110578695171397,3.5015419623621653e-06
20,Cruisin' J-Town,1.0,1.0110578695171397,3.5015419623621653e-06
20,Crypt of Civilization,1.0,1.0110578695171397,3.5015419623621653e-06
20,CSI: Crime Scene Investigation/Dumb & Dumber/The Bourne Identity,1.0,1.0110578695171397,3.5015419623621653e-06
20,"Cuba, Sport and Revolution",1.0,1.0110578695171397,3.5015419623621653e-06
20,Cudo u Sarganu,1.0,1.0110578695171397,3.5015419623621653e-06
20,Cue and Miss Cue,1.0,1.0110578695171397,3.5015419623621653e-06
20,Culturas prehispanicas de México,1.0,1.0110578695171397,3.5015419623621653e-06
20,"Cum Rain, Cum Shine",1.0,1.0110578695171397,3.5015419623621653e-06
20,Cum Stained Casting Couch 13,1.0,1.0110578695171397,3.5015419623621653e-06
20,Curse of the Vampires,1.0,1.0110578695171397,3.5015419623621653e-06
20,Curses!,1.0,1.0110578695171397,3.5015419623621653e-06
20,Cut,1.0,1.0110578695171397,3.5015419623621653e-06
20,Cutey's Vacation,1.0,1.0110578695171397,3.5015419623621653e-06
20,Cyrano et d'Assoucy,1.0,1.0110578695171397,3.5015419623621653e-06
20,D,1.0,1.0110578695171397,3.5015419623621653e-06
20,D-Cup Discipline,1.0,1.0110578695171397,3.5015419623621653e-06
20,Da Goeschenen ad Andermatt,1.0,1.0110578695171397,3.5015419623621653e-06
20,Da pilya en da pilot,1.0,1.0110578695171397,3.5015419623621653e-06
20,Da tenshi hashiru,1.0,1.0110578695171397,3.5015419623621653e-06
20,Dad's Surprise,1.0,1.0110578695171397,3.5015419623621653e-06
20,Dad for Hire,1.0,1.0110578695171397,3.5015419623621653e-06
20,Daini shiken sutâto! Mawari wa minna teki darake!,1.0,1.0110578695171397,3.5015419623621653e-06
20,Damon Blows America Volume 6: New York and Palm Springs,1.0,1.0110578695171397,3.5015419623621653e-06
20,Dan 5 - Day 5,1.0,1.0110578695171397,3.5015419623621653e-06
20,Dance it Off with Vicky Binns,1.0,1.0110578695171397,3.5015419623621653e-06
20,Dance of the Furies,1.0,1.0110578695171397,3.5015419623621653e-06
20,Dancing Dreams,1.0,1.0110578695171397,3.5015419623621653e-06
20,Daniel Hjort,1.0,1.0110578695171397,3.5015419623621653e-06
20,Daniels Recital Hall - A Tribute to Winter,1.0,1.0110578695171397,3.5015419623621653e-06
20,Danny's Back!,1.0,1.0110578695171397,3.5015419623621653e-06
20,Danny and Bob Get Away from It All,1.0,1.0110578695171397,3.5015419623621653e-06
20,Dans la vie,1.0,1.0110578695171397,3.5015419623621653e-06
20,Dans un camion rouge,1.0,1.0110578695171397,3.5015419623621653e-06
20,Danse macabre,1.0,1.0110578695171397,3.5015419623621653e-06
20,Darby and Joan,1.0,1.0110578695171397,3.5015419623621653e-06
20,Dare mo Mita koto no nai Nazo no Karupaccho,1.0,1.0110578695171397,3.5015419623621653e-06
20,Dark Mansions,1.0,1.0110578695171397,3.5015419623621653e-06
20,Dark of Moon,1.0,1.0110578695171397,3.5015419623621653e-06
20,Das Danzig Dreieck,1.0,1.0110578695171397,3.5015419623621653e-06
20,Das Ei,1.0,1.0110578695171397,3.5015419623621653e-06
20,Das Ende des Schweigens,1.0,1.0110578695171397,3.5015419623621653e-06
20,Das Ende vom Lied,1.0,1.0110578695171397,3.5015419623621653e-06
20,Das Geheimnis der Blauen Lagune,1.0,1.0110578695171397,3.5015419623621653e-06
20,Das Geheimnis von Monte Carlo,1.0,1.0110578695171397,3.5015419623621653e-06
20,Das Puzzle,1.0,1.0110578695171397,3.5015419623621653e-06
20,Das Staatsgeheimnis,1.0,1.0110578695171397,3.5015419623621653e-06
20,Date with Danger,1.0,1.0110578695171397,3.5015419623621653e-06
20,David/Eric/Amy Baby,1.0,1.0110578695171397,3.5015419623621653e-06
20,Day 3: 4:00 a.m.-5:00 a.m.,1.0,1.0110578695171397,3.5015419623621653e-06
20,Day 6: 5:00 p.m.-6:00 p.m.,1.0,1.0110578695171397,3.5015419623621653e-06
20,De cine y literatura,1.0,1.0110578695171397,3.5015419623621653e-06
20,De hond was executeur,1.0,1.0110578695171397,3.5015419623621653e-06
20,De judicial a traficante,1.0,1.0110578695171397,3.5015419623621653e-06
20,De luchtbrug,1.0,1.0110578695171397,3.5015419623621653e-06
20,De overval,1.0,1.0110578695171397,3.5015419623621653e-06
20,De van Duin show,1.0,1.0110578695171397,3.5015419623621653e-06
20,Dead Meat,1.0,1.0110578695171397,3.5015419623621653e-06
20,Death & the Robot,1.0,1.0110578695171397,3.5015419623621653e-06
20,Death Canyon,1.0,1.0110578695171397,3.5015419623621653e-06
20,Death Ed,1.0,1.0110578695171397,3.5015419623621653e-06
20,Death of an Agent,1.0,1.0110578695171397,3.5015419623621653e-06
20,Death on the Dole,1.0,1.0110578695171397,3.5015419623621653e-06
20,Death Trap,1.0,1.0110578695171397,3.5015419623621653e-06
20,Debufura ryôiki,1.0,1.0110578695171397,3.5015419623621653e-06
20,Debutanten,1.0,1.0110578695171397,3.5015419623621653e-06
20,Décrochages,1.0,1.0110578695171397,3.5015419623621653e-06
20,Deep Inside Jeanna Fine,1.0,1.0110578695171397,3.5015419623621653e-06
20,Deep Wreck Mysteries: Unsinkable Battleship,1.0,1.0110578695171397,3.5015419623621653e-06
20,Délit de fuite,1.0,1.0110578695171397,3.5015419623621653e-06
20,DeLorean/Hovercraft,1.0,1.0110578695171397,3.5015419623621653e-06
20,Demolition Titan,1.0,1.0110578695171397,3.5015419623621653e-06
20,Demon of Temptation,1.0,1.0110578695171397,3.5015419623621653e-06
20,Den elaka drottningen,1.0,1.0110578695171397,3.5015419623621653e-06
20,Den slanke dag med Martin Ib,1.0,1.0110578695171397,3.5015419623621653e-06
20,Dennis,1.0,1.0110578695171397,3.5015419623621653e-06
20,Der Andere neben dir,1.0,1.0110578695171397,3.5015419623621653e-06
20,Der Börsenkönig,1.0,1.0110578695171397,3.5015419623621653e-06
20,Der Contergan Skandal,1.0,1.0110578695171397,3.5015419623621653e-06
20,Der Drachentöter,1.0,1.0110578695171397,3.5015419623621653e-06
20,Der falsche Mann,1.0,1.0110578695171397,3.5015419623621653e-06
20,Der Geburtstag,1.0,1.0110578695171397,3.5015419623621653e-06
20,Der große Knall,1.0,1.0110578695171397,3.5015419623621653e-06
20,Der Herbst,1.0,1.0110578695171397,3.5015419623621653e-06
20,Der Hund von Baskerville,1.0,1.0110578695171397,3.5015419623621653e-06
20,Der letzte Coup,1.0,1.0110578695171397,3.5015419623621653e-06
20,Der Porno-Praktikant,1.0,1.0110578695171397,3.5015419623621653e-06
20,Der var engang en dreng - som fik en lillesøster med vinger,1.0,1.0110578695171397,3.5015419623621653e-06
20,Der weiße Gott,1.0,1.0110578695171397,3.5015419623621653e-06
20,Des Hoyaa Pardes,1.0,1.0110578695171397,3.5015419623621653e-06
20,Desencontros,1.0,1.0110578695171397,3.5015419623621653e-06
20,Deseret,1.0,1.0110578695171397,3.5015419623621653e-06
20,Desires of Innocence,1.0,1.0110578695171397,3.5015419623621653e-06
20,Desperate Bondage Strugglers,1.0,1.0110578695171397,3.5015419623621653e-06
20,Detektive,1.0,1.0110578695171397,3.5015419623621653e-06
20,Detour,1.0,1.0110578695171397,3.5015419623621653e-06
20,Détournement,1.0,1.0110578695171397,3.5015419623621653e-06
20,Devon Does Baja,1.0,1.0110578695171397,3.5015419623621653e-06
20,Diamantenfieber,1.0,1.0110578695171397,3.5015419623621653e-06
20,Diary of a Mad Porn Director,1.0,1.0110578695171397,3.5015419623621653e-06
20,Dichoso mordisco,1.0,1.0110578695171397,3.5015419623621653e-06
20,Dickes Fell,1.0,1.0110578695171397,3.5015419623621653e-06
20,Die 10% Bande,1.0,1.0110578695171397,3.5015419623621653e-06
20,Die erfolgreichsten Duos,1.0,1.0110578695171397,3.5015419623621653e-06
20,Die goldene Kamera 1968,1.0,1.0110578695171397,3.5015419623621653e-06
20,Die großen Kriminalfälle,1.0,1.0110578695171397,3.5015419623621653e-06
20,Die Herrgottsgrenadiere,1.0,1.0110578695171397,3.5015419623621653e-06
20,Die Neue,1.0,1.0110578695171397,3.5015419623621653e-06
20,Die platonische Ehe,1.0,1.0110578695171397,3.5015419623621653e-06
20,Die Stille nach dem Schuß,1.0,1.0110578695171397,3.5015419623621653e-06
20,Die Stimme des Gewissens,1.0,1.0110578695171397,3.5015419623621653e-06
20,Dievca z jazera,1.0,1.0110578695171397,3.5015419623621653e-06
20,Difei Graduate from Cambridge,1.0,1.0110578695171397,3.5015419623621653e-06
20,Ding Yi Shan,1.0,1.0110578695171397,3.5015419623621653e-06
20,Dinner and Show,1.0,1.0110578695171397,3.5015419623621653e-06
20,Dirty 30's 5,1.0,1.0110578695171397,3.5015419623621653e-06
20,Dirty Game,1.0,1.0110578695171397,3.5015419623621653e-06
20,Disco Dancing,1.0,1.0110578695171397,3.5015419623621653e-06
20,Discovering Britain with John Betjeman: North East Region,1.0,1.0110578695171397,3.5015419623621653e-06
20,Displacement,1.0,1.0110578695171397,3.5015419623621653e-06
20,Dive,1.0,1.0110578695171397,3.5015419623621653e-06
20,Divizionz,1.0,1.0110578695171397,3.5015419623621653e-06
20,Dizzy Daisy,1.0,1.0110578695171397,3.5015419623621653e-06
20,Dizzy Joe's Career,1.0,1.0110578695171397,3.5015419623621653e-06
20,Djavolje sjeme,1.0,1.0110578695171397,3.5015419623621653e-06
20,Do It Yourself,1.0,1.0110578695171397,3.5015419623621653e-06
20,Dödsdansen I-II,1.0,1.0110578695171397,3.5015419623621653e-06
20,Doggie Window Seat,1.0,1.0110578695171397,3.5015419623621653e-06
20,Dogs 'n Ducks,1.0,1.0110578695171397,3.5015419623621653e-06
20,Don't Get It Twisted,1.0,1.0110578695171397,3.5015419623621653e-06
20,Don't Let George Do It,1.0,1.0110578695171397,3.5015419623621653e-06
20,Dona Xepa,1.0,1.0110578695171397,3.5015419623621653e-06
20,Door Ka Raahi,1.0,1.0110578695171397,3.5015419623621653e-06
20,Dorotej,1.0,1.0110578695171397,3.5015419623621653e-06
20,Dortmund - Toni's Ristorante: Part Four,1.0,1.0110578695171397,3.5015419623621653e-06
20,Dos Caras,1.0,1.0110578695171397,3.5015419623621653e-06
20,Dosar,1.0,1.0110578695171397,3.5015419623621653e-06
20,Doublecross Valley,1.0,1.0110578695171397,3.5015419623621653e-06
20,Down Lonely Street: Part 1,1.0,1.0110578695171397,3.5015419623621653e-06
20,Down Under Duckula,1.0,1.0110578695171397,3.5015419623621653e-06
20,Downelink.com's One Night Stand Up,1.0,1.0110578695171397,3.5015419623621653e-06
20,Doyoubi no tenshi,1.0,1.0110578695171397,3.5015419623621653e-06
20,Dream Weavers,1.0,1.0110578695171397,3.5015419623621653e-06
20,Dreams,1.0,1.0110578695171397,3.5015419623621653e-06
20,Dress Mess,1.0,1.0110578695171397,3.5015419623621653e-06
20,Dressed for Jess Success!,1.0,1.0110578695171397,3.5015419623621653e-06
20,Driftwood,1.0,1.0110578695171397,3.5015419623621653e-06
20,Droppin' the Boom,1.0,1.0110578695171397,3.5015419623621653e-06
20,Drowning on Dry Land,1.0,1.0110578695171397,3.5015419623621653e-06
20,Drum Taps,1.0,1.0110578695171397,3.5015419623621653e-06
20,Du hast Glück bei den Frau'n,1.0,1.0110578695171397,3.5015419623621653e-06
20,Duas Mães de Lineu,1.0,1.0110578695171397,3.5015419623621653e-06
20,Duck (Ahiru),1.0,1.0110578695171397,3.5015419623621653e-06
20,Duck Soup,1.0,1.0110578695171397,3.5015419623621653e-06
20,Dulcinea,1.0,1.0110578695171397,3.5015419623621653e-06
20,"Dumnezeu la saxofon, dracu la vioara",1.0,1.0110578695171397,3.5015419623621653e-06
20,Dungeon Keeper 2,1.0,1.0110578695171397,3.5015419623621653e-06
20,Dve sestry 2,1.0,1.0110578695171397,3.5015419623621653e-06
20,Dying Is Easy,1.0,1.0110578695171397,3.5015419623621653e-06
20,E allora mambo!,1.0,1.0110578695171397,3.5015419623621653e-06
20,E411,1.0,1.0110578695171397,3.5015419623621653e-06
20,Eastern Cape: Liberation Route,1.0,1.0110578695171397,3.5015419623621653e-06
20,"Eat, Pray, Love",1.0,1.0110578695171397,3.5015419623621653e-06
20,Ébredés,1.0,1.0110578695171397,3.5015419623621653e-06
20,EChO,1.0,1.0110578695171397,3.5015419623621653e-06
20,Echoes,1.0,1.0110578695171397,3.5015419623621653e-06
20,Edinburgh Vaults,1.0,1.0110578695171397,3.5015419623621653e-06
20,Edmund,1.0,1.0110578695171397,3.5015419623621653e-06
20,Edouard et ses filles,1.0,1.0110578695171397,3.5015419623621653e-06
20,Educating Piggy,1.0,1.0110578695171397,3.5015419623621653e-06
20,Eesti otsib superstaari,1.0,1.0110578695171397,3.5015419623621653e-06
20,Eetti,1.0,1.0110578695171397,3.5015419623621653e-06
20,Eierdiebe,1.0,1.0110578695171397,3.5015419623621653e-06
20,Eight Men Out,1.0,1.0110578695171397,3.5015419623621653e-06
20,Ein durchschlagender Erfolg,1.0,1.0110578695171397,3.5015419623621653e-06
20,Ein Mann nach meinem Herzen,1.0,1.0110578695171397,3.5015419623621653e-06
20,Ein Stück vom Glück,1.0,1.0110578695171397,3.5015419623621653e-06
20,Einer fehlt beim Kurkonzert,1.0,1.0110578695171397,3.5015419623621653e-06
20,El call center de los muertos,1.0,1.0110578695171397,3.5015419623621653e-06
20,El Chapo de Sinaloa/Montez de Durango/Los Apostadores,1.0,1.0110578695171397,3.5015419623621653e-06
20,El cor de majoria absoluta,1.0,1.0110578695171397,3.5015419623621653e-06
20,El detective cazanachas,1.0,1.0110578695171397,3.5015419623621653e-06
20,El diario de Zuleidy,1.0,1.0110578695171397,3.5015419623621653e-06
20,El fastidio,1.0,1.0110578695171397,3.5015419623621653e-06
20,El fin de la espera,1.0,1.0110578695171397,3.5015419623621653e-06
20,"El Fin de Todo, Menos del Terror",1.0,1.0110578695171397,3.5015419623621653e-06
20,El fugitivo,1.0,1.0110578695171397,3.5015419623621653e-06
20,El germanet,1.0,1.0110578695171397,3.5015419623621653e-06
20,El hombre de Río Malo,1.0,1.0110578695171397,3.5015419623621653e-06
20,El jovencito,1.0,1.0110578695171397,3.5015419623621653e-06
20,El libro talonario,1.0,1.0110578695171397,3.5015419623621653e-06
20,El noviazgo de Vicky,1.0,1.0110578695171397,3.5015419623621653e-06
20,El turismo,1.0,1.0110578695171397,3.5015419623621653e-06
20,El vendedor de humo,1.0,1.0110578695171397,3.5015419623621653e-06
20,Elecciones,1.0,1.0110578695171397,3.5015419623621653e-06
20,Elegance,1.0,1.0110578695171397,3.5015419623621653e-06
20,Eli's Gumming,1.0,1.0110578695171397,3.5015419623621653e-06
20,Elopers on the Ropes,1.0,1.0110578695171397,3.5015419623621653e-06
20,Els desitjos de Nadal,1.0,1.0110578695171397,3.5015419623621653e-06
20,"Elvira Luz Cruz, pena máxima",1.0,1.0110578695171397,3.5015419623621653e-06
20,Embrace the Darkness II,1.0,1.0110578695171397,3.5015419623621653e-06
20,Emet O Hova,1.0,1.0110578695171397,3.5015419623621653e-06
20,Emigranti,1.0,1.0110578695171397,3.5015419623621653e-06
20,Emily Wants to Know the Truth About Her Son,1.0,1.0110578695171397,3.5015419623621653e-06
20,En el corredor de la muerte,1.0,1.0110578695171397,3.5015419623621653e-06
20,En el mundo a cada rato,1.0,1.0110578695171397,3.5015419623621653e-06
20,Encantadia,1.0,1.0110578695171397,3.5015419623621653e-06
20,Ends of Justice,1.0,1.0110578695171397,3.5015419623621653e-06
20,Enemies Close,1.0,1.0110578695171397,3.5015419623621653e-06
20,Entwined,1.0,1.0110578695171397,3.5015419623621653e-06
20,Eristetyt,1.0,1.0110578695171397,3.5015419623621653e-06
20,Ernüchterung,1.0,1.0110578695171397,3.5015419623621653e-06
20,Erotica XXX 5,1.0,1.0110578695171397,3.5015419623621653e-06
20,Escape Me,1.0,1.0110578695171397,3.5015419623621653e-06
20,Escena del crimen,1.0,1.0110578695171397,3.5015419623621653e-06
20,Especial De Adan Y Eva,1.0,1.0110578695171397,3.5015419623621653e-06
20,"Espoir, vertu d'esclave",1.0,1.0110578695171397,3.5015419623621653e-06
20,"Ethnic, Exotic Okubo",1.0,1.0110578695171397,3.5015419623621653e-06
20,Eurocreme's Porn Academy: Young N' Hung,1.0,1.0110578695171397,3.5015419623621653e-06
20,European Meat 4,1.0,1.0110578695171397,3.5015419623621653e-06
20,Eva en cadenas,1.0,1.0110578695171397,3.5015419623621653e-06
20,Evas Rosengartentour,1.0,1.0110578695171397,3.5015419623621653e-06
20,Every Mother Should Know,1.0,1.0110578695171397,3.5015419623621653e-06
20,Everyone,1.0,1.0110578695171397,3.5015419623621653e-06
20,Evil Tales 3: The Final Chapter,1.0,1.0110578695171397,3.5015419623621653e-06
20,Executive Decision,1.0,1.0110578695171397,3.5015419623621653e-06
20,Exit Line,1.0,1.0110578695171397,3.5015419623621653e-06
20,Expensive Vow,1.0,1.0110578695171397,3.5015419623621653e-06
20,Exposição Histórica da Ocupação,1.0,1.0110578695171397,3.5015419623621653e-06
20,Extra: In the Background of a Dream,1.0,1.0110578695171397,3.5015419623621653e-06
20,Extreme Championship Wrestling: The Best of Cactus Jack,1.0,1.0110578695171397,3.5015419623621653e-06
20,Eye for an Eye,1.0,1.0110578695171397,3.5015419623621653e-06
20,Eye to Eye with Ivan and the Ice Curtain,1.0,1.0110578695171397,3.5015419623621653e-06
20,Fabian,1.0,1.0110578695171397,3.5015419623621653e-06
20,Facing Goliath,1.0,1.0110578695171397,3.5015419623621653e-06
20,Failure to Launch,1.0,1.0110578695171397,3.5015419623621653e-06
20,Faker Chaser,1.0,1.0110578695171397,3.5015419623621653e-06
20,Fall Favorites,1.0,1.0110578695171397,3.5015419623621653e-06
20,Falling Words,1.0,1.0110578695171397,3.5015419623621653e-06
20,Fallos Circilatorios,1.0,1.0110578695171397,3.5015419623621653e-06
20,Familia,1.0,1.0110578695171397,3.5015419623621653e-06
20,Familiar Faces #33: Dr. Insano,1.0,1.0110578695171397,3.5015419623621653e-06
20,Familien Gyldenkål,1.0,1.0110578695171397,3.5015419623621653e-06
20,Family Guy Online,1.0,1.0110578695171397,3.5015419623621653e-06
20,Family Values,1.0,1.0110578695171397,3.5015419623621653e-06
20,Fancy Meeting You Here,1.0,1.0110578695171397,3.5015419623621653e-06
20,Fantasmas del pasado,1.0,1.0110578695171397,3.5015419623621653e-06
20,Fantasy of Flesh,1.0,1.0110578695171397,3.5015419623621653e-06
20,FARM the Musical,1.0,1.0110578695171397,3.5015419623621653e-06
20,Fast Friends,1.0,1.0110578695171397,3.5015419623621653e-06
20,Fat Pets,1.0,1.0110578695171397,3.5015419623621653e-06
20,Fatal Feud,1.0,1.0110578695171397,3.5015419623621653e-06
20,Fate Come Me,1.0,1.0110578695171397,3.5015419623621653e-06
20,Father's Birthday Ring,1.0,1.0110578695171397,3.5015419623621653e-06
20,Father to Son,1.0,1.0110578695171397,3.5015419623621653e-06
20,Fe,1.0,1.0110578695171397,3.5015419623621653e-06
20,Fear Factor,1.0,1.0110578695171397,3.5015419623621653e-06
20,Fear Thy Neighbour,1.0,1.0110578695171397,3.5015419623621653e-06
20,Feather Weights,1.0,1.0110578695171397,3.5015419623621653e-06
20,"February 1st, 2012",1.0,1.0110578695171397,3.5015419623621653e-06
20,Fehlschuß,1.0,1.0110578695171397,3.5015419623621653e-06
20,Felix's Story,1.0,1.0110578695171397,3.5015419623621653e-06
20,Felony,1.0,1.0110578695171397,3.5015419623621653e-06
20,Femenino singular,1.0,1.0110578695171397,3.5015419623621653e-06
20,Feng kuang shao nu ying,1.0,1.0110578695171397,3.5015419623621653e-06
20,Ferga-licious,1.0,1.0110578695171397,3.5015419623621653e-06
20,Festival of Death,1.0,1.0110578695171397,3.5015419623621653e-06
20,Festival Updates,1.0,1.0110578695171397,3.5015419623621653e-06
20,Fette Gewinne - teure Preise! Strom und Wasser bald unbezahlbar?,1.0,1.0110578695171397,3.5015419623621653e-06
20,Feueralarm,1.0,1.0110578695171397,3.5015419623621653e-06
20,Filière 13,1.0,1.0110578695171397,3.5015419623621653e-06
20,Filmed in Utah (3/21/12),1.0,1.0110578695171397,3.5015419623621653e-06
20,Filming in Africa,1.0,1.0110578695171397,3.5015419623621653e-06
20,Filmmaker's Challenge,1.0,1.0110578695171397,3.5015419623621653e-06
20,Filthy Food,1.0,1.0110578695171397,3.5015419623621653e-06
20,Finding Your Way,1.0,1.0110578695171397,3.5015419623621653e-06
20,Fire,1.0,1.0110578695171397,3.5015419623621653e-06
20,Fires Were Started,1.0,1.0110578695171397,3.5015419623621653e-06
20,Firestorm,1.0,1.0110578695171397,3.5015419623621653e-06
20,Fireworks,1.0,1.0110578695171397,3.5015419623621653e-06
20,Firpo-Dempsey,1.0,1.0110578695171397,3.5015419623621653e-06
20,First Impressions,1.0,1.0110578695171397,3.5015419623621653e-06
20,First Time Ever,1.0,1.0110578695171397,3.5015419623621653e-06
20,Fish Lips,1.0,1.0110578695171397,3.5015419623621653e-06
20,Five,1.0,1.0110578695171397,3.5015419623621653e-06
20,Fixer,1.0,1.0110578695171397,3.5015419623621653e-06
20,Flash Frames,1.0,1.0110578695171397,3.5015419623621653e-06
20,Flashback,1.0,1.0110578695171397,3.5015419623621653e-06
20,Fleeting Visit,1.0,1.0110578695171397,3.5015419623621653e-06
20,"Flic, impair et casse",1.0,1.0110578695171397,3.5015419623621653e-06
20,"Fliege, roter Schmetterling",1.0,1.0110578695171397,3.5015419623621653e-06
20,Flowers,1.0,1.0110578695171397,3.5015419623621653e-06
20,Flüssigkeitswechselgetriebe,1.0,1.0110578695171397,3.5015419623621653e-06
20,Flying High at Cocktail Cove/Disappearance Before Dawn,1.0,1.0110578695171397,3.5015419623621653e-06
20,Flying to Fortune,1.0,1.0110578695171397,3.5015419623621653e-06
20,Folge 4,1.0,1.0110578695171397,3.5015419623621653e-06
20,Food Spell,1.0,1.0110578695171397,3.5015419623621653e-06
20,Fool Moon,1.0,1.0110578695171397,3.5015419623621653e-06
20,Footage,1.0,1.0110578695171397,3.5015419623621653e-06
20,For All Debts Public and Private,1.0,1.0110578695171397,3.5015419623621653e-06
20,For Auld Lang Syne,1.0,1.0110578695171397,3.5015419623621653e-06
20,For the West,1.0,1.0110578695171397,3.5015419623621653e-06
20,Forbidden,1.0,1.0110578695171397,3.5015419623621653e-06
20,Forced Native American Relocation,1.0,1.0110578695171397,3.5015419623621653e-06
20,Forellenquintett,1.0,1.0110578695171397,3.5015419623621653e-06
20,Forget Me Not,1.0,1.0110578695171397,3.5015419623621653e-06
20,Former House Hunters Go on the Searach Again,1.0,1.0110578695171397,3.5015419623621653e-06
20,Former Nationality,1.0,1.0110578695171397,3.5015419623621653e-06
20,Första sången: Ny kantorn,1.0,1.0110578695171397,3.5015419623621653e-06
20,Fortune Multiplier,1.0,1.0110578695171397,3.5015419623621653e-06
20,Four Jolly Sailormen,1.0,1.0110578695171397,3.5015419623621653e-06
20,Four Ways to Say Farewell,1.0,1.0110578695171397,3.5015419623621653e-06
20,Fowl Play,1.0,1.0110578695171397,3.5015419623621653e-06
20,FoxTrot,1.0,1.0110578695171397,3.5015419623621653e-06
20,Fra le belve,1.0,1.0110578695171397,3.5015419623621653e-06
20,Från en barndomsvärld,1.0,1.0110578695171397,3.5015419623621653e-06
20,Francesca è mia,1.0,1.0110578695171397,3.5015419623621653e-06
20,Frauenpower,1.0,1.0110578695171397,3.5015419623621653e-06
20,Free and Easy,1.0,1.0110578695171397,3.5015419623621653e-06
20,Freida Needa Man,1.0,1.0110578695171397,3.5015419623621653e-06
20,French Exit,1.0,1.0110578695171397,3.5015419623621653e-06
20,Frenemy Is Magic,1.0,1.0110578695171397,3.5015419623621653e-06
20,Fresh Hot Babes 1,1.0,1.0110578695171397,3.5015419623621653e-06
20,Freshman Year,1.0,1.0110578695171397,3.5015419623621653e-06
20,Freund oder Feind - wie berechenbar ist die Natur?,1.0,1.0110578695171397,3.5015419623621653e-06
20,Friends,1.0,1.0110578695171397,3.5015419623621653e-06
20,Friends and Lovers,1.0,1.0110578695171397,3.5015419623621653e-06
20,Frivolité,1.0,1.0110578695171397,3.5015419623621653e-06
20,Fröken Fleggmans mustasch,1.0,1.0110578695171397,3.5015419623621653e-06
20,From Wasioja to Washington,1.0,1.0110578695171397,3.5015419623621653e-06
20,Fulgencio,1.0,1.0110578695171397,3.5015419623621653e-06
20,Fünfzig,1.0,1.0110578695171397,3.5015419623621653e-06
20,Funny Thing Is,1.0,1.0110578695171397,3.5015419623621653e-06
20,"Furiani, un siécle de passion",1.0,1.0110578695171397,3.5015419623621653e-06
20,Fushigi-iro happiness,1.0,1.0110578695171397,3.5015419623621653e-06
20,Gabriela,1.0,1.0110578695171397,3.5015419623621653e-06
20,Gaffelbarn,1.0,1.0110578695171397,3.5015419623621653e-06
20,Gag Factor 16,1.0,1.0110578695171397,3.5015419623621653e-06
20,Game 4,1.0,1.0110578695171397,3.5015419623621653e-06
20,Gang Bang Angels 6,1.0,1.0110578695171397,3.5015419623621653e-06
20,Garde à vue,1.0,1.0110578695171397,3.5015419623621653e-06
20,Geburtstag,1.0,1.0110578695171397,3.5015419623621653e-06
20,Geen weg terug,1.0,1.0110578695171397,3.5015419623621653e-06
20,Gegenangriff - Wirtschaft im Fadenkreuz der Kunst,1.0,1.0110578695171397,3.5015419623621653e-06
20,Geld verjährt nicht,1.0,1.0110578695171397,3.5015419623621653e-06
20,Gendai yakuza: sakazuki kaeshimasu,1.0,1.0110578695171397,3.5015419623621653e-06
20,George Carlin: George's Best Stuff,1.0,1.0110578695171397,3.5015419623621653e-06
20,George Kuchar: The Comedy of the Underground,1.0,1.0110578695171397,3.5015419623621653e-06
20,George Lucas,1.0,1.0110578695171397,3.5015419623621653e-06
20,George VI the Reluctant King,1.0,1.0110578695171397,3.5015419623621653e-06
20,Georgian Soul Festival,1.0,1.0110578695171397,3.5015419623621653e-06
20,Geschichten aus den 70er Jahren,1.0,1.0110578695171397,3.5015419623621653e-06
20,Get Well Soon,1.0,1.0110578695171397,3.5015419623621653e-06
20,Gewond,1.0,1.0110578695171397,3.5015419623621653e-06
20,Gëzhoja e vjetër,1.0,1.0110578695171397,3.5015419623621653e-06
20,Ghost to Ghost,1.0,1.0110578695171397,3.5015419623621653e-06
20,Ghost Trigger,1.0,1.0110578695171397,3.5015419623621653e-06
20,Gifwolk,1.0,1.0110578695171397,3.5015419623621653e-06
20,Gilberto Gil Passos Moreira,1.0,1.0110578695171397,3.5015419623621653e-06
20,Girl 6,1.0,1.0110578695171397,3.5015419623621653e-06
20,Girlvert 10,1.0,1.0110578695171397,3.5015419623621653e-06
20,Glory by Honor IX,1.0,1.0110578695171397,3.5015419623621653e-06
20,Go Not Gently Into the Night,1.0,1.0110578695171397,3.5015419623621653e-06
20,Going for Broke,1.0,1.0110578695171397,3.5015419623621653e-06
20,Going Home,1.0,1.0110578695171397,3.5015419623621653e-06
20,Going to School in a Mud Desert,1.0,1.0110578695171397,3.5015419623621653e-06
20,Gold,1.0,1.0110578695171397,3.5015419623621653e-06
20,Gölgen bile benden korkar,1.0,1.0110578695171397,3.5015419623621653e-06
20,Gone in 60 Seconds,1.0,1.0110578695171397,3.5015419623621653e-06
20,Good Morning Portland: The Making of Life Unexpected,1.0,1.0110578695171397,3.5015419623621653e-06
20,Goodbye Forever,1.0,1.0110578695171397,3.5015419623621653e-06
20,Goodnight Burbank,1.0,1.0110578695171397,3.5015419623621653e-06
20,Gossip Nation,1.0,1.0110578695171397,3.5015419623621653e-06
20,Gota a gota,1.0,1.0110578695171397,3.5015419623621653e-06
20,Gracias por su atención al texto,1.0,1.0110578695171397,3.5015419623621653e-06
20,Graciella,1.0,1.0110578695171397,3.5015419623621653e-06
20,Grand Final,1.0,1.0110578695171397,3.5015419623621653e-06
20,Grand Slam,1.0,1.0110578695171397,3.5015419623621653e-06
20,Grave Consequences,1.0,1.0110578695171397,3.5015419623621653e-06
20,Great Mysteries of the Bible: The Anti-Christ,1.0,1.0110578695171397,3.5015419623621653e-06
20,Great Outdoors/Pet Peeves/Talent Show,1.0,1.0110578695171397,3.5015419623621653e-06
20,Greece Lightning,1.0,1.0110578695171397,3.5015419623621653e-06
20,Greek Fire,1.0,1.0110578695171397,3.5015419623621653e-06
20,"Green, But Not Jolly/Past Perfect Love/Instant Family",1.0,1.0110578695171397,3.5015419623621653e-06
20,Greg Norman,1.0,1.0110578695171397,3.5015419623621653e-06
20,Grill Check,1.0,1.0110578695171397,3.5015419623621653e-06
20,Grounded,1.0,1.0110578695171397,3.5015419623621653e-06
20,"Grüß Gott, Frau Doktor",1.0,1.0110578695171397,3.5015419623621653e-06
20,Guds udvalgte,1.0,1.0110578695171397,3.5015419623621653e-06
20,Guguste et Belzebuth,1.0,1.0110578695171397,3.5015419623621653e-06
20,Gunma no kikyô! Kare wo matsu tondemonai himitsu,1.0,1.0110578695171397,3.5015419623621653e-06
20,Gustav's Brush,1.0,1.0110578695171397,3.5015419623621653e-06
20,Haastattelu,1.0,1.0110578695171397,3.5015419623621653e-06
20,Hairy Hercules,1.0,1.0110578695171397,3.5015419623621653e-06
20,Half Sister,1.0,1.0110578695171397,3.5015419623621653e-06
20,Halloween Havoc,1.0,1.0110578695171397,3.5015419623621653e-06
20,Halucinacije,1.0,1.0110578695171397,3.5015419623621653e-06
20,Ham on the Street,1.0,1.0110578695171397,3.5015419623621653e-06
20,Hammerlock,1.0,1.0110578695171397,3.5015419623621653e-06
20,Hang Drum,1.0,1.0110578695171397,3.5015419623621653e-06
20,Hanging Out,1.0,1.0110578695171397,3.5015419623621653e-06
20,Happy-Go-Lucky,1.0,1.0110578695171397,3.5015419623621653e-06
20,Happy Birthday Lazy Lou,1.0,1.0110578695171397,3.5015419623621653e-06
20,Happy Birthday Sooty,1.0,1.0110578695171397,3.5015419623621653e-06
20,Happy Cabin Song,1.0,1.0110578695171397,3.5015419623621653e-06
20,Happy Valentine's Day from Marvin E. Quasniki,1.0,1.0110578695171397,3.5015419623621653e-06
20,Harakiri-Lotterie,1.0,1.0110578695171397,3.5015419623621653e-06
20,Hard for Me to Say I'm Sorry,1.0,1.0110578695171397,3.5015419623621653e-06
20,Harlem Variety Revue,1.0,1.0110578695171397,3.5015419623621653e-06
20,Harold the Manghuhula!,1.0,1.0110578695171397,3.5015419623621653e-06
20,Haru ranman,1.0,1.0110578695171397,3.5015419623621653e-06
20,Hasta que la muerte nos separe,1.0,1.0110578695171397,3.5015419623621653e-06
20,Haunt of the Hippo,1.0,1.0110578695171397,3.5015419623621653e-06
20,Haven't You People Got Homes?,1.0,1.0110578695171397,3.5015419623621653e-06
20,Hawaii: Episode 22,1.0,1.0110578695171397,3.5015419623621653e-06
20,He Got Soap in His Eyes,1.0,1.0110578695171397,3.5015419623621653e-06
20,He Loved Her Not,1.0,1.0110578695171397,3.5015419623621653e-06
20,Head and Heart,1.0,1.0110578695171397,3.5015419623621653e-06
20,Heat of Passion,1.0,1.0110578695171397,3.5015419623621653e-06
20,Heaven,1.0,1.0110578695171397,3.5015419623621653e-06
20,Heaven's Grace,1.0,1.0110578695171397,3.5015419623621653e-06
20,Heavy Handfulls 3,1.0,1.0110578695171397,3.5015419623621653e-06
20,Helado de menta,1.0,1.0110578695171397,3.5015419623621653e-06
20,Helix,1.0,1.0110578695171397,3.5015419623621653e-06
20,Helle for lykken: Part 1,1.0,1.0110578695171397,3.5015419623621653e-06
20,Hello Cobbler,1.0,1.0110578695171397,3.5015419623621653e-06
20,Helping Hound,1.0,1.0110578695171397,3.5015419623621653e-06
20,Helt privat,1.0,1.0110578695171397,3.5015419623621653e-06
20,Hennes melodi,1.0,1.0110578695171397,3.5015419623621653e-06
20,Her Mother's Secret,1.0,1.0110578695171397,3.5015419623621653e-06
20,Herakles räddas?,1.0,1.0110578695171397,3.5015419623621653e-06
20,Herança Sangrenta,1.0,1.0110578695171397,3.5015419623621653e-06
20,Herzensbrecher,1.0,1.0110578695171397,3.5015419623621653e-06
20,Heukdo,1.0,1.0110578695171397,3.5015419623621653e-06
20,Heureux evenement,1.0,1.0110578695171397,3.5015419623621653e-06
20,Heut' kommt's drauf an,1.0,1.0110578695171397,3.5015419623621653e-06
20,Heute in Europa,1.0,1.0110578695171397,3.5015419623621653e-06
20,Hidden Hills,1.0,1.0110578695171397,3.5015419623621653e-06
20,Hidden Secrets,1.0,1.0110578695171397,3.5015419623621653e-06
20,Highwater,1.0,1.0110578695171397,3.5015419623621653e-06
20,His Extra Bit,1.0,1.0110578695171397,3.5015419623621653e-06
20,"His Majesty, the Dragon",1.0,1.0110578695171397,3.5015419623621653e-06
20,His Story,1.0,1.0110578695171397,3.5015419623621653e-06
20,History of Christianity,1.0,1.0110578695171397,3.5015419623621653e-06
20,Hit-Run,1.0,1.0110578695171397,3.5015419623621653e-06
20,Hit and Run,1.0,1.0110578695171397,3.5015419623621653e-06
20,Hitchens vs Lennox: Can Atheism Save Europe?,1.0,1.0110578695171397,3.5015419623621653e-06
20,Hitler's Secret Archive/The Loneliest People/The King of Comedy,1.0,1.0110578695171397,3.5015419623621653e-06
20,Hogy a fa tovább éljen,1.0,1.0110578695171397,3.5015419623621653e-06
20,"Højt hår, makeup og 80'er-pop",1.0,1.0110578695171397,3.5015419623621653e-06
20,Home,1.0,1.0110578695171397,3.5015419623621653e-06
20,Home and Away: Romances,1.0,1.0110578695171397,3.5015419623621653e-06
20,Homecoming,1.0,1.0110578695171397,3.5015419623621653e-06
20,Honor Thy Husband,1.0,1.0110578695171397,3.5015419623621653e-06
20,Hospikal,1.0,1.0110578695171397,3.5015419623621653e-06
20,"Hot Chicks, Little Tits 4",1.0,1.0110578695171397,3.5015419623621653e-06
20,Hot Cross Buns,1.0,1.0110578695171397,3.5015419623621653e-06
20,Hot Ice,1.0,1.0110578695171397,3.5015419623621653e-06
20,Hotline,1.0,1.0110578695171397,3.5015419623621653e-06
20,How's Bayou,1.0,1.0110578695171397,3.5015419623621653e-06
20,How Bill Met Susan,1.0,1.0110578695171397,3.5015419623621653e-06
20,How to Live Longer,1.0,1.0110578695171397,3.5015419623621653e-06
20,Hungrige Seelen,1.0,1.0110578695171397,3.5015419623621653e-06
20,Hunt for Bin Laden,1.0,1.0110578695171397,3.5015419623621653e-06
20,Hyppääjä,1.0,1.0110578695171397,3.5015419623621653e-06
20,"Hyvät, pahat ja rumat",1.0,1.0110578695171397,3.5015419623621653e-06
20,I Am a Comedian,1.0,1.0110578695171397,3.5015419623621653e-06
20,I Am Ashamed of Myself,1.0,1.0110578695171397,3.5015419623621653e-06
20,I epistrofi,1.0,1.0110578695171397,3.5015419623621653e-06
20,I Got Needs/Beauty and the Bump,1.0,1.0110578695171397,3.5015419623621653e-06
20,I kveld med Thomas Giertsen,1.0,1.0110578695171397,3.5015419623621653e-06
20,I lista,1.0,1.0110578695171397,3.5015419623621653e-06
20,I Live Another Life on the Web,1.0,1.0110578695171397,3.5015419623621653e-06
20,I Love My Dog,1.0,1.0110578695171397,3.5015419623621653e-06
20,I Saw Daddy Hitting Santa Claus,1.0,1.0110578695171397,3.5015419623621653e-06
20,Í skóm drekans,1.0,1.0110578695171397,3.5015419623621653e-06
20,I tacchi di Cretinetti,1.0,1.0110578695171397,3.5015419623621653e-06
20,I Want My New Shoes,1.0,1.0110578695171397,3.5015419623621653e-06
20,IBM at the Fair,1.0,1.0110578695171397,3.5015419623621653e-06
20,Ich kaufe mir einen Mann,1.0,1.0110578695171397,3.5015419623621653e-06
20,Ich und du und noch vier Beine,1.0,1.0110578695171397,3.5015419623621653e-06
20,Ich will laufen! Der Fall Dieter Baumann,1.0,1.0110578695171397,3.5015419623621653e-06
20,Ietermagô,1.0,1.0110578695171397,3.5015419623621653e-06
20,"If It's a Man, Hang Up",1.0,1.0110578695171397,3.5015419623621653e-06
20,Il giorno del giudizio,1.0,1.0110578695171397,3.5015419623621653e-06
20,Il Mozambico in una mandorla di acagiù,1.0,1.0110578695171397,3.5015419623621653e-06
20,Ill Wind,1.0,1.0110578695171397,3.5015419623621653e-06
20,Im Himmel braucht man kein Gepäck,1.0,1.0110578695171397,3.5015419623621653e-06
20,Im Namen Gottes,1.0,1.0110578695171397,3.5015419623621653e-06
20,Image of Fear,1.0,1.0110578695171397,3.5015419623621653e-06
20,Images,1.0,1.0110578695171397,3.5015419623621653e-06
20,Immediate Family,1.0,1.0110578695171397,3.5015419623621653e-06
20,Immer der Arbeit nach - Vom Niederrhein nach Kanada,1.0,1.0110578695171397,3.5015419623621653e-06
20,Immortal,1.0,1.0110578695171397,3.5015419623621653e-06
20,Imperfect Strangers,1.0,1.0110578695171397,3.5015419623621653e-06
20,Imperial Palace,1.0,1.0110578695171397,3.5015419623621653e-06
20,Imperium,1.0,1.0110578695171397,3.5015419623621653e-06
20,Implicación,1.0,1.0110578695171397,3.5015419623621653e-06
20,Improbable,1.0,1.0110578695171397,3.5015419623621653e-06
20,In jouw naam,1.0,1.0110578695171397,3.5015419623621653e-06
20,Indian Larry vs. Mondo,1.0,1.0110578695171397,3.5015419623621653e-06
20,"Indochine, destins français",1.0,1.0110578695171397,3.5015419623621653e-06
20,Indomables,1.0,1.0110578695171397,3.5015419623621653e-06
20,Inertia,1.0,1.0110578695171397,3.5015419623621653e-06
20,Inocenti,1.0,1.0110578695171397,3.5015419623621653e-06
20,Inside the Artist's Studio: Woodworking,1.0,1.0110578695171397,3.5015419623621653e-06
20,Insolence & Wine,1.0,1.0110578695171397,3.5015419623621653e-06
20,Instituto de investigación e integración social del estado de Oaxaca,1.0,1.0110578695171397,3.5015419623621653e-06
20,Integração Racial,1.0,1.0110578695171397,3.5015419623621653e-06
20,Interaktivni dizajn 2,1.0,1.0110578695171397,3.5015419623621653e-06
20,Into the Breach: 'Saving Private Ryan',1.0,1.0110578695171397,3.5015419623621653e-06
20,Into the Night,1.0,1.0110578695171397,3.5015419623621653e-06
20,Intrusion,1.0,1.0110578695171397,3.5015419623621653e-06
20,Inventos,1.0,1.0110578695171397,3.5015419623621653e-06
20,Invisible Man,1.0,1.0110578695171397,3.5015419623621653e-06
20,Irvin Kershner,1.0,1.0110578695171397,3.5015419623621653e-06
20,Isabellan ja Karin otteet kovenevat,1.0,1.0110578695171397,3.5015419623621653e-06
20,Island Castaways,1.0,1.0110578695171397,3.5015419623621653e-06
20,Israeli Movie,1.0,1.0110578695171397,3.5015419623621653e-06
20,It's a Mall World,1.0,1.0110578695171397,3.5015419623621653e-06
20,It's a Wonderful Life,1.0,1.0110578695171397,3.5015419623621653e-06
20,It's All in the Mind,1.0,1.0110578695171397,3.5015419623621653e-06
20,It's My Life,1.0,1.0110578695171397,3.5015419623621653e-06
20,It's My Party,1.0,1.0110578695171397,3.5015419623621653e-06
20,It's On,1.0,1.0110578695171397,3.5015419623621653e-06
20,It's Valentine's Day!,1.0,1.0110578695171397,3.5015419623621653e-06
20,It Looked Like Death,1.0,1.0110578695171397,3.5015419623621653e-06
20,It Might Happen to You,1.0,1.0110578695171397,3.5015419623621653e-06
20,"Italia! Nel tuo nome, per la tua grandezza",1.0,1.0110578695171397,3.5015419623621653e-06
20,Italy,1.0,1.0110578695171397,3.5015419623621653e-06
20,Ivan Tsarévitch et la Princesse Changeante,1.0,1.0110578695171397,3.5015419623621653e-06
20,Iz ruke ptica,1.0,1.0110578695171397,3.5015419623621653e-06
20,"Jack Canfield, Ed Solomon",1.0,1.0110578695171397,3.5015419623621653e-06
20,Jack Straw,1.0,1.0110578695171397,3.5015419623621653e-06
20,Jack the Ripper,2.0,1.0110578695171397,0.00031315456950058905
20,Jackie & Mathieu,1.0,1.0110578695171397,3.5015419623621653e-06
20,Jackie Rogers Jr for President/Happy Hour,1.0,1.0110578695171397,3.5015419623621653e-06
20,Jackson Hole,1.0,1.0110578695171397,3.5015419623621653e-06
20,Jagadam,1.0,1.0110578695171397,3.5015419623621653e-06
20,Jai,1.0,1.0110578695171397,3.5015419623621653e-06
20,Jak vyuzít vásne,1.0,1.0110578695171397,3.5015419623621653e-06
20,Jake and Karla's Wedding Turns Into an Intriguing Day,1.0,1.0110578695171397,3.5015419623621653e-06
20,Jamaican Me Crazy,1.0,1.0110578695171397,3.5015419623621653e-06
20,Janet Suzman as Charlotte Brontë,1.0,1.0110578695171397,3.5015419623621653e-06
20,Japanese Montage,1.0,1.0110578695171397,3.5015419623621653e-06
20,Jarring Junk Room to Beautiful Basement,1.0,1.0110578695171397,3.5015419623621653e-06
20,"Javier ""Pupi"" Zanetti",1.0,1.0110578695171397,3.5015419623621653e-06
20,Jayi baraye zendegi,1.0,1.0110578695171397,3.5015419623621653e-06
20,Je vais sur la terre qui ne reste pas,1.0,1.0110578695171397,3.5015419623621653e-06
20,Jenny Opts to Be Engaged for Her Grandmother,1.0,1.0110578695171397,3.5015419623621653e-06
20,"Jenny, Who Bombs Buildings",1.0,1.0110578695171397,3.5015419623621653e-06
20,Jesse Eisenberg,1.0,1.0110578695171397,3.5015419623621653e-06
20,Jessica/Hubert,1.0,1.0110578695171397,3.5015419623621653e-06
20,Jesus of Nazareth,1.0,1.0110578695171397,3.5015419623621653e-06
20,Jethro Tull: Live at Montreux 2003,1.0,1.0110578695171397,3.5015419623621653e-06
20,Jiang hu ji xia,1.0,1.0110578695171397,3.5015419623621653e-06
20,Jiggs,1.0,1.0110578695171397,3.5015419623621653e-06
20,Jigoku Meguri,1.0,1.0110578695171397,3.5015419623621653e-06
20,Jimmy Carr,1.0,1.0110578695171397,3.5015419623621653e-06
20,Jochi no shigemi,1.0,1.0110578695171397,3.5015419623621653e-06
20,Jock,1.0,1.0110578695171397,3.5015419623621653e-06
20,Joey's Replacement,1.0,1.0110578695171397,3.5015419623621653e-06
20,Johannes Kapstadt/WH Kolumbien/WH Jakobsweg,1.0,1.0110578695171397,3.5015419623621653e-06
20,John Kørner og nyhedsdrengene,1.0,1.0110578695171397,3.5015419623621653e-06
20,Johnny Pickup,1.0,1.0110578695171397,3.5015419623621653e-06
20,Jôji no atoshimatsu,1.0,1.0110578695171397,3.5015419623621653e-06
20,Joonas rakastuu,1.0,1.0110578695171397,3.5015419623621653e-06
20,Jorden,1.0,1.0110578695171397,3.5015419623621653e-06
20,Joseph and the Amazing Technicolor Dreamcoat,1.0,1.0110578695171397,3.5015419623621653e-06
20,Joudan janaiyo! Maihômu,1.0,1.0110578695171397,3.5015419623621653e-06
20,Journey Through the Human Body,1.0,1.0110578695171397,3.5015419623621653e-06
20,Jud Süss - Film ohne Gewissen,1.0,1.0110578695171397,3.5015419623621653e-06
20,Judith,1.0,1.0110578695171397,3.5015419623621653e-06
20,Judy Punch,1.0,1.0110578695171397,3.5015419623621653e-06
20,Jugovizija,1.0,1.0110578695171397,3.5015419623621653e-06
20,Jukka Puotilat Show,1.0,1.0110578695171397,3.5015419623621653e-06
20,Jul på Koldinghus,1.0,1.0110578695171397,3.5015419623621653e-06
20,"Julie, Mandie, Sabina & Nicole",1.0,1.0110578695171397,3.5015419623621653e-06
20,Jungle Book: Lost Treasure,1.0,1.0110578695171397,3.5015419623621653e-06
20,Just 18 #2: Rookie Whores!,1.0,1.0110578695171397,3.5015419623621653e-06
20,Justice on Trial,1.0,1.0110578695171397,3.5015419623621653e-06
20,Kaahariauto: Osa 1,1.0,1.0110578695171397,3.5015419623621653e-06
20,Kaffeeklatsch auf Mallorca - Die Reindls und der Lockruf der Sonne,1.0,1.0110578695171397,3.5015419623621653e-06
20,Kalavryta,1.0,1.0110578695171397,3.5015419623621653e-06
20,Kalpitham,1.0,1.0110578695171397,3.5015419623621653e-06
20,Kamen raidâ W Returns: Kamen raidâ Akuseru,1.0,1.0110578695171397,3.5015419623621653e-06
20,Kameraden,1.0,1.0110578695171397,3.5015419623621653e-06
20,Kamingu auto obu za kurôzetto,1.0,1.0110578695171397,3.5015419623621653e-06
20,Kanavakansa,1.0,1.0110578695171397,3.5015419623621653e-06
20,Kanbrik ou Le proscrit d'Allah,1.0,1.0110578695171397,3.5015419623621653e-06
20,Kaori Manabe & Kamiko Inuyama,1.0,1.0110578695171397,3.5015419623621653e-06
20,Kaos,1.0,1.0110578695171397,3.5015419623621653e-06
20,Karaoke Fatal,1.0,1.0110578695171397,3.5015419623621653e-06
20,Kathleen Kennedy 2013 Pioneer of the Year Award Tribute Reel,1.0,1.0110578695171397,3.5015419623621653e-06
20,Katrina,1.0,1.0110578695171397,3.5015419623621653e-06
20,Katzen-Berger-Glocken-Show,1.0,1.0110578695171397,3.5015419623621653e-06
20,Kavafis,1.0,1.0110578695171397,3.5015419623621653e-06
20,Kávéház,1.0,1.0110578695171397,3.5015419623621653e-06
20,Kazakhstan - frontu!,1.0,1.0110578695171397,3.5015419623621653e-06
20,Keep My Address to Yourself,1.0,1.0110578695171397,3.5015419623621653e-06
20,Keep Quiet and Spread 'Em,1.0,1.0110578695171397,3.5015419623621653e-06
20,Keeper of the Earth,1.0,1.0110578695171397,3.5015419623621653e-06
20,Keine Rosen ohne Dornen,1.0,1.0110578695171397,3.5015419623621653e-06
20,Kelly's Obsession,1.0,1.0110578695171397,3.5015419623621653e-06
20,Kelly Monteith,1.0,1.0110578695171397,3.5015419623621653e-06
20,Kelly Osbourne Slams Aguilera,1.0,1.0110578695171397,3.5015419623621653e-06
20,Kept Husbands,1.0,1.0110578695171397,3.5015419623621653e-06
20,Kevin Hart: I'm a Grown Little Man,1.0,1.0110578695171397,3.5015419623621653e-06
20,Khatre Mein CID,1.0,1.0110578695171397,3.5015419623621653e-06
20,Khwaab,1.0,1.0110578695171397,3.5015419623621653e-06
20,Kidney,2.0,1.0110578695171397,0.00031315456950058905
20,Killer Date,1.0,1.0110578695171397,3.5015419623621653e-06
20,Killer on Campus/The Bow Hunter,1.0,1.0110578695171397,3.5015419623621653e-06
20,Killing the Spot,1.0,1.0110578695171397,3.5015419623621653e-06
20,Kindly Scram,1.0,1.0110578695171397,3.5015419623621653e-06
20,King Arthur: His Life and Legends,1.0,1.0110578695171397,3.5015419623621653e-06
20,King for a Day,1.0,1.0110578695171397,3.5015419623621653e-06
20,King of the Mountain,1.0,1.0110578695171397,3.5015419623621653e-06
20,Kiss & Tell,1.0,1.0110578695171397,3.5015419623621653e-06
20,Kitty from Killarney,1.0,1.0110578695171397,3.5015419623621653e-06
20,Kiyumi no shishuu Sayuru no shishuu,1.0,1.0110578695171397,3.5015419623621653e-06
20,Kla$h,1.0,1.0110578695171397,3.5015419623621653e-06
20,Klid zbrani,1.0,1.0110578695171397,3.5015419623621653e-06
20,Kneaded,1.0,1.0110578695171397,3.5015419623621653e-06
20,Knight of Faith,1.0,1.0110578695171397,3.5015419623621653e-06
20,Knights of Virtue,1.0,1.0110578695171397,3.5015419623621653e-06
20,Kokoro nokori,1.0,1.0110578695171397,3.5015419623621653e-06
20,"Komm hinter der Schattenwand vor, du Feigling!",1.0,1.0110578695171397,3.5015419623621653e-06
20,Konijn op de weg,1.0,1.0110578695171397,3.5015419623621653e-06
20,Kôsei Miura,1.0,1.0110578695171397,3.5015419623621653e-06
20,Kôsha ura no sensen fukoku,1.0,1.0110578695171397,3.5015419623621653e-06
20,Köyhä laulaja,1.0,1.0110578695171397,3.5015419623621653e-06
20,Kragove na obichta,1.0,1.0110578695171397,3.5015419623621653e-06
20,Krysar,1.0,1.0110578695171397,3.5015419623621653e-06
20,Kuisma ja Helinä,1.0,1.0110578695171397,3.5015419623621653e-06
20,Kung Fu,1.0,1.0110578695171397,3.5015419623621653e-06
20,Kung tawagin siya'y 'blhala na',1.0,1.0110578695171397,3.5015419623621653e-06
20,Kûru Passhon,1.0,1.0110578695171397,3.5015419623621653e-06
20,Kyle MacLachlan/Sinéad O'Connor,1.0,1.0110578695171397,3.5015419623621653e-06
20,Kyllinger,1.0,1.0110578695171397,3.5015419623621653e-06
20,Kyôtarô Nishimura's Travel Mystery 7,1.0,1.0110578695171397,3.5015419623621653e-06
20,L'affamée du plaisir,1.0,1.0110578695171397,3.5015419623621653e-06
20,L'apparenza inganna,1.0,1.0110578695171397,3.5015419623621653e-06
20,L'atelier,1.0,1.0110578695171397,3.5015419623621653e-06
20,L'ebreo errante,1.0,1.0110578695171397,3.5015419623621653e-06
20,L'escala de diamants,1.0,1.0110578695171397,3.5015419623621653e-06
20,L'homme idéal,1.0,1.0110578695171397,3.5015419623621653e-06
20,L'ours Maturin et la famille Wallace,1.0,1.0110578695171397,3.5015419623621653e-06
20,La Andalucía de Juan Ramón,1.0,1.0110578695171397,3.5015419623621653e-06
20,La banyera,1.0,1.0110578695171397,3.5015419623621653e-06
20,La baraja del diablo,1.0,1.0110578695171397,3.5015419623621653e-06
20,La casa del terror,1.0,1.0110578695171397,3.5015419623621653e-06
20,La course aux cartons,1.0,1.0110578695171397,3.5015419623621653e-06
20,La difficulté d'être infidèle,1.0,1.0110578695171397,3.5015419623621653e-06
20,La diligencia de la muerte,1.0,1.0110578695171397,3.5015419623621653e-06
20,La familia Mata,1.0,1.0110578695171397,3.5015419623621653e-06
20,La femme publique,1.0,1.0110578695171397,3.5015419623621653e-06
20,La fin du silence,1.0,1.0110578695171397,3.5015419623621653e-06
20,La leçon particulière,1.0,1.0110578695171397,3.5015419623621653e-06
20,La légende de Narcisse,1.0,1.0110578695171397,3.5015419623621653e-06
20,La leyenda del viento del Norte,1.0,1.0110578695171397,3.5015419623621653e-06
20,La machine populiste,1.0,1.0110578695171397,3.5015419623621653e-06
20,La maîtresse des monstres,1.0,1.0110578695171397,3.5015419623621653e-06
20,La marató de TV3,1.0,1.0110578695171397,3.5015419623621653e-06
20,La marelle,1.0,1.0110578695171397,3.5015419623621653e-06
20,La medicina del parroco,1.0,1.0110578695171397,3.5015419623621653e-06
20,La nuit sans fin,1.0,1.0110578695171397,3.5015419623621653e-06
20,La Perra de la Frontera,1.0,1.0110578695171397,3.5015419623621653e-06
20,La più bella donna del mondo,1.0,1.0110578695171397,3.5015419623621653e-06
20,La première fois que j'ai eu 20 ans,1.0,1.0110578695171397,3.5015419623621653e-06
20,La présence désolée,1.0,1.0110578695171397,3.5015419623621653e-06
20,La prima bicicletta di Robinet,1.0,1.0110578695171397,3.5015419623621653e-06
20,La pubblicità intelligente,1.0,1.0110578695171397,3.5015419623621653e-06
20,La revancha del silla de ruedas,1.0,1.0110578695171397,3.5015419623621653e-06
20,La riscossa,1.0,1.0110578695171397,3.5015419623621653e-06
20,La ruleta,1.0,1.0110578695171397,3.5015419623621653e-06
20,La surprise du chef,1.0,1.0110578695171397,3.5015419623621653e-06
20,La vie est belle,1.0,1.0110578695171397,3.5015419623621653e-06
20,La zingara,1.0,1.0110578695171397,3.5015419623621653e-06
20,Ladies of Wisteria Lane,1.0,1.0110578695171397,3.5015419623621653e-06
20,Ladies Three,1.0,1.0110578695171397,3.5015419623621653e-06
20,Lady Margaret,1.0,1.0110578695171397,3.5015419623621653e-06
20,Lanie Hides from the Police,1.0,1.0110578695171397,3.5015419623621653e-06
20,Las chicas sólo quieren pasárselo bien,1.0,1.0110578695171397,3.5015419623621653e-06
20,Lassiter,1.0,1.0110578695171397,3.5015419623621653e-06
20,Last Room,1.0,1.0110578695171397,3.5015419623621653e-06
20,Laura Willing: Care Net Pregnancy,1.0,1.0110578695171397,3.5015419623621653e-06
20,Laylat El-Baby Doll,1.0,1.0110578695171397,3.5015419623621653e-06
20,Le camping des foutriquets,1.0,1.0110578695171397,3.5015419623621653e-06
20,Le crépuscule,1.0,1.0110578695171397,3.5015419623621653e-06
20,Le dossier de Louise,1.0,1.0110578695171397,3.5015419623621653e-06
20,Le lit froissé,1.0,1.0110578695171397,3.5015419623621653e-06
20,Le strade di Parma,1.0,1.0110578695171397,3.5015419623621653e-06
20,Le temple de la magie,1.0,1.0110578695171397,3.5015419623621653e-06
20,Le transfuge,1.0,1.0110578695171397,3.5015419623621653e-06
20,Leads Us Not Into Temptation,1.0,1.0110578695171397,3.5015419623621653e-06
20,Lebensträume,1.0,1.0110578695171397,3.5015419623621653e-06
20,Ledja Ivana Groznog,1.0,1.0110578695171397,3.5015419623621653e-06
20,Lee Evans: XL Tour Live 2005,1.0,1.0110578695171397,3.5015419623621653e-06
20,Leeds,1.0,1.0110578695171397,3.5015419623621653e-06
20,Left for Dead,1.0,1.0110578695171397,3.5015419623621653e-06
20,Lend Me Your Stable,1.0,1.0110578695171397,3.5015419623621653e-06
20,Leonard Bernstein: 'The Rite of Spring' in Rehearsal,1.0,1.0110578695171397,3.5015419623621653e-06
20,Léonce veut se suicider,1.0,1.0110578695171397,3.5015419623621653e-06
20,Les cachettes du contrebandier,1.0,1.0110578695171397,3.5015419623621653e-06
20,Les Enfants de Jean Bart,1.0,1.0110578695171397,3.5015419623621653e-06
20,Les gens qui s'aiment,1.0,1.0110578695171397,3.5015419623621653e-06
20,Les sentiers de la gloire,1.0,1.0110578695171397,3.5015419623621653e-06
20,Lesbo 101 4,1.0,1.0110578695171397,3.5015419623621653e-06
20,Lessons Learned: Part 2,1.0,1.0110578695171397,3.5015419623621653e-06
20,Lessons with My Aunt,1.0,1.0110578695171397,3.5015419623621653e-06
20,Let's Do It,1.0,1.0110578695171397,3.5015419623621653e-06
20,Lewis/Bassett,1.0,1.0110578695171397,3.5015419623621653e-06
20,Lie Down with Dogs,1.0,1.0110578695171397,3.5015419623621653e-06
20,Liebe,1.0,1.0110578695171397,3.5015419623621653e-06
20,Lieve Aisja,1.0,1.0110578695171397,3.5015419623621653e-06
20,Life and Death of Penelope,1.0,1.0110578695171397,3.5015419623621653e-06
20,Life and Limb,1.0,1.0110578695171397,3.5015419623621653e-06
20,Life Before Death,1.0,1.0110578695171397,3.5015419623621653e-06
20,Life on the Levels,1.0,1.0110578695171397,3.5015419623621653e-06
20,Life Will Not Be Worth Living in the Year 2000?,1.0,1.0110578695171397,3.5015419623621653e-06
20,Lifeguard,1.0,1.0110578695171397,3.5015419623621653e-06
20,LIGHTS - 'Saviour' Ustream Acoustic Video,1.0,1.0110578695171397,3.5015419623621653e-06
20,Lil' Wayne,1.0,1.0110578695171397,3.5015419623621653e-06
20,Little Bo Peep,1.0,1.0110578695171397,3.5015419623621653e-06
20,"Little Caesar: End of Rico, Beginning of the Antihero",1.0,1.0110578695171397,3.5015419623621653e-06
20,Little River Band,1.0,1.0110578695171397,3.5015419623621653e-06
20,Liv i rummet?,1.0,1.0110578695171397,3.5015419623621653e-06
20,Live from the Red Carpet: The 2011 Primetime Emmy Awards,1.0,1.0110578695171397,3.5015419623621653e-06
20,Live Nude Girls,1.0,1.0110578695171397,3.5015419623621653e-06
20,Liveshow #7,1.0,1.0110578695171397,3.5015419623621653e-06
20,Living with Hitmen,1.0,1.0110578695171397,3.5015419623621653e-06
20,Loading,1.0,1.0110578695171397,3.5015419623621653e-06
20,Lock-Up,1.0,1.0110578695171397,3.5015419623621653e-06
20,Log 104: The Bomb,1.0,1.0110578695171397,3.5015419623621653e-06
20,Lollapalooza,1.0,1.0110578695171397,3.5015419623621653e-06
20,Long Journey Home,1.0,1.0110578695171397,3.5015419623621653e-06
20,Lords,1.0,1.0110578695171397,3.5015419623621653e-06
20,Loreto se juntará con Diego,1.0,1.0110578695171397,3.5015419623621653e-06
20,Los delfines,1.0,1.0110578695171397,3.5015419623621653e-06
20,Lost & Profound,1.0,1.0110578695171397,3.5015419623621653e-06
20,"Louis-Amable Quévillon, sculpteur et ornemaniste, 1749-1823",1.0,1.0110578695171397,3.5015419623621653e-06
20,Love Cats/Zombie Party a Go-Go!,1.0,1.0110578695171397,3.5015419623621653e-06
20,Love for Sale,1.0,1.0110578695171397,3.5015419623621653e-06
20,Love Hurts,1.0,1.0110578695171397,3.5015419623621653e-06
20,Love Story I,1.0,1.0110578695171397,3.5015419623621653e-06
20,"Loved, Alone",1.0,1.0110578695171397,3.5015419623621653e-06
20,Lucien n'aime pas flirter,1.0,1.0110578695171397,3.5015419623621653e-06
20,Lucky Kitten!,1.0,1.0110578695171397,3.5015419623621653e-06
20,Lucky Number,1.0,1.0110578695171397,3.5015419623621653e-06
20,Lucky Number Slevin,1.0,1.0110578695171397,3.5015419623621653e-06
20,Lucy and Jake,1.0,1.0110578695171397,3.5015419623621653e-06
20,Luv Crazy,1.0,1.0110578695171397,3.5015419623621653e-06
20,Luv Text,1.0,1.0110578695171397,3.5015419623621653e-06
20,Lvi a lvícata,1.0,1.0110578695171397,3.5015419623621653e-06
20,M. le comte de Dion,1.0,1.0110578695171397,3.5015419623621653e-06
20,M. Loubet Leaving the Guildhall,1.0,1.0110578695171397,3.5015419623621653e-06
20,M.L.A.,1.0,1.0110578695171397,3.5015419623621653e-06
20,Maarschalk Foch bezoekt het bezettingsleger,1.0,1.0110578695171397,3.5015419623621653e-06
20,Maboroshi no 42.195 kiro,1.0,1.0110578695171397,3.5015419623621653e-06
20,Mackerel and Shark,1.0,1.0110578695171397,3.5015419623621653e-06
20,Madagascar: A Treetop Odyssey,1.0,1.0110578695171397,3.5015419623621653e-06
20,Magritte: The False Mirror,1.0,1.0110578695171397,3.5015419623621653e-06
20,Mahô sensei Negima!,1.0,1.0110578695171397,3.5015419623621653e-06
20,Mai's Detective Story,1.0,1.0110578695171397,3.5015419623621653e-06
20,"Main Street, U.S.A.",1.0,1.0110578695171397,3.5015419623621653e-06
20,Make-Over Meals,1.0,1.0110578695171397,3.5015419623621653e-06
20,Make & Mend,1.0,1.0110578695171397,3.5015419623621653e-06
20,Making of 'The Last Chûshingura',1.0,1.0110578695171397,3.5015419623621653e-06
20,Malacca,1.0,1.0110578695171397,3.5015419623621653e-06
20,Malchiki,1.0,1.0110578695171397,3.5015419623621653e-06
20,Malena Gets into a Car Accident,1.0,1.0110578695171397,3.5015419623621653e-06
20,Mamono Hunter Yôko no jijô,1.0,1.0110578695171397,3.5015419623621653e-06
20,Mamore! Uchû no Hitotsubu no Inochi,1.0,1.0110578695171397,3.5015419623621653e-06
20,Man at the Wall,1.0,1.0110578695171397,3.5015419623621653e-06
20,Man Missing,1.0,1.0110578695171397,3.5015419623621653e-06
20,Manager of the Baseball Team,1.0,1.0110578695171397,3.5015419623621653e-06
20,Manchild,1.0,1.0110578695171397,3.5015419623621653e-06
20,Manninamaga,1.0,1.0110578695171397,3.5015419623621653e-06
20,Manon,1.0,1.0110578695171397,3.5015419623621653e-06
20,Manuel fue marcado por 'La logia',1.0,1.0110578695171397,3.5015419623621653e-06
20,Maravilhoso Mundo dos Bombeiros,1.0,1.0110578695171397,3.5015419623621653e-06
20,Marching Salute to the Flag,1.0,1.0110578695171397,3.5015419623621653e-06
20,Marea Brava,1.0,1.0110578695171397,3.5015419623621653e-06
20,Margie and the Shah,1.0,1.0110578695171397,3.5015419623621653e-06
20,Marinos Kontaras,1.0,1.0110578695171397,3.5015419623621653e-06
20,Marlece,1.0,1.0110578695171397,3.5015419623621653e-06
20,Maroon 5 Girlfriend,1.0,1.0110578695171397,3.5015419623621653e-06
20,Martian Space Party,1.0,1.0110578695171397,3.5015419623621653e-06
20,Mask-A-Raid,1.0,1.0110578695171397,3.5015419623621653e-06
20,Masked Avenger Versus Ultra-Villain in the Lair of the Naked Bikini,1.0,1.0110578695171397,3.5015419623621653e-06
20,Master Debaters,1.0,1.0110578695171397,3.5015419623621653e-06
20,Matsuri-ni kieta otoko,1.0,1.0110578695171397,3.5015419623621653e-06
20,Matto Grosso,1.0,1.0110578695171397,3.5015419623621653e-06
20,Maurin mitta täyttyy,1.0,1.0110578695171397,3.5015419623621653e-06
20,McRhymer,1.0,1.0110578695171397,3.5015419623621653e-06
20,Meateater,1.0,1.0110578695171397,3.5015419623621653e-06
20,Meet My Sister,1.0,1.0110578695171397,3.5015419623621653e-06
20,Meet the Postponement,1.0,1.0110578695171397,3.5015419623621653e-06
20,Meet Your Destiny,1.0,1.0110578695171397,3.5015419623621653e-06
20,Meier 19,1.0,1.0110578695171397,3.5015419623621653e-06
20,"Mein Geld, mein Haus, meine Rente - Was ist der Euro noch wert?",1.0,1.0110578695171397,3.5015419623621653e-06
20,Melissa Etheridge,1.0,1.0110578695171397,3.5015419623621653e-06
20,Men in White Coats,1.0,1.0110578695171397,3.5015419623621653e-06
20,Men of Means,1.0,1.0110578695171397,3.5015419623621653e-06
20,Merry Christmas,1.0,1.0110578695171397,3.5015419623621653e-06
20,Merzavets,1.0,1.0110578695171397,3.5015419623621653e-06
20,Mes copains,1.0,1.0110578695171397,3.5015419623621653e-06
20,Messages,1.0,1.0110578695171397,3.5015419623621653e-06
20,Metamorfos och Hologrammofonen,1.0,1.0110578695171397,3.5015419623621653e-06
20,Metamorfoseis,1.0,1.0110578695171397,3.5015419623621653e-06
20,Mexican Classics,1.0,1.0110578695171397,3.5015419623621653e-06
20,Mid-Course Correction,1.0,1.0110578695171397,3.5015419623621653e-06
20,Mike Britt/Ian Edwards/Leslie Jones,1.0,1.0110578695171397,3.5015419623621653e-06
20,Mikhail Prokhorov,1.0,1.0110578695171397,3.5015419623621653e-06
20,Mikres parallaxeis,1.0,1.0110578695171397,3.5015419623621653e-06
20,Mind Your Manners,1.0,1.0110578695171397,3.5015419623621653e-06
20,Mirror Image,1.0,1.0110578695171397,3.5015419623621653e-06
20,Miss Pickerell,1.0,1.0110578695171397,3.5015419623621653e-06
20,Mitt folk är icke ditt,1.0,1.0110578695171397,3.5015419623621653e-06
20,MMA Personalities,1.0,1.0110578695171397,3.5015419623621653e-06
20,Mob Rule,1.0,1.0110578695171397,3.5015419623621653e-06
20,Mock-Up,1.0,1.0110578695171397,3.5015419623621653e-06
20,Moira Lister,1.0,1.0110578695171397,3.5015419623621653e-06
20,Mom Behaving Badly,1.0,1.0110578695171397,3.5015419623621653e-06
20,Mom to the Rescue,1.0,1.0110578695171397,3.5015419623621653e-06
20,Moment of Nostalgia,1.0,1.0110578695171397,3.5015419623621653e-06
20,Mondays Blow,1.0,1.0110578695171397,3.5015419623621653e-06
20,Monster Under the Bed,1.0,1.0110578695171397,3.5015419623621653e-06
20,Monsters in the Desert,1.0,1.0110578695171397,3.5015419623621653e-06
20,Mor(d) i mødregruppen,1.0,1.0110578695171397,3.5015419623621653e-06
20,Morire per vivere,1.0,1.0110578695171397,3.5015419623621653e-06
20,Mortal Lessons,1.0,1.0110578695171397,3.5015419623621653e-06
20,Moscow Never Sleeps,1.0,1.0110578695171397,3.5015419623621653e-06
20,Moses und Aron,1.0,1.0110578695171397,3.5015419623621653e-06
20,Most Outrageous Moments,1.0,1.0110578695171397,3.5015419623621653e-06
20,Mother of Invention,1.0,1.0110578695171397,3.5015419623621653e-06
20,"Motivation, Inspiration, Determination",1.0,1.0110578695171397,3.5015419623621653e-06
20,Motocross Racer,1.0,1.0110578695171397,3.5015419623621653e-06
20,Mounted in Alaska,1.0,1.0110578695171397,3.5015419623621653e-06
20,Mourir pour des images,1.0,1.0110578695171397,3.5015419623621653e-06
20,Mouse Day,1.0,1.0110578695171397,3.5015419623621653e-06
20,Mozu,1.0,1.0110578695171397,3.5015419623621653e-06
20,Mr Sneeze,1.0,1.0110578695171397,3.5015419623621653e-06
20,Mr. Doodle Kicks Off,1.0,1.0110578695171397,3.5015419623621653e-06
20,Mr. Quiet,1.0,1.0110578695171397,3.5015419623621653e-06
20,MTV Video Music Awards 1997,1.0,1.0110578695171397,3.5015419623621653e-06
20,Much Ado About Something,1.0,1.0110578695171397,3.5015419623621653e-06
20,Mucki,1.0,1.0110578695171397,3.5015419623621653e-06
20,Muistoja Caprilta,1.0,1.0110578695171397,3.5015419623621653e-06
20,Mujer-Guerrilla,1.0,1.0110578695171397,3.5015419623621653e-06
20,Mule Logger,1.0,1.0110578695171397,3.5015419623621653e-06
20,Muñecos diabólicos,1.0,1.0110578695171397,3.5015419623621653e-06
20,Munn,1.0,1.0110578695171397,3.5015419623621653e-06
20,"Muriel Amoretti, Speed Cookeuse",1.0,1.0110578695171397,3.5015419623621653e-06
20,Muscles and Merriment,1.0,1.0110578695171397,3.5015419623621653e-06
20,Music Round,1.0,1.0110578695171397,3.5015419623621653e-06
20,Musical,1.0,1.0110578695171397,3.5015419623621653e-06
20,Mutter,1.0,1.0110578695171397,3.5015419623621653e-06
20,Mutterjahre,1.0,1.0110578695171397,3.5015419623621653e-06
20,My Baby Doll,1.0,1.0110578695171397,3.5015419623621653e-06
20,My Brother,1.0,1.0110578695171397,3.5015419623621653e-06
20,My Evil Sluts 5,1.0,1.0110578695171397,3.5015419623621653e-06
20,My Festival with Mother,1.0,1.0110578695171397,3.5015419623621653e-06
20,My Head's Exploding,1.0,1.0110578695171397,3.5015419623621653e-06
20,My Hero,1.0,1.0110578695171397,3.5015419623621653e-06
20,My Job Is to Get Jobs,1.0,1.0110578695171397,3.5015419623621653e-06
20,My Three Angels,1.0,1.0110578695171397,3.5015419623621653e-06
20,My Valentine,1.0,1.0110578695171397,3.5015419623621653e-06
20,My Wife Is a Liar,1.0,1.0110578695171397,3.5015419623621653e-06
20,Myrtle Beach,1.0,1.0110578695171397,3.5015419623621653e-06
20,Mysteria,1.0,1.0110578695171397,3.5015419623621653e-06
20,Mysterious Stranger,1.0,1.0110578695171397,3.5015419623621653e-06
20,Mystery on the Avalanche Express,1.0,1.0110578695171397,3.5015419623621653e-06
20,Mystery!,1.0,1.0110578695171397,3.5015419623621653e-06
20,Na dan pozara,1.0,1.0110578695171397,3.5015419623621653e-06
20,Nad Switezia,1.0,1.0110578695171397,3.5015419623621653e-06
20,Naked Lust,1.0,1.0110578695171397,3.5015419623621653e-06
20,Nan of the Woods,1.0,1.0110578695171397,3.5015419623621653e-06
20,Narco,1.0,1.0110578695171397,3.5015419623621653e-06
20,Nasljedstvo,1.0,1.0110578695171397,3.5015419623621653e-06
20,Nasty Girls 19,1.0,1.0110578695171397,3.5015419623621653e-06
20,National Security,1.0,1.0110578695171397,3.5015419623621653e-06
20,Natsumi & Koyuki tenisu no purinsesu dearimasu/Keroro shinryaku hiyori nosatsuki hare dearimasu,1.0,1.0110578695171397,3.5015419623621653e-06
20,Natural Instinct,1.0,1.0110578695171397,3.5015419623621653e-06
20,Natürlich Steffens!,1.0,1.0110578695171397,3.5015419623621653e-06
20,Näytöstyyliin,1.0,1.0110578695171397,3.5015419623621653e-06
20,Nazo no yuurei kan,1.0,1.0110578695171397,3.5015419623621653e-06
20,Near Dublin,1.0,1.0110578695171397,3.5015419623621653e-06
20,Necromentia,1.0,1.0110578695171397,3.5015419623621653e-06
20,Nemuranai machi - Shinjuku same,1.0,1.0110578695171397,3.5015419623621653e-06
20,Neu pols,1.0,1.0110578695171397,3.5015419623621653e-06
20,Never Trust an Honest Man,1.0,1.0110578695171397,3.5015419623621653e-06
20,Nevesta s velkýma nohama,1.0,1.0110578695171397,3.5015419623621653e-06
20,New Brains for Old,1.0,1.0110578695171397,3.5015419623621653e-06
20,New Christian Herald,1.0,1.0110578695171397,3.5015419623621653e-06
20,New Order,1.0,1.0110578695171397,3.5015419623621653e-06
20,New York Episode 5,1.0,1.0110578695171397,3.5015419623621653e-06
20,NIA,1.0,1.0110578695171397,3.5015419623621653e-06
20,Nic and Rachael Billman,1.0,1.0110578695171397,3.5015419623621653e-06
20,Nice Guys...,1.0,1.0110578695171397,3.5015419623621653e-06
20,Nicolas Cage/Deena Nicole Cortese/Holt McCallany,1.0,1.0110578695171397,3.5015419623621653e-06
20,Nigedashita akanbou,1.0,1.0110578695171397,3.5015419623621653e-06
20,Night of the Full Moon,1.0,1.0110578695171397,3.5015419623621653e-06
20,Night Out,1.0,1.0110578695171397,3.5015419623621653e-06
20,Nightmare on Film Street,1.0,1.0110578695171397,3.5015419623621653e-06
20,Nineteen to Cheyenne,1.0,1.0110578695171397,3.5015419623621653e-06
20,"NJ State Police: ""The Rock""",1.0,1.0110578695171397,3.5015419623621653e-06
20,No Corpus Delicti,1.0,1.0110578695171397,3.5015419623621653e-06
20,No Orchids for Missing Blandisch,1.0,1.0110578695171397,3.5015419623621653e-06
20,No Safe Place: Six Lives Forever Changed,1.0,1.0110578695171397,3.5015419623621653e-06
20,No Way to Treat a Body,1.0,1.0110578695171397,3.5015419623621653e-06
20,No Worries Cinderella,1.0,1.0110578695171397,3.5015419623621653e-06
20,Nobody But Her,1.0,1.0110578695171397,3.5015419623621653e-06
20,Nobody Does It Redder 4,1.0,1.0110578695171397,3.5015419623621653e-06
20,Noc od paucine,1.0,1.0110578695171397,3.5015419623621653e-06
20,"Noch eine Chance, Marc!",1.0,1.0110578695171397,3.5015419623621653e-06
20,Noddy and the Magic Bagpipes,1.0,1.0110578695171397,3.5015419623621653e-06
20,Nomad's Land,1.0,1.0110578695171397,3.5015419623621653e-06
20,North Carolina Ribs and BBQ Baked Beans,1.0,1.0110578695171397,3.5015419623621653e-06
20,Not on My... But!,1.0,1.0110578695171397,3.5015419623621653e-06
20,"Not Tonight, Honey",1.0,1.0110578695171397,3.5015419623621653e-06
20,Not What You'd Expect,1.0,1.0110578695171397,3.5015419623621653e-06
20,Not with My Sister,1.0,1.0110578695171397,3.5015419623621653e-06
20,Nothing Can Stop Rubi from Launching Her Collection-Not Even a Threat on Her Life,1.0,1.0110578695171397,3.5015419623621653e-06
20,Notre nazi,1.0,1.0110578695171397,3.5015419623621653e-06
20,Nove pobede,1.0,1.0110578695171397,3.5015419623621653e-06
20,Numbers: 5,1.0,1.0110578695171397,3.5015419623621653e-06
20,Nuovo contrabbando,1.0,1.0110578695171397,3.5015419623621653e-06
20,Nur den Einen,1.0,1.0110578695171397,3.5015419623621653e-06
20,Nurmoo,1.0,1.0110578695171397,3.5015419623621653e-06
20,O Brilho,1.0,1.0110578695171397,3.5015419623621653e-06
20,"O chytrém Honzovi, aneb jak se Honza stal králem",1.0,1.0110578695171397,3.5015419623621653e-06
20,O Nosso Século,1.0,1.0110578695171397,3.5015419623621653e-06
20,O.K. End Here,1.0,1.0110578695171397,3.5015419623621653e-06
20,Oblomok imperii: Part 1,1.0,1.0110578695171397,3.5015419623621653e-06
20,Obraz nevazmozhen,1.0,1.0110578695171397,3.5015419623621653e-06
20,Odin's Shield Maiden,1.0,1.0110578695171397,3.5015419623621653e-06
20,"Oh Baby, I Love You!",1.0,1.0110578695171397,3.5015419623621653e-06
20,"Okay, Thanks",1.0,1.0110578695171397,3.5015419623621653e-06
20,Old Man,1.0,1.0110578695171397,3.5015419623621653e-06
20,Ölüm pazari,1.0,1.0110578695171397,3.5015419623621653e-06
20,Olympia 2. Teil - Fest der Schönheit,1.0,1.0110578695171397,3.5015419623621653e-06
20,Om man har känslor,1.0,1.0110578695171397,3.5015419623621653e-06
20,Omnibus,1.0,1.0110578695171397,3.5015419623621653e-06
20,Omoide no takarabako/Shirayuki,1.0,1.0110578695171397,3.5015419623621653e-06
20,On the 2nd Day of Christmas,1.0,1.0110578695171397,3.5015419623621653e-06
20,On the Edge of Innocence,1.0,1.0110578695171397,3.5015419623621653e-06
20,On the Hook: Part 1,1.0,1.0110578695171397,3.5015419623621653e-06
20,"One Client, Two Calls",1.0,1.0110578695171397,3.5015419623621653e-06
20,Onna hisho no namashitagi: Hagitoru,1.0,1.0110578695171397,3.5015419623621653e-06
20,Ooh La La,1.0,1.0110578695171397,3.5015419623621653e-06
20,Op z'n russisch,1.0,1.0110578695171397,3.5015419623621653e-06
20,Open Road,1.0,1.0110578695171397,3.5015419623621653e-06
20,Opening Ceremony Salt Lake Paralympic Winter Games,1.0,1.0110578695171397,3.5015419623621653e-06
20,"Operation, Collins",1.0,1.0110578695171397,3.5015419623621653e-06
20,Ophelia,1.0,1.0110578695171397,3.5015419623621653e-06
20,Opsada Beograda,1.0,1.0110578695171397,3.5015419623621653e-06
20,Origins of the Word 'Camelopard',1.0,1.0110578695171397,3.5015419623621653e-06
20,"Osa 2. Vaasa, Pohjanmaan museo: Carl Hedmanin kokoelmat",1.0,1.0110578695171397,3.5015419623621653e-06
20,Otan leipi i gata!,1.0,1.0110578695171397,3.5015419623621653e-06
20,Other Casualties,1.0,1.0110578695171397,3.5015419623621653e-06
20,Otte hundrede akkorder,1.0,1.0110578695171397,3.5015419623621653e-06
20,Oudejaars special 2006,1.0,1.0110578695171397,3.5015419623621653e-06
20,Our Class Is a Monkey Mountain,1.0,1.0110578695171397,3.5015419623621653e-06
20,Our Hearse,1.0,1.0110578695171397,3.5015419623621653e-06
20,Out,1.0,1.0110578695171397,3.5015419623621653e-06
20,Out of Hand,1.0,1.0110578695171397,3.5015419623621653e-06
20,Out of the Tiger's Mouth,1.0,1.0110578695171397,3.5015419623621653e-06
20,Outsiders,1.0,1.0110578695171397,3.5015419623621653e-06
20,Over grænsen,1.0,1.0110578695171397,3.5015419623621653e-06
20,Ozone Therapy: The Miracle Medicine,1.0,1.0110578695171397,3.5015419623621653e-06
20,P-40 Warhawk,1.0,1.0110578695171397,3.5015419623621653e-06
20,Paal,1.0,1.0110578695171397,3.5015419623621653e-06
20,Pack a Lunch!,1.0,1.0110578695171397,3.5015419623621653e-06
20,"Packing Ammunition on Mules, Cuba",1.0,1.0110578695171397,3.5015419623621653e-06
20,Padinton Hatsu yonjigojûbun (sono yon) Mâpuru tai hannin,1.0,1.0110578695171397,3.5015419623621653e-06
20,Paipan de dengeki fukkatsu!!,1.0,1.0110578695171397,3.5015419623621653e-06
20,Palais royal,1.0,1.0110578695171397,3.5015419623621653e-06
20,Panaginip lamang,1.0,1.0110578695171397,3.5015419623621653e-06
20,Panoramic View of Atlantic City Beach,1.0,1.0110578695171397,3.5015419623621653e-06
20,Papa bon coeur,1.0,1.0110578695171397,3.5015419623621653e-06
20,Papinvaalit,1.0,1.0110578695171397,3.5015419623621653e-06
20,Par avion,1.0,1.0110578695171397,3.5015419623621653e-06
20,Para siempre,1.0,1.0110578695171397,3.5015419623621653e-06
20,Paris-Singapour,1.0,1.0110578695171397,3.5015419623621653e-06
20,Part 2,1.0,1.0110578695171397,3.5015419623621653e-06
20,Passing the Stone,1.0,1.0110578695171397,3.5015419623621653e-06
20,"Pat Hogan, Deceased",1.0,1.0110578695171397,3.5015419623621653e-06
20,Pembroke,1.0,1.0110578695171397,3.5015419623621653e-06
20,Penetration 12,1.0,1.0110578695171397,3.5015419623621653e-06
20,Perfect Helen,1.0,1.0110578695171397,3.5015419623621653e-06
20,Periplanisi,1.0,1.0110578695171397,3.5015419623621653e-06
20,Persons parfymeri,1.0,1.0110578695171397,3.5015419623621653e-06
20,Peters dag,1.0,1.0110578695171397,3.5015419623621653e-06
20,Peters Reise in die Steinzeit,1.0,1.0110578695171397,3.5015419623621653e-06
20,Petit Ben,1.0,1.0110578695171397,3.5015419623621653e-06
20,Peukaloisen seikkailut,1.0,1.0110578695171397,3.5015419623621653e-06
20,Peur Et Abandon,1.0,1.0110578695171397,3.5015419623621653e-06
20,Phantom Ride on Electric Car,1.0,1.0110578695171397,3.5015419623621653e-06
20,Philadelphia Story,1.0,1.0110578695171397,3.5015419623621653e-06
20,Philip Seymour Hoffman,1.0,1.0110578695171397,3.5015419623621653e-06
20,Picador Porky,1.0,1.0110578695171397,3.5015419623621653e-06
20,Pickpock ne craint pas les entraves,1.0,1.0110578695171397,3.5015419623621653e-06
20,Picture and Sound Rushes,1.0,1.0110578695171397,3.5015419623621653e-06
20,Picture Page,1.0,1.0110578695171397,3.5015419623621653e-06
20,Piglet in a Playpen,1.0,1.0110578695171397,3.5015419623621653e-06
20,Pik Nik è... inflessibile!,1.0,1.0110578695171397,3.5015419623621653e-06
20,Pills and Pills,1.0,1.0110578695171397,3.5015419623621653e-06
20,Pilot: Part 4,1.0,1.0110578695171397,3.5015419623621653e-06
20,Pink Slip,1.0,1.0110578695171397,3.5015419623621653e-06
20,Pitzuyim,1.0,1.0110578695171397,3.5015419623621653e-06
20,Platform Six,1.0,1.0110578695171397,3.5015419623621653e-06
20,Playboy: Who Wants to Be a Playboy Centerfold?,1.0,1.0110578695171397,3.5015419623621653e-06
20,Playground Sisters,1.0,1.0110578695171397,3.5015419623621653e-06
20,Pleite,1.0,1.0110578695171397,3.5015419623621653e-06
20,Poet in Power,1.0,1.0110578695171397,3.5015419623621653e-06
20,Poldi & Drecksau,1.0,1.0110578695171397,3.5015419623621653e-06
20,Pollufission 2000,1.0,1.0110578695171397,3.5015419623621653e-06
20,Ponda the Moose,1.0,1.0110578695171397,3.5015419623621653e-06
20,Por la mañana,1.0,1.0110578695171397,3.5015419623621653e-06
20,Port Afrique,1.0,1.0110578695171397,3.5015419623621653e-06
20,Portrait of Grandpa Doc,1.0,1.0110578695171397,3.5015419623621653e-06
20,Positive Reinforcement,1.0,1.0110578695171397,3.5015419623621653e-06
20,Postman Returns,1.0,1.0110578695171397,3.5015419623621653e-06
20,Potluck,1.0,1.0110578695171397,3.5015419623621653e-06
20,Pound Puppies,1.0,1.0110578695171397,3.5015419623621653e-06
20,Pozharat,1.0,1.0110578695171397,3.5015419623621653e-06
20,Practical Jokers Gone Wild 4,1.0,1.0110578695171397,3.5015419623621653e-06
20,Präsidentenpoker und Sparhammer - Bekommt Schwarz-Gelb noch die Kurve?,1.0,1.0110578695171397,3.5015419623621653e-06
20,Práve otvíráme!,1.0,1.0110578695171397,3.5015419623621653e-06
20,Prelude,1.0,1.0110578695171397,3.5015419623621653e-06
20,Presidential Movers,1.0,1.0110578695171397,3.5015419623621653e-06
20,Presumption,1.0,1.0110578695171397,3.5015419623621653e-06
20,Pretty Pussies Please 5,1.0,1.0110578695171397,3.5015419623621653e-06
20,Primordial Plot,1.0,1.0110578695171397,3.5015419623621653e-06
20,Prince William: A Royal Portrait,1.0,1.0110578695171397,3.5015419623621653e-06
20,Prioridades,1.0,1.0110578695171397,3.5015419623621653e-06
20,Prisoners of the Lost Universe,1.0,1.0110578695171397,3.5015419623621653e-06
20,Private Dennis Hogan,1.0,1.0110578695171397,3.5015419623621653e-06
20,Prodigy,1.0,1.0110578695171397,3.5015419623621653e-06
20,Progress,1.0,1.0110578695171397,3.5015419623621653e-06
20,Prom 67: Beethoven's Missa Solemnis,1.0,1.0110578695171397,3.5015419623621653e-06
20,Prom Mania,1.0,1.0110578695171397,3.5015419623621653e-06
20,Prom Promise,1.0,1.0110578695171397,3.5015419623621653e-06
20,Properly Mulching Garden Beds/Installing a Natural Gas Line,1.0,1.0110578695171397,3.5015419623621653e-06
20,Prostitution Pornography USA,1.0,1.0110578695171397,3.5015419623621653e-06
20,Public Enemies,1.0,1.0110578695171397,3.5015419623621653e-06
20,Pudding Face,1.0,1.0110578695171397,3.5015419623621653e-06
20,Puleun byeolalae jamdeulge hala,1.0,1.0110578695171397,3.5015419623621653e-06
20,Pulling Power,1.0,1.0110578695171397,3.5015419623621653e-06
20,Punk Royal - A Brand on Its Arse,1.0,1.0110578695171397,3.5015419623621653e-06
20,Puppies in the Pantry,1.0,1.0110578695171397,3.5015419623621653e-06
20,Pure Imagination,1.0,1.0110578695171397,3.5015419623621653e-06
20,Puzzle Trail,1.0,1.0110578695171397,3.5015419623621653e-06
20,Quagmire,1.0,1.0110578695171397,3.5015419623621653e-06
20,Quarantaine,1.0,1.0110578695171397,3.5015419623621653e-06
20,Quarter Life,1.0,1.0110578695171397,3.5015419623621653e-06
20,R&B Chick,1.0,1.0110578695171397,3.5015419623621653e-06
20,Raazdaar Aankhen: Part 1,1.0,1.0110578695171397,3.5015419623621653e-06
20,Rabmadár,1.0,1.0110578695171397,3.5015419623621653e-06
20,Race for Survival,1.0,1.0110578695171397,3.5015419623621653e-06
20,Race to Popland,1.0,1.0110578695171397,3.5015419623621653e-06
20,Radikale Venstre,1.0,1.0110578695171397,3.5015419623621653e-06
20,Radio Disney Presents Diana Degarmo,1.0,1.0110578695171397,3.5015419623621653e-06
20,Rage of the Werewolf,1.0,1.0110578695171397,3.5015419623621653e-06
20,Rambagh Palace,1.0,1.0110578695171397,3.5015419623621653e-06
20,Ranch Visit,1.0,1.0110578695171397,3.5015419623621653e-06
20,Ranch: The Alan Wood Ranch Project,1.0,1.0110578695171397,3.5015419623621653e-06
20,Rave un2 the Year 2000,1.0,1.0110578695171397,3.5015419623621653e-06
20,Räveld,1.0,1.0110578695171397,3.5015419623621653e-06
20,Raven's Revenge,1.0,1.0110578695171397,3.5015419623621653e-06
20,Razza selvaggia,1.0,1.0110578695171397,3.5015419623621653e-06
20,Reaching for Innocence,1.0,1.0110578695171397,3.5015419623621653e-06
20,Reality Check-HIV/AIDS,1.0,1.0110578695171397,3.5015419623621653e-06
20,Rear March 2,1.0,1.0110578695171397,3.5015419623621653e-06
20,Reboot,1.0,1.0110578695171397,3.5015419623621653e-06
20,Red Barber's Corner,1.0,1.0110578695171397,3.5015419623621653e-06
20,Reel Evil,1.0,1.0110578695171397,3.5015419623621653e-06
20,Reflecting Love,1.0,1.0110578695171397,3.5015419623621653e-06
20,Reino das Águas Claras: Part 5,1.0,1.0110578695171397,3.5015419623621653e-06
20,Relación condenada,1.0,1.0110578695171397,3.5015419623621653e-06
20,Renée Fleming & Dmitri Hvorostovsky: A Musical Odyssey in St. Petersburg,1.0,1.0110578695171397,3.5015419623621653e-06
20,Renovation Rescue,1.0,1.0110578695171397,3.5015419623621653e-06
20,Replay,1.0,1.0110578695171397,3.5015419623621653e-06
20,Reporting on Rescued Events,1.0,1.0110578695171397,3.5015419623621653e-06
20,ReRe-Animated,1.0,1.0110578695171397,3.5015419623621653e-06
20,Respect,1.0,1.0110578695171397,3.5015419623621653e-06
20,Resurrección II,1.0,1.0110578695171397,3.5015419623621653e-06
20,Retrato vacío,1.0,1.0110578695171397,3.5015419623621653e-06
20,Retrial,1.0,1.0110578695171397,3.5015419623621653e-06
20,Return of the Monster Maker,1.0,1.0110578695171397,3.5015419623621653e-06
20,Return to Vash Naroom,1.0,1.0110578695171397,3.5015419623621653e-06
20,Revelations,1.0,1.0110578695171397,3.5015419623621653e-06
20,Revenge of the Ninja,1.0,1.0110578695171397,3.5015419623621653e-06
20,Rewind,1.0,1.0110578695171397,3.5015419623621653e-06
20,Rice,1.0,1.0110578695171397,3.5015419623621653e-06
20,Rich Hall: Hell No I Ain't Happy,1.0,1.0110578695171397,3.5015419623621653e-06
20,Richard III,1.0,1.0110578695171397,3.5015419623621653e-06
20,Right Road Lost,1.0,1.0110578695171397,3.5015419623621653e-06
20,Rika wa pichi-pichi,1.0,1.0110578695171397,3.5015419623621653e-06
20,Rio Rita,1.0,1.0110578695171397,3.5015419623621653e-06
20,Road to the Presidency,1.0,1.0110578695171397,3.5015419623621653e-06
20,Rock Mania,1.0,1.0110578695171397,3.5015419623621653e-06
20,RockBarnes: The Emperor in You,1.0,1.0110578695171397,3.5015419623621653e-06
20,Rocks and Rough Sea,1.0,1.0110578695171397,3.5015419623621653e-06
20,Rocky Mountaineer,1.0,1.0110578695171397,3.5015419623621653e-06
20,Röda rummet,1.0,1.0110578695171397,3.5015419623621653e-06
20,Rødblått paradis,1.0,1.0110578695171397,3.5015419623621653e-06
20,Rokkunrôru daietto,1.0,1.0110578695171397,3.5015419623621653e-06
20,Roma,1.0,1.0110578695171397,3.5015419623621653e-06
20,Roman Britain: A Roman Villa,1.0,1.0110578695171397,3.5015419623621653e-06
20,Romancing the Joan,1.0,1.0110578695171397,3.5015419623621653e-06
20,Romansu no kamisama,1.0,1.0110578695171397,3.5015419623621653e-06
20,Roof Tops of Manhattan,1.0,1.0110578695171397,3.5015419623621653e-06
20,Rugaru,1.0,1.0110578695171397,3.5015419623621653e-06
20,Rum Running,1.0,1.0110578695171397,3.5015419623621653e-06
20,Rumors of Evening,1.0,1.0110578695171397,3.5015419623621653e-06
20,Run to Darkness,1.0,1.0110578695171397,3.5015419623621653e-06
20,Sacerdos in aeternum,1.0,1.0110578695171397,3.5015419623621653e-06
20,Sahara Sahara,1.0,1.0110578695171397,3.5015419623621653e-06
20,Saidan toshi,1.0,1.0110578695171397,3.5015419623621653e-06
20,Saira Khan,1.0,1.0110578695171397,3.5015419623621653e-06
20,Salty Veggies & Heated Battles,1.0,1.0110578695171397,3.5015419623621653e-06
20,Salunkhe Ki Hatya,1.0,1.0110578695171397,3.5015419623621653e-06
20,Samvittighedens Stemme,1.0,1.0110578695171397,3.5015419623621653e-06
20,Sanctum,1.0,1.0110578695171397,3.5015419623621653e-06
20,Sand and Surf,1.0,1.0110578695171397,3.5015419623621653e-06
20,Sandwich of Love,1.0,1.0110578695171397,3.5015419623621653e-06
20,Sanpo tekuteku,1.0,1.0110578695171397,3.5015419623621653e-06
20,Sara and Miri,1.0,1.0110578695171397,3.5015419623621653e-06
20,Sasabihin na ni Carlos ang totoo,1.0,1.0110578695171397,3.5015419623621653e-06
20,Satan and the Woman,1.0,1.0110578695171397,3.5015419623621653e-06
20,Satsujin Ekusasaizu,1.0,1.0110578695171397,3.5015419623621653e-06
20,Saturday Night Live: The Best of Chris Kattan,1.0,1.0110578695171397,3.5015419623621653e-06
20,Saury,1.0,1.0110578695171397,3.5015419623621653e-06
20,Saving Time,1.0,1.0110578695171397,3.5015419623621653e-06
20,Scandinavia: Lands of the Midnight Sun,1.0,1.0110578695171397,3.5015419623621653e-06
20,Scheefgezakt,1.0,1.0110578695171397,3.5015419623621653e-06
20,Schemes Like Old Times,1.0,1.0110578695171397,3.5015419623621653e-06
20,Schlaflos in St. Peter,1.0,1.0110578695171397,3.5015419623621653e-06
20,Schonzeit,1.0,1.0110578695171397,3.5015419623621653e-06
20,Schorn und Heinrich,1.0,1.0110578695171397,3.5015419623621653e-06
20,Science,1.0,1.0110578695171397,3.5015419623621653e-06
20,Science Fiction,1.0,1.0110578695171397,3.5015419623621653e-06
20,Scooter P.,1.0,1.0110578695171397,3.5015419623621653e-06
20,Scott on the Rocks,1.0,1.0110578695171397,3.5015419623621653e-06
20,Scott W. and Lindsey A.,1.0,1.0110578695171397,3.5015419623621653e-06
20,Screen Pass,1.0,1.0110578695171397,3.5015419623621653e-06
20,"Screen Snapshots, Series 4, No. 11",1.0,1.0110578695171397,3.5015419623621653e-06
20,"Screen Snapshots, Series 4, No. 22",1.0,1.0110578695171397,3.5015419623621653e-06
20,Scribble's Creations,1.0,1.0110578695171397,3.5015419623621653e-06
20,Sea Bed Soil,1.0,1.0110578695171397,3.5015419623621653e-06
20,Sean Paul: Duttyology,1.0,1.0110578695171397,3.5015419623621653e-06
20,Seattle Grace: On Call Part 2,1.0,1.0110578695171397,3.5015419623621653e-06
20,Second Half Final Round: Branham vs. Dieter/Telley vs. Cumberbatch,1.0,1.0110578695171397,3.5015419623621653e-06
20,Secondary High,1.0,1.0110578695171397,3.5015419623621653e-06
20,Secret Santa,1.0,1.0110578695171397,3.5015419623621653e-06
20,Sedina Sanchu,1.0,1.0110578695171397,3.5015419623621653e-06
20,See Jane Run,1.0,1.0110578695171397,3.5015419623621653e-06
20,Seek,1.0,1.0110578695171397,3.5015419623621653e-06
20,Sehti,1.0,1.0110578695171397,3.5015419623621653e-06
20,Seine kokette Frau,1.0,1.0110578695171397,3.5015419623621653e-06
20,Seiya ni dakishimete,1.0,1.0110578695171397,3.5015419623621653e-06
20,Sekai iyashi no tabi: Fujiwara Norika gokujô no kyûjitsu,1.0,1.0110578695171397,3.5015419623621653e-06
20,Sekigahara no tatakai (Zenpen),1.0,1.0110578695171397,3.5015419623621653e-06
20,Serenade in Two Flats,1.0,1.0110578695171397,3.5015419623621653e-06
20,Serengeti,1.0,1.0110578695171397,3.5015419623621653e-06
20,Sestry,1.0,1.0110578695171397,3.5015419623621653e-06
20,Sétimo Céu,1.0,1.0110578695171397,3.5015419623621653e-06
20,Sex Does a Body Good,1.0,1.0110578695171397,3.5015419623621653e-06
20,Sexual Limits,1.0,1.0110578695171397,3.5015419623621653e-06
20,Sexual Trilogies,1.0,1.0110578695171397,3.5015419623621653e-06
20,Sexy Eyes with Ken Marino & June Diane Raphael,1.0,1.0110578695171397,3.5015419623621653e-06
20,Seymore Butts: Anal Interpreter,1.0,1.0110578695171397,3.5015419623621653e-06
20,Shadow of God,1.0,1.0110578695171397,3.5015419623621653e-06
20,Shadow of the Sword,1.0,1.0110578695171397,3.5015419623621653e-06
20,Shadowplay,1.0,1.0110578695171397,3.5015419623621653e-06
20,Shake-ups,1.0,1.0110578695171397,3.5015419623621653e-06
20,Shaking the Tree,1.0,1.0110578695171397,3.5015419623621653e-06
20,Shalimar,1.0,1.0110578695171397,3.5015419623621653e-06
20,Shatranj,1.0,1.0110578695171397,3.5015419623621653e-06
20,She's an Animal,1.0,1.0110578695171397,3.5015419623621653e-06
20,She's So Cold,1.0,1.0110578695171397,3.5015419623621653e-06
20,She Loves... The Four-X Feeling,1.0,1.0110578695171397,3.5015419623621653e-06
20,Shemale Fetish Extreme,1.0,1.0110578695171397,3.5015419623621653e-06
20,Shepherd Clark of 'The House of Show' on EOE,1.0,1.0110578695171397,3.5015419623621653e-06
20,Sherlock Homey,1.0,1.0110578695171397,3.5015419623621653e-06
20,Shevil (the Girlfriend from Hell),1.0,1.0110578695171397,3.5015419623621653e-06
20,Shi no Oto Semishigure,1.0,1.0110578695171397,3.5015419623621653e-06
20,Shichinenme no ikari,1.0,1.0110578695171397,3.5015419623621653e-06
20,Shin onoga tsumi,1.0,1.0110578695171397,3.5015419623621653e-06
20,Shinjite okuridashita onii-san ga keitai bishôjo gêmu ni dohamari shite sekuhara shite kuru yô ni naru wake ga nai,1.0,1.0110578695171397,3.5015419623621653e-06
20,Shkëlqimi i përkohëshëm,1.0,1.0110578695171397,3.5015419623621653e-06
20,Shopping List,1.0,1.0110578695171397,3.5015419623621653e-06
20,Shou ji,1.0,1.0110578695171397,3.5015419623621653e-06
20,Show #555 - Kai Edel in Hollywood,1.0,1.0110578695171397,3.5015419623621653e-06
20,Show #991 - In 15 Minuten von Christiansen zu Kock am Brink,1.0,1.0110578695171397,3.5015419623621653e-06
20,Show and Tell,1.0,1.0110578695171397,3.5015419623621653e-06
20,Shuffle,1.0,1.0110578695171397,3.5015419623621653e-06
20,Sidonie Panache,1.0,1.0110578695171397,3.5015419623621653e-06
20,Signals for Survival,1.0,1.0110578695171397,3.5015419623621653e-06
20,Silas & Lionel,1.0,1.0110578695171397,3.5015419623621653e-06
20,Silent Hill 2,1.0,1.0110578695171397,3.5015419623621653e-06
20,"Silent Night, Deadly Night",1.0,1.0110578695171397,3.5015419623621653e-06
20,Silk Road,1.0,1.0110578695171397,3.5015419623621653e-06
20,Simon's World,1.0,1.0110578695171397,3.5015419623621653e-06
20,Simpozionul,1.0,1.0110578695171397,3.5015419623621653e-06
20,Sinister Secrets: Part 1,1.0,1.0110578695171397,3.5015419623621653e-06
20,Sins of the Father,1.0,1.0110578695171397,3.5015419623621653e-06
20,Siopao,1.0,1.0110578695171397,3.5015419623621653e-06
20,Sir Ben Kingsley,1.0,1.0110578695171397,3.5015419623621653e-06
20,Siromaviot i gospod,1.0,1.0110578695171397,3.5015419623621653e-06
20,Site of Dreams! Munna and Musharna!,1.0,1.0110578695171397,3.5015419623621653e-06
20,Six Degrees Without Separation,1.0,1.0110578695171397,3.5015419623621653e-06
20,Sketch Comedy,1.0,1.0110578695171397,3.5015419623621653e-06
20,Sketch Film #5,1.0,1.0110578695171397,3.5015419623621653e-06
20,Slaphappy,1.0,1.0110578695171397,3.5015419623621653e-06
20,Slavoluci,1.0,1.0110578695171397,3.5015419623621653e-06
20,Small Packages: Clifford's Magic Lamp,1.0,1.0110578695171397,3.5015419623621653e-06
20,Small... The New Big,1.0,1.0110578695171397,3.5015419623621653e-06
20,Smart Dog,1.0,1.0110578695171397,3.5015419623621653e-06
20,Smoke Pot Till You Fucking Die,1.0,1.0110578695171397,3.5015419623621653e-06
20,Smokejumpers,1.0,1.0110578695171397,3.5015419623621653e-06
20,Smoky Joe,1.0,1.0110578695171397,3.5015419623621653e-06
20,Smurfquest: Part 1/Smurfquest: Part 2,1.0,1.0110578695171397,3.5015419623621653e-06
20,Snakeville's Peacemaker,1.0,1.0110578695171397,3.5015419623621653e-06
20,Snared,1.0,1.0110578695171397,3.5015419623621653e-06
20,Snow Small Feat,1.0,1.0110578695171397,3.5015419623621653e-06
20,So'n Schmaus! - Wie der Norden früher aß,1.0,1.0110578695171397,3.5015419623621653e-06
20,So This Is London,1.0,1.0110578695171397,3.5015419623621653e-06
20,So You're Going to the Dentist,1.0,1.0110578695171397,3.5015419623621653e-06
20,So... You Ready to Die?,1.0,1.0110578695171397,3.5015419623621653e-06
20,Sökare i vinden,1.0,1.0110578695171397,3.5015419623621653e-06
20,Sol e sombra,1.0,1.0110578695171397,3.5015419623621653e-06
20,Sola en casa,1.0,1.0110578695171397,3.5015419623621653e-06
20,Soldaty svobody,1.0,1.0110578695171397,3.5015419623621653e-06
20,Soleil trompeur,1.0,1.0110578695171397,3.5015419623621653e-06
20,Something Between,1.0,1.0110578695171397,3.5015419623621653e-06
20,Something Overhead Plummeting,1.0,1.0110578695171397,3.5015419623621653e-06
20,Sonic Mega Collection,1.0,1.0110578695171397,3.5015419623621653e-06
20,Sonny with a Grant,1.0,1.0110578695171397,3.5015419623621653e-06
20,Sons of the City: New York,1.0,1.0110578695171397,3.5015419623621653e-06
20,Sôsô,1.0,1.0110578695171397,3.5015419623621653e-06
20,Soul Mates,1.0,1.0110578695171397,3.5015419623621653e-06
20,Soul Train,1.0,1.0110578695171397,3.5015419623621653e-06
20,South Beach Wine and Food Festival,1.0,1.0110578695171397,3.5015419623621653e-06
20,"South London's Finest, Part 2",1.0,1.0110578695171397,3.5015419623621653e-06
20,South of the Border,1.0,1.0110578695171397,3.5015419623621653e-06
20,Southland,1.0,1.0110578695171397,3.5015419623621653e-06
20,Soya Think You Can Sing?,1.0,1.0110578695171397,3.5015419623621653e-06
20,Space Magnet,1.0,1.0110578695171397,3.5015419623621653e-06
20,Spaghetti & Meatballs,1.0,1.0110578695171397,3.5015419623621653e-06
20,"Spaguetti, Pierna Enchilada",1.0,1.0110578695171397,3.5015419623621653e-06
20,Special Relationship: Part 2,1.0,1.0110578695171397,3.5015419623621653e-06
20,Speck,1.0,1.0110578695171397,3.5015419623621653e-06
20,Speed Trapped,1.0,1.0110578695171397,3.5015419623621653e-06
20,Spewed,1.0,1.0110578695171397,3.5015419623621653e-06
20,Spice Exposed,1.0,1.0110578695171397,3.5015419623621653e-06
20,Spinal Tap,1.0,1.0110578695171397,3.5015419623621653e-06
20,Spirit Matters,1.0,1.0110578695171397,3.5015419623621653e-06
20,Splendeur du film noir,1.0,1.0110578695171397,3.5015419623621653e-06
20,Sport Goofy in Soccermania,1.0,1.0110578695171397,3.5015419623621653e-06
20,Sports for Peace,1.0,1.0110578695171397,3.5015419623621653e-06
20,Squeak and the Terrible Termite,1.0,1.0110578695171397,3.5015419623621653e-06
20,Srimannarayana,1.0,1.0110578695171397,3.5015419623621653e-06
20,St. Moritz,1.0,1.0110578695171397,3.5015419623621653e-06
20,St. Thomas,1.0,1.0110578695171397,3.5015419623621653e-06
20,Stadt Land Mord!,1.0,1.0110578695171397,3.5015419623621653e-06
20,Stained,1.0,1.0110578695171397,3.5015419623621653e-06
20,Stalemate,1.0,1.0110578695171397,3.5015419623621653e-06
20,Stalo se jedné nedele,1.0,1.0110578695171397,3.5015419623621653e-06
20,Star Mitzvah,1.0,1.0110578695171397,3.5015419623621653e-06
20,Star Trek: Birth of the Federation,1.0,1.0110578695171397,3.5015419623621653e-06
20,Star Wars: Jedi Knight - Dark Forces II,1.0,1.0110578695171397,3.5015419623621653e-06
20,Star Wars: Rogue Squadron II - Rogue Leader,1.0,1.0110578695171397,3.5015419623621653e-06
20,Starred Up,1.0,1.0110578695171397,3.5015419623621653e-06
20,Steal My Heart,1.0,1.0110578695171397,3.5015419623621653e-06
20,Steal vs Slashers & Bouncers vs Rumble,1.0,1.0110578695171397,3.5015419623621653e-06
20,Stéréotypes,1.0,1.0110578695171397,3.5015419623621653e-06
20,Stesso mare stessa spiaggia,1.0,1.0110578695171397,3.5015419623621653e-06
20,Steve and the Dragon,1.0,1.0110578695171397,3.5015419623621653e-06
20,Steven Benson,1.0,1.0110578695171397,3.5015419623621653e-06
20,Sti thyella tis megalis agapis,1.0,1.0110578695171397,3.5015419623621653e-06
20,Sticky Like One,1.0,1.0110578695171397,3.5015419623621653e-06
20,Still Life,1.0,1.0110578695171397,3.5015419623621653e-06
20,Stories of Mary Plain: In Which Mary Goes Visiting,1.0,1.0110578695171397,3.5015419623621653e-06
20,Storytelling Man - Spurensuche mit Henning Mankell,1.0,1.0110578695171397,3.5015419623621653e-06
20,Straight and Butch,1.0,1.0110578695171397,3.5015419623621653e-06
20,Stranded,2.0,1.0110578695171397,0.00031315456950058905
20,Strap-on Sally 14: Happy Birthday Marylin,1.0,1.0110578695171397,3.5015419623621653e-06
20,Streets of Southside,1.0,1.0110578695171397,3.5015419623621653e-06
20,Struck by Lightning,1.0,1.0110578695171397,3.5015419623621653e-06
20,Structure Within the Image,1.0,1.0110578695171397,3.5015419623621653e-06
20,Studs,1.0,1.0110578695171397,3.5015419623621653e-06
20,Style,1.0,1.0110578695171397,3.5015419623621653e-06
20,Subterranean Blues,1.0,1.0110578695171397,3.5015419623621653e-06
20,Sudden Money,1.0,1.0110578695171397,3.5015419623621653e-06
20,Suffer the Children,1.0,1.0110578695171397,3.5015419623621653e-06
20,Suidôbashi Hakase & Naoki Ogi,1.0,1.0110578695171397,3.5015419623621653e-06
20,Sundance Is a Big Deal,1.0,1.0110578695171397,3.5015419623621653e-06
20,Sunday,1.0,1.0110578695171397,3.5015419623621653e-06
20,Suomi-Filmin sotilaspila 3,1.0,1.0110578695171397,3.5015419623621653e-06
20,Super savvato,1.0,1.0110578695171397,3.5015419623621653e-06
20,Super Snoopers: The Strange Case of Dr. Heckle,1.0,1.0110578695171397,3.5015419623621653e-06
20,Super Spore,1.0,1.0110578695171397,3.5015419623621653e-06
20,Superstars of Speed,1.0,1.0110578695171397,3.5015419623621653e-06
20,Supertoverkracht,1.0,1.0110578695171397,3.5015419623621653e-06
20,Supposed To,1.0,1.0110578695171397,3.5015419623621653e-06
20,Surprise Witness,1.0,1.0110578695171397,3.5015419623621653e-06
20,Sve to,1.0,1.0110578695171397,3.5015419623621653e-06
20,Swamp Gold,1.0,1.0110578695171397,3.5015419623621653e-06
20,Sweet and Sour Hearts,1.0,1.0110578695171397,3.5015419623621653e-06
20,Sweet Revenge,1.0,1.0110578695171397,3.5015419623621653e-06
20,Sweet Tarts,1.0,1.0110578695171397,3.5015419623621653e-06
20,Sweetie,1.0,1.0110578695171397,3.5015419623621653e-06
20,Swirl,1.0,1.0110578695171397,3.5015419623621653e-06
20,Szarvassá vált fiúk,1.0,1.0110578695171397,3.5015419623621653e-06
20,T'es fou Marcel,1.0,1.0110578695171397,3.5015419623621653e-06
20,Ta prosopa tou Theou,1.0,1.0110578695171397,3.5015419623621653e-06
20,Tadellöser & Wolff,1.0,1.0110578695171397,3.5015419623621653e-06
20,Tadpole's Human Delusion,1.0,1.0110578695171397,3.5015419623621653e-06
20,Taking the Stand,1.0,1.0110578695171397,3.5015419623621653e-06
20,Tales from the House,1.0,1.0110578695171397,3.5015419623621653e-06
20,Tales of Corruption,1.0,1.0110578695171397,3.5015419623621653e-06
20,Tales of the Apple Dumpling Gang,1.0,1.0110578695171397,3.5015419623621653e-06
20,Talk Is Cheap,1.0,1.0110578695171397,3.5015419623621653e-06
20,Tanz der Vampire,1.0,1.0110578695171397,3.5015419623621653e-06
20,Tappa inte sugen,1.0,1.0110578695171397,3.5015419623621653e-06
20,Tasburgh House Hotel Revisit,1.0,1.0110578695171397,3.5015419623621653e-06
20,Taste Test,1.0,1.0110578695171397,3.5015419623621653e-06
20,Taxi Dancer,1.0,1.0110578695171397,3.5015419623621653e-06
20,Tea on St. Pancras Station,1.0,1.0110578695171397,3.5015419623621653e-06
20,Tecomatlán: Donde encendimos la antorcha,1.0,1.0110578695171397,3.5015419623621653e-06
20,Ted and the Kid,1.0,1.0110578695171397,3.5015419623621653e-06
20,Ted Williams,1.0,1.0110578695171397,3.5015419623621653e-06
20,Teen Wolf Revelations,1.0,1.0110578695171397,3.5015419623621653e-06
20,Teenage Perversions 6,1.0,1.0110578695171397,3.5015419623621653e-06
20,Telethon 2010,1.0,1.0110578695171397,3.5015419623621653e-06
20,Temps plein,1.0,1.0110578695171397,3.5015419623621653e-06
20,Testament,1.0,1.0110578695171397,3.5015419623621653e-06
20,Thanksgiving,1.0,1.0110578695171397,3.5015419623621653e-06
20,That's Not Right: Watch Me!,1.0,1.0110578695171397,3.5015419623621653e-06
20,That's What Friends Are For,1.0,1.0110578695171397,3.5015419623621653e-06
20,That Little Monster,1.0,1.0110578695171397,3.5015419623621653e-06
20,The 100 Greatest TV Ads,1.0,1.0110578695171397,3.5015419623621653e-06
20,The Abominable Dr. Wang,1.0,1.0110578695171397,3.5015419623621653e-06
20,The Adventurer,1.0,1.0110578695171397,3.5015419623621653e-06
20,The Adventures of an Old Flirt,1.0,1.0110578695171397,3.5015419623621653e-06
20,The Amateur Hypnotist,1.0,1.0110578695171397,3.5015419623621653e-06
20,The Angel's Fountain,1.0,1.0110578695171397,3.5015419623621653e-06
20,The Apish Trick,1.0,1.0110578695171397,3.5015419623621653e-06
20,The Armageddon Factor: Part Three,1.0,1.0110578695171397,3.5015419623621653e-06
20,The Atomic Brain,1.0,1.0110578695171397,3.5015419623621653e-06
20,The Ball,1.0,1.0110578695171397,3.5015419623621653e-06
20,The Ballad of Bear Mountain,1.0,1.0110578695171397,3.5015419623621653e-06
20,The Bandit Makes Good,1.0,1.0110578695171397,3.5015419623621653e-06
20,The Battle of Maynard's Beard,1.0,1.0110578695171397,3.5015419623621653e-06
20,The Bees,1.0,1.0110578695171397,3.5015419623621653e-06
20,The Belt and Suspenders Man,1.0,1.0110578695171397,3.5015419623621653e-06
20,The Berry Long Winter,1.0,1.0110578695171397,3.5015419623621653e-06
20,The Best of Tracey Adams,1.0,1.0110578695171397,3.5015419623621653e-06
20,The Big Barbecue Party of Darkness and Light,1.0,1.0110578695171397,3.5015419623621653e-06
20,The Big Chill,1.0,1.0110578695171397,3.5015419623621653e-06
20,The Bikies: Taking Care of Business,1.0,1.0110578695171397,3.5015419623621653e-06
20,The Blind,1.0,1.0110578695171397,3.5015419623621653e-06
20,The Blind Man,1.0,1.0110578695171397,3.5015419623621653e-06
20,The Blizzard of Odd,1.0,1.0110578695171397,3.5015419623621653e-06
20,The Board Meeting,1.0,1.0110578695171397,3.5015419623621653e-06
20,The Boy Who Cried Werewolf,1.0,1.0110578695171397,3.5015419623621653e-06
20,The Breath of Death,1.0,1.0110578695171397,3.5015419623621653e-06
20,The Broker's Man,1.0,1.0110578695171397,3.5015419623621653e-06
20,"The Bund, Shanghai",1.0,1.0110578695171397,3.5015419623621653e-06
20,The Call,1.0,1.0110578695171397,3.5015419623621653e-06
20,The Cameraman,1.0,1.0110578695171397,3.5015419623621653e-06
20,The Canadian Grand Prix,1.0,1.0110578695171397,3.5015419623621653e-06
20,The Candidate,1.0,1.0110578695171397,3.5015419623621653e-06
20,The Caretaker's Daughter,1.0,1.0110578695171397,3.5015419623621653e-06
20,The Case of the Crippled Cougar,1.0,1.0110578695171397,3.5015419623621653e-06
20,The Case of the Elusive Killer: Part 2,1.0,1.0110578695171397,3.5015419623621653e-06
20,The Case of the Married Moonlighter,1.0,1.0110578695171397,3.5015419623621653e-06
20,The Case of the Perfect Boyfriend,1.0,1.0110578695171397,3.5015419623621653e-06
20,The Cat and the Collector,1.0,1.0110578695171397,3.5015419623621653e-06
20,The Change That Occurred in Kuma: Ivan-san's Angry Attack,1.0,1.0110578695171397,3.5015419623621653e-06
20,The Changeling,1.0,1.0110578695171397,3.5015419623621653e-06
20,The Cheerleaders,1.0,1.0110578695171397,3.5015419623621653e-06
20,The Child of the West,1.0,1.0110578695171397,3.5015419623621653e-06
20,The Choir,1.0,1.0110578695171397,3.5015419623621653e-06
20,The Chosen One,1.0,1.0110578695171397,3.5015419623621653e-06
20,The Chrismas Special,1.0,1.0110578695171397,3.5015419623621653e-06
20,The Color Country Chute-Out 2002,1.0,1.0110578695171397,3.5015419623621653e-06
20,The Commitment,1.0,1.0110578695171397,3.5015419623621653e-06
20,The Confession,1.0,1.0110578695171397,3.5015419623621653e-06
20,The Connecticut Kid,1.0,1.0110578695171397,3.5015419623621653e-06
20,The Coorabungle Deposit,1.0,1.0110578695171397,3.5015419623621653e-06
20,The Count and the Cowboys,1.0,1.0110578695171397,3.5015419623621653e-06
20,The Cup of Life,1.0,1.0110578695171397,3.5015419623621653e-06
20,The Curse of Marcel Duchamp,1.0,1.0110578695171397,3.5015419623621653e-06
20,The Dance Contest,1.0,1.0110578695171397,3.5015419623621653e-06
20,The Dark Horse,1.0,1.0110578695171397,3.5015419623621653e-06
20,The Dark Phoenix: Part 1 - Dazzled,1.0,1.0110578695171397,3.5015419623621653e-06
20,The Darkness Returns: Part 3,1.0,1.0110578695171397,3.5015419623621653e-06
20,The Date Bureau,1.0,1.0110578695171397,3.5015419623621653e-06
20,The Dawn,1.0,1.0110578695171397,3.5015419623621653e-06
20,The Day Joe Left,1.0,1.0110578695171397,3.5015419623621653e-06
20,The Day of the Dolphin,1.0,1.0110578695171397,3.5015419623621653e-06
20,The Day the Senior Class Got Married,1.0,1.0110578695171397,3.5015419623621653e-06
20,The Dinner,1.0,1.0110578695171397,3.5015419623621653e-06
20,The Dream,1.0,1.0110578695171397,3.5015419623621653e-06
20,The Drowned and the Saved,1.0,1.0110578695171397,3.5015419623621653e-06
20,The Drummer's Umbrella,1.0,1.0110578695171397,3.5015419623621653e-06
20,The Duck Song,1.0,1.0110578695171397,3.5015419623621653e-06
20,The Elopement,1.0,1.0110578695171397,3.5015419623621653e-06
20,The Emeril Lagasse Show,1.0,1.0110578695171397,3.5015419623621653e-06
20,The Empty Room Club,1.0,1.0110578695171397,3.5015419623621653e-06
20,"The Falcon CAN Hear the Falconer, Thanks to Miracle Ear!",1.0,1.0110578695171397,3.5015419623621653e-06
20,The Family Circus,1.0,1.0110578695171397,3.5015419623621653e-06
20,The Fatal Journey,1.0,1.0110578695171397,3.5015419623621653e-06
20,The Feud,1.0,1.0110578695171397,3.5015419623621653e-06
20,The Fifth Bowl,1.0,1.0110578695171397,3.5015419623621653e-06
20,The Fifth Sacred Thing,1.0,1.0110578695171397,3.5015419623621653e-06
20,The Final Detail,1.0,1.0110578695171397,3.5015419623621653e-06
20,The Fire Demons of Deimos,1.0,1.0110578695171397,3.5015419623621653e-06
20,The Fishing Trip,1.0,1.0110578695171397,3.5015419623621653e-06
20,The Flaming Signal,1.0,1.0110578695171397,3.5015419623621653e-06
20,The Flying Nun,1.0,1.0110578695171397,3.5015419623621653e-06
20,The Forest's Prime Evil/Gas Again/Sheepy-Time Pal,1.0,1.0110578695171397,3.5015419623621653e-06
20,The Forgotten Ones,1.0,1.0110578695171397,3.5015419623621653e-06
20,The Formula,1.0,1.0110578695171397,3.5015419623621653e-06
20,The Four,1.0,1.0110578695171397,3.5015419623621653e-06
20,The Fourth Wise Man,1.0,1.0110578695171397,3.5015419623621653e-06
20,The Foxy Pirate Crew and the Davy Back!,1.0,1.0110578695171397,3.5015419623621653e-06
20,The French Double,1.0,1.0110578695171397,3.5015419623621653e-06
20,The Frequency Fiends,1.0,1.0110578695171397,3.5015419623621653e-06
20,The Front Line,1.0,1.0110578695171397,3.5015419623621653e-06
20,The Gamble,1.0,1.0110578695171397,3.5015419623621653e-06
20,The Game of the Typewriter,1.0,1.0110578695171397,3.5015419623621653e-06
20,The Gardener's Feathered Friends,1.0,1.0110578695171397,3.5015419623621653e-06
20,The Genie-athalon,1.0,1.0110578695171397,3.5015419623621653e-06
20,The Ghost of Wuzzleburg/March of the Pumpkins,1.0,1.0110578695171397,3.5015419623621653e-06
20,The Glove Puppet,1.0,1.0110578695171397,3.5015419623621653e-06
20,The Gold Basin,1.0,1.0110578695171397,3.5015419623621653e-06
20,The Great Game,1.0,1.0110578695171397,3.5015419623621653e-06
20,The Great Hospital Mystery,1.0,1.0110578695171397,3.5015419623621653e-06
20,The Heavens Tremble,1.0,1.0110578695171397,3.5015419623621653e-06
20,The High Cost of Living,1.0,1.0110578695171397,3.5015419623621653e-06
20,The Hit,1.0,1.0110578695171397,3.5015419623621653e-06
20,The Honeymoon Suite,1.0,1.0110578695171397,3.5015419623621653e-06
20,The Honeymoon: The Bride's Running Behind,1.0,1.0110578695171397,3.5015419623621653e-06
20,The Horror Film,1.0,1.0110578695171397,3.5015419623621653e-06
20,The Hospital,1.0,1.0110578695171397,3.5015419623621653e-06
20,The Hostage II: From Dawn Till Dusk,1.0,1.0110578695171397,3.5015419623621653e-06
20,The Human Condition,1.0,1.0110578695171397,3.5015419623621653e-06
20,The Human Footprint,1.0,1.0110578695171397,3.5015419623621653e-06
20,The Hunt,1.0,1.0110578695171397,3.5015419623621653e-06
20,The Idea of North,1.0,1.0110578695171397,3.5015419623621653e-06
20,The Inquisitive Girls,1.0,1.0110578695171397,3.5015419623621653e-06
20,The Intruder,1.0,1.0110578695171397,3.5015419623621653e-06
20,The Jackson Pollock Project,1.0,1.0110578695171397,3.5015419623621653e-06
20,The Jennie Project,1.0,1.0110578695171397,3.5015419623621653e-06
20,The Jim Thompson Case,1.0,1.0110578695171397,3.5015419623621653e-06
20,The Key,1.0,1.0110578695171397,3.5015419623621653e-06
20,The Kidnapping of a Popular Artist Case: Part 1,1.0,1.0110578695171397,3.5015419623621653e-06
20,The Last Call,1.0,1.0110578695171397,3.5015419623621653e-06
20,The Laundromat,1.0,1.0110578695171397,3.5015419623621653e-06
20,The Lesbian & Gay Big Apple Corps: We're the Marching Band Your Mother Warned You About,1.0,1.0110578695171397,3.5015419623621653e-06
20,The Lettuce,1.0,1.0110578695171397,3.5015419623621653e-06
20,The Life of an American Cowboy,1.0,1.0110578695171397,3.5015419623621653e-06
20,The Life of Robert Burns,1.0,1.0110578695171397,3.5015419623621653e-06
20,The Limits to Birth,1.0,1.0110578695171397,3.5015419623621653e-06
20,The Line,1.0,1.0110578695171397,3.5015419623621653e-06
20,The Little Dum Dum Club,1.0,1.0110578695171397,3.5015419623621653e-06
20,The Little Richard Story,1.0,1.0110578695171397,3.5015419623621653e-06
20,The Lone Pony,1.0,1.0110578695171397,3.5015419623621653e-06
20,The Long Arm of the Dina,1.0,1.0110578695171397,3.5015419623621653e-06
20,The Lost City of Opar,1.0,1.0110578695171397,3.5015419623621653e-06
20,The Lost Mine,1.0,1.0110578695171397,3.5015419623621653e-06
20,The Love Hunger,1.0,1.0110578695171397,3.5015419623621653e-06
20,The Love Tree,1.0,1.0110578695171397,3.5015419623621653e-06
20,The Love Triangle,1.0,1.0110578695171397,3.5015419623621653e-06
20,The Luck Stops Here,1.0,1.0110578695171397,3.5015419623621653e-06
20,The Lust of His Eyes,1.0,1.0110578695171397,3.5015419623621653e-06
20,The Luxor Light,1.0,1.0110578695171397,3.5015419623621653e-06
20,The Mad Monster,1.0,1.0110578695171397,3.5015419623621653e-06
20,The Magical Maze: Chaos and Cauliflowers,1.0,1.0110578695171397,3.5015419623621653e-06
20,The Magician's House II,1.0,1.0110578695171397,3.5015419623621653e-06
20,The March,1.0,1.0110578695171397,3.5015419623621653e-06
20,The Master Mind,1.0,1.0110578695171397,3.5015419623621653e-06
20,The Matchmaker,1.0,1.0110578695171397,3.5015419623621653e-06
20,The McCord Family,1.0,1.0110578695171397,3.5015419623621653e-06
20,The Method,1.0,1.0110578695171397,3.5015419623621653e-06
20,The Minh Who Knew Too Much,1.0,1.0110578695171397,3.5015419623621653e-06
20,The Mirror,1.0,1.0110578695171397,3.5015419623621653e-06
20,The Missed Connection,1.0,1.0110578695171397,3.5015419623621653e-06
20,The Money Man,1.0,1.0110578695171397,3.5015419623621653e-06
20,The Monster Known as VD,1.0,1.0110578695171397,3.5015419623621653e-06
20,The Monsters,1.0,1.0110578695171397,3.5015419623621653e-06
20,The Murderous Missile,1.0,1.0110578695171397,3.5015419623621653e-06
20,The Muse,1.0,1.0110578695171397,3.5015419623621653e-06
20,The Nasty Show,1.0,1.0110578695171397,3.5015419623621653e-06
20,The Negotiation Situation,1.0,1.0110578695171397,3.5015419623621653e-06
20,The Neverending Story III,1.0,1.0110578695171397,3.5015419623621653e-06
20,The Newer Woman,1.0,1.0110578695171397,3.5015419623621653e-06
20,The One That Got Away!,1.0,1.0110578695171397,3.5015419623621653e-06
20,The Ones That Didn't Get Away,1.0,1.0110578695171397,3.5015419623621653e-06
20,The Orange Grove,1.0,1.0110578695171397,3.5015419623621653e-06
20,The Other Harvey,1.0,1.0110578695171397,3.5015419623621653e-06
20,The Party Line,1.0,1.0110578695171397,3.5015419623621653e-06
20,The Peanut Butter Experiment,1.0,1.0110578695171397,3.5015419623621653e-06
20,The Pearl Earring,1.0,1.0110578695171397,3.5015419623621653e-06
20,The Pedigree Sheet,1.0,1.0110578695171397,3.5015419623621653e-06
20,The Perfect Man,1.0,1.0110578695171397,3.5015419623621653e-06
20,The Phantom City,1.0,1.0110578695171397,3.5015419623621653e-06
20,The Phenomenon of the Cilician Kingdom,1.0,1.0110578695171397,3.5015419623621653e-06
20,The Pit Bull,1.0,1.0110578695171397,3.5015419623621653e-06
20,The Plasma Monster,1.0,1.0110578695171397,3.5015419623621653e-06
20,The Princess and the Singer,1.0,1.0110578695171397,3.5015419623621653e-06
20,The Princess Arrives: Mary Champ,1.0,1.0110578695171397,3.5015419623621653e-06
20,The Projectionist,1.0,1.0110578695171397,3.5015419623621653e-06
20,The Queen of Spain's Beard,1.0,1.0110578695171397,3.5015419623621653e-06
20,The Quiz Kid,1.0,1.0110578695171397,3.5015419623621653e-06
20,The Radar of Small Dogs,1.0,1.0110578695171397,3.5015419623621653e-06
20,The Real T,1.0,1.0110578695171397,3.5015419623621653e-06
20,The Release,1.0,1.0110578695171397,3.5015419623621653e-06
20,The Return of Granamyr,1.0,1.0110578695171397,3.5015419623621653e-06
20,The Reunion,2.0,1.0110578695171397,0.00031315456950058905
20,The Rik Deskin Show,1.0,1.0110578695171397,3.5015419623621653e-06
20,The Rise,1.0,1.0110578695171397,3.5015419623621653e-06
20,The Rise and Fall of the Super Friends,1.0,1.0110578695171397,3.5015419623621653e-06
20,The Roommate Who Ran for Her Life,1.0,1.0110578695171397,3.5015419623621653e-06
20,The Rounder,1.0,1.0110578695171397,3.5015419623621653e-06
20,The Royal Golf Course,1.0,1.0110578695171397,3.5015419623621653e-06
20,The Royal Variety Performance 2006,1.0,1.0110578695171397,3.5015419623621653e-06
20,The Sacrifice at the Spillway,1.0,1.0110578695171397,3.5015419623621653e-06
20,The Saint,1.0,1.0110578695171397,3.5015419623621653e-06
20,The Salinas Jackpot,1.0,1.0110578695171397,3.5015419623621653e-06
20,The Sanctimonious Spinsters' Society,1.0,1.0110578695171397,3.5015419623621653e-06
20,The Science Behind Rudolph's Shiny Red Nose,1.0,1.0110578695171397,3.5015419623621653e-06
20,The Sea and Captain Taggart,1.0,1.0110578695171397,3.5015419623621653e-06
20,The Secrets of the Sex Gods,1.0,1.0110578695171397,3.5015419623621653e-06
20,The Shield,1.0,1.0110578695171397,3.5015419623621653e-06
20,The Shop at Sly Corner,1.0,1.0110578695171397,3.5015419623621653e-06
20,The Sixteenth Minute,1.0,1.0110578695171397,3.5015419623621653e-06
20,The Soundtrack to My Life,1.0,1.0110578695171397,3.5015419623621653e-06
20,The Sovereign Soul,1.0,1.0110578695171397,3.5015419623621653e-06
20,The Spa,1.0,1.0110578695171397,3.5015419623621653e-06
20,The Special Effects of 'Jurassic Park III',1.0,1.0110578695171397,3.5015419623621653e-06
20,The Stamp Story,1.0,1.0110578695171397,3.5015419623621653e-06
20,The Swagman's Story,1.0,1.0110578695171397,3.5015419623621653e-06
20,The Taming of Rebecca,1.0,1.0110578695171397,3.5015419623621653e-06
20,The Temptress,1.0,1.0110578695171397,3.5015419623621653e-06
20,The Tenants,1.0,1.0110578695171397,3.5015419623621653e-06
20,The Terrifying Inheritance of Major John Foster,1.0,1.0110578695171397,3.5015419623621653e-06
20,The Thin Girl,1.0,1.0110578695171397,3.5015419623621653e-06
20,The Things You Do for Love: Sweet Dreams,1.0,1.0110578695171397,3.5015419623621653e-06
20,The Third Man,1.0,1.0110578695171397,3.5015419623621653e-06
20,The Time Traveler,1.0,1.0110578695171397,3.5015419623621653e-06
20,The Tomboy,1.0,1.0110578695171397,3.5015419623621653e-06
20,The Town,1.0,1.0110578695171397,3.5015419623621653e-06
20,The Tramp's Revenge,1.0,1.0110578695171397,3.5015419623621653e-06
20,The Traveller,1.0,1.0110578695171397,3.5015419623621653e-06
20,The Treasure Hunt,1.0,1.0110578695171397,3.5015419623621653e-06
20,The Tree with the Lights in It,1.0,1.0110578695171397,3.5015419623621653e-06
20,The Union Game: A Rugby History,1.0,1.0110578695171397,3.5015419623621653e-06
20,The Unseen,1.0,1.0110578695171397,3.5015419623621653e-06
20,The Vacuum Affair,1.0,1.0110578695171397,3.5015419623621653e-06
20,The Vanities,1.0,1.0110578695171397,3.5015419623621653e-06
20,The Vengeance of the Skystone,1.0,1.0110578695171397,3.5015419623621653e-06
20,The Waffle Swag,1.0,1.0110578695171397,3.5015419623621653e-06
20,The Way of the Bboy,1.0,1.0110578695171397,3.5015419623621653e-06
20,The Well,1.0,1.0110578695171397,3.5015419623621653e-06
20,The Wendell Baker Story,1.0,1.0110578695171397,3.5015419623621653e-06
20,The Woman the Germans Shot,1.0,1.0110578695171397,3.5015419623621653e-06
20,The World of Tintin,1.0,1.0110578695171397,3.5015419623621653e-06
20,The Young and the Reckless,1.0,1.0110578695171397,3.5015419623621653e-06
20,The Zombie Ball Mystery,1.0,1.0110578695171397,3.5015419623621653e-06
20,Theodore's Birthday Surprise,1.0,1.0110578695171397,3.5015419623621653e-06
20,There's a Message in Every Bottle,1.0,1.0110578695171397,3.5015419623621653e-06
20,There's No Business Like No Business,1.0,1.0110578695171397,3.5015419623621653e-06
20,There's Nowt So Queer as Folk,1.0,1.0110578695171397,3.5015419623621653e-06
20,Thimble Theater,1.0,1.0110578695171397,3.5015419623621653e-06
20,This Blood's for You,1.0,1.0110578695171397,3.5015419623621653e-06
20,Thomas and Sarah,1.0,1.0110578695171397,3.5015419623621653e-06
20,Thorn in the Flesh,1.0,1.0110578695171397,3.5015419623621653e-06
20,Three's Company,1.0,1.0110578695171397,3.5015419623621653e-06
20,Three Day Affair with a Thirty Day Escrow,1.0,1.0110578695171397,3.5015419623621653e-06
20,Three to Get Ready,1.0,1.0110578695171397,3.5015419623621653e-06
20,Thrill Rides,1.0,1.0110578695171397,3.5015419623621653e-06
20,Through the Looking Glass,1.0,1.0110578695171397,3.5015419623621653e-06
20,Tiger's Eye,1.0,1.0110578695171397,3.5015419623621653e-06
20,Tight Shoes,1.0,1.0110578695171397,3.5015419623621653e-06
20,Time of Terror,1.0,1.0110578695171397,3.5015419623621653e-06
20,Times Square,1.0,1.0110578695171397,3.5015419623621653e-06
20,Timmy Muldoon and the Search for the Shadoweyes Bandit,1.0,1.0110578695171397,3.5015419623621653e-06
20,Tito 'El Bambino',1.0,1.0110578695171397,3.5015419623621653e-06
20,Tjuriga sekunder,1.0,1.0110578695171397,3.5015419623621653e-06
20,TNT Buzz,1.0,1.0110578695171397,3.5015419623621653e-06
20,To Hare Is Human,1.0,1.0110578695171397,3.5015419623621653e-06
20,To kanarini podilato,1.0,1.0110578695171397,3.5015419623621653e-06
20,To Make Amends,1.0,1.0110578695171397,3.5015419623621653e-06
20,Tobe ikarosu no tsubasa,1.0,1.0110578695171397,3.5015419623621653e-06
20,Tod eines Rettungsschwimmers,1.0,1.0110578695171397,3.5015419623621653e-06
20,Tokubai chuugokufuku,1.0,1.0110578695171397,3.5015419623621653e-06
20,Tom in Venice,1.0,1.0110578695171397,3.5015419623621653e-06
20,Too Soon Too Late,1.0,1.0110578695171397,3.5015419623621653e-06
20,Topophilia,1.0,1.0110578695171397,3.5015419623621653e-06
20,Tou qing ke,1.0,1.0110578695171397,3.5015419623621653e-06
20,Tracey Ullman,1.0,1.0110578695171397,3.5015419623621653e-06
20,Tractors & Trucks,1.0,1.0110578695171397,3.5015419623621653e-06
20,Tracy the tour Guide,1.0,1.0110578695171397,3.5015419623621653e-06
20,Trade,1.0,1.0110578695171397,3.5015419623621653e-06
20,Trading Licks,1.0,1.0110578695171397,3.5015419623621653e-06
20,Train in Vain,1.0,1.0110578695171397,3.5015419623621653e-06
20,Train Man,1.0,1.0110578695171397,3.5015419623621653e-06
20,Transit Blues,1.0,1.0110578695171397,3.5015419623621653e-06
20,Transition,1.0,1.0110578695171397,3.5015419623621653e-06
20,Transpapa,1.0,1.0110578695171397,3.5015419623621653e-06
20,Transport,1.0,1.0110578695171397,3.5015419623621653e-06
20,Trapped Freddie,1.0,1.0110578695171397,3.5015419623621653e-06
20,Tratsch im Treppenhaus,1.0,1.0110578695171397,3.5015419623621653e-06
20,Trauma,1.0,1.0110578695171397,3.5015419623621653e-06
20,Trina Allen,1.0,1.0110578695171397,3.5015419623621653e-06
20,Trináctá komnata,1.0,1.0110578695171397,3.5015419623621653e-06
20,Triple Threat,1.0,1.0110578695171397,3.5015419623621653e-06
20,Troops Leaving Southampton,1.0,1.0110578695171397,3.5015419623621653e-06
20,Tsolelet Tsehooba,1.0,1.0110578695171397,3.5015419623621653e-06
20,Tsong Victor Trains Elias to Hone His Innate Skills,1.0,1.0110578695171397,3.5015419623621653e-06
20,Tulisang dagat,1.0,1.0110578695171397,3.5015419623621653e-06
20,Turning,1.0,1.0110578695171397,3.5015419623621653e-06
20,Tuscan Getaway,1.0,1.0110578695171397,3.5015419623621653e-06
20,TV de comédia,1.0,1.0110578695171397,3.5015419623621653e-06
20,Twists & Turns,1.0,1.0110578695171397,3.5015419623621653e-06
20,Two for the Seesaw,1.0,1.0110578695171397,3.5015419623621653e-06
20,Two Fronts: Cuba and Laos,1.0,1.0110578695171397,3.5015419623621653e-06
20,Ulrike Folkerts,1.0,1.0110578695171397,3.5015419623621653e-06
20,Ultimate Betrayal,1.0,1.0110578695171397,3.5015419623621653e-06
20,Ultimate Casting Tape,1.0,1.0110578695171397,3.5015419623621653e-06
20,Ultimate Grilled Chicken,1.0,1.0110578695171397,3.5015419623621653e-06
20,Ultimatum Ceasefire,1.0,1.0110578695171397,3.5015419623621653e-06
20,Un-Private Message,1.0,1.0110578695171397,3.5015419623621653e-06
20,Un Certain Regard,1.0,1.0110578695171397,3.5015419623621653e-06
20,Un dificil regreso: Última versión,1.0,1.0110578695171397,3.5015419623621653e-06
20,Un incontro difficile,1.0,1.0110578695171397,3.5015419623621653e-06
20,Un ispettore in casa Birling,1.0,1.0110578695171397,3.5015419623621653e-06
20,Un paso decisivo,1.0,1.0110578695171397,3.5015419623621653e-06
20,Una familia con suerte,1.0,1.0110578695171397,3.5015419623621653e-06
20,Una montaña altisisisísima,1.0,1.0110578695171397,3.5015419623621653e-06
20,Una viuda difícil,1.0,1.0110578695171397,3.5015419623621653e-06
20,Uncle David,1.0,1.0110578695171397,3.5015419623621653e-06
20,Uncle Ted's SpiritWild Ranch Solo Blackbuck Bowhunt,1.0,1.0110578695171397,3.5015419623621653e-06
20,Unconquered,1.0,1.0110578695171397,3.5015419623621653e-06
20,Under the Sea,1.0,1.0110578695171397,3.5015419623621653e-06
20,Undine's Lake,1.0,1.0110578695171397,3.5015419623621653e-06
20,Une journée studieuse,1.0,1.0110578695171397,3.5015419623621653e-06
20,Unha tele en Santalla,1.0,1.0110578695171397,3.5015419623621653e-06
20,Union Murtz,1.0,1.0110578695171397,3.5015419623621653e-06
20,Uno Mattina,1.0,1.0110578695171397,3.5015419623621653e-06
20,Untitled (for David Gatten),1.0,1.0110578695171397,3.5015419623621653e-06
20,Untitled Brad Parker/FilmNation Project,1.0,1.0110578695171397,3.5015419623621653e-06
20,Untitled Vin Diesel Project,1.0,1.0110578695171397,3.5015419623621653e-06
20,Untouchable,1.0,1.0110578695171397,3.5015419623621653e-06
20,Usada Dakkan Sakusen!,1.0,1.0110578695171397,3.5015419623621653e-06
20,Uses of Dynamite by U.S. Engineering Corps,1.0,1.0110578695171397,3.5015419623621653e-06
20,Uutisvuoto,1.0,1.0110578695171397,3.5015419623621653e-06
20,Uz se neboj,1.0,1.0110578695171397,3.5015419623621653e-06
20,V chetiri tzvyata za edna zemya,1.0,1.0110578695171397,3.5015419623621653e-06
20,Váhavý strelec,1.0,1.0110578695171397,3.5015419623621653e-06
20,Vai Trabalhar Vagabundo,1.0,1.0110578695171397,3.5015419623621653e-06
20,"Vai Trabalhar, Caco Antibes",1.0,1.0110578695171397,3.5015419623621653e-06
20,Valentine's Day,1.0,1.0110578695171397,3.5015419623621653e-06
20,Vanderbilt Cup 1906,1.0,1.0110578695171397,3.5015419623621653e-06
20,Veilig buite weste,1.0,1.0110578695171397,3.5015419623621653e-06
20,Veliki Brat - Veliki Mozak,1.0,1.0110578695171397,3.5015419623621653e-06
20,Venäjän vapain mies,1.0,1.0110578695171397,3.5015419623621653e-06
20,Vengeance,1.0,1.0110578695171397,3.5015419623621653e-06
20,Verdict in Orbit,1.0,1.0110578695171397,3.5015419623621653e-06
20,Vermeer 2,1.0,1.0110578695171397,3.5015419623621653e-06
20,Vernon: Part 1,1.0,1.0110578695171397,3.5015419623621653e-06
20,Verona Pooth,1.0,1.0110578695171397,3.5015419623621653e-06
20,Very Interesting Music,1.0,1.0110578695171397,3.5015419623621653e-06
20,Vet School,1.0,1.0110578695171397,3.5015419623621653e-06
20,Viareggio,1.0,1.0110578695171397,3.5015419623621653e-06
20,Vice Squad,1.0,1.0110578695171397,3.5015419623621653e-06
20,Victims of an Earthquake in Some Country or Other,1.0,1.0110578695171397,3.5015419623621653e-06
20,Victoria and Her Family Are Very Worried with Fernando's Health,1.0,1.0110578695171397,3.5015419623621653e-06
20,Viewmaster,1.0,1.0110578695171397,3.5015419623621653e-06
20,Viking Nightmare,1.0,1.0110578695171397,3.5015419623621653e-06
20,Vila Real,1.0,1.0110578695171397,3.5015419623621653e-06
20,Villy Søvndal,1.0,1.0110578695171397,3.5015419623621653e-06
20,Vincent & Luzy,1.0,1.0110578695171397,3.5015419623621653e-06
20,Visakha Express,1.0,1.0110578695171397,3.5015419623621653e-06
20,Visions,1.0,1.0110578695171397,3.5015419623621653e-06
20,Von Frau zu Frau,1.0,1.0110578695171397,3.5015419623621653e-06
20,Von Pendlerpauschale bis Mindestlohn - Beginnt jetzt der Wettlauf der Wohltäter?,1.0,1.0110578695171397,3.5015419623621653e-06
20,Vovochka,1.0,1.0110578695171397,3.5015419623621653e-06
20,Vrindavana,1.0,1.0110578695171397,3.5015419623621653e-06
20,Waging Bull,1.0,1.0110578695171397,3.5015419623621653e-06
20,Waiting for Dafoe,1.0,1.0110578695171397,3.5015419623621653e-06
20,Walter's Dream,1.0,1.0110578695171397,3.5015419623621653e-06
20,Wanggwa sangno,1.0,1.0110578695171397,3.5015419623621653e-06
20,War in Korea,1.0,1.0110578695171397,3.5015419623621653e-06
20,Warsaw Rising,1.0,1.0110578695171397,3.5015419623621653e-06
20,Warten,1.0,1.0110578695171397,3.5015419623621653e-06
20,Washington D.C.: Hour 2,1.0,1.0110578695171397,3.5015419623621653e-06
20,Water Works,1.0,1.0110578695171397,3.5015419623621653e-06
20,Ways on Wheels,1.0,1.0110578695171397,3.5015419623621653e-06
20,WCW Uncensored,1.0,1.0110578695171397,3.5015419623621653e-06
20,WCW/NWO Thunder,1.0,1.0110578695171397,3.5015419623621653e-06
20,Wedding Bell Blues,1.0,1.0110578695171397,3.5015419623621653e-06
20,Week 3: Marit - vrijdag 08:00 uur,1.0,1.0110578695171397,3.5015419623621653e-06
20,Wein und Musik,1.0,1.0110578695171397,3.5015419623621653e-06
20,Welcome to the Rec,1.0,1.0110578695171397,3.5015419623621653e-06
20,Western Chivalry,1.0,1.0110578695171397,3.5015419623621653e-06
20,What a Load of Rubbish,1.0,1.0110578695171397,3.5015419623621653e-06
20,What Daddy Doesn't Know 2,1.0,1.0110578695171397,3.5015419623621653e-06
20,What the Butler Saw,1.0,1.0110578695171397,3.5015419623621653e-06
20,What We Hold Inside,1.0,1.0110578695171397,3.5015419623621653e-06
20,Wheelchair Bob,1.0,1.0110578695171397,3.5015419623621653e-06
20,Wheels in Motion,1.0,1.0110578695171397,3.5015419623621653e-06
20,When a Fellow Needs a Friend,1.0,1.0110578695171397,3.5015419623621653e-06
20,When Hally Met Sally,1.0,1.0110578695171397,3.5015419623621653e-06
20,When Saturday Comes,1.0,1.0110578695171397,3.5015419623621653e-06
20,Where's Roger?,1.0,1.0110578695171397,3.5015419623621653e-06
20,Whiplash!,1.0,1.0110578695171397,3.5015419623621653e-06
20,White Shadow's Discovery,1.0,1.0110578695171397,3.5015419623621653e-06
20,Who Killed Evelyn?,1.0,1.0110578695171397,3.5015419623621653e-06
20,Wickerts Bücher,1.0,1.0110578695171397,3.5015419623621653e-06
20,Wie Handschuhe voll Sand,1.0,1.0110578695171397,3.5015419623621653e-06
20,Wigald Boning trifft Dolly Buster,1.0,1.0110578695171397,3.5015419623621653e-06
20,Wild and Woolly,1.0,1.0110578695171397,3.5015419623621653e-06
20,Wild Animals: Elephants,1.0,1.0110578695171397,3.5015419623621653e-06
20,Wild Beasts of Borneo,1.0,1.0110578695171397,3.5015419623621653e-06
20,Willatuk: The Legend of Seattle's Sea Serpent,1.0,1.0110578695171397,3.5015419623621653e-06
20,Willy Nilly,1.0,1.0110578695171397,3.5015419623621653e-06
20,Wind of Life,1.0,1.0110578695171397,3.5015419623621653e-06
20,Wintertalk,1.0,1.0110578695171397,3.5015419623621653e-06
20,Wir zeichnen,1.0,1.0110578695171397,3.5015419623621653e-06
20,With the Blue Man Group,1.0,1.0110578695171397,3.5015419623621653e-06
20,With West Indians,1.0,1.0110578695171397,3.5015419623621653e-06
20,Without Air,1.0,1.0110578695171397,3.5015419623621653e-06
20,Wolf Hunt,1.0,1.0110578695171397,3.5015419623621653e-06
20,Women's Pen,1.0,1.0110578695171397,3.5015419623621653e-06
20,Women Men Love,1.0,1.0110578695171397,3.5015419623621653e-06
20,Women Who Can't Say No,1.0,1.0110578695171397,3.5015419623621653e-06
20,Women Working on Mars: Engineering on the Red Planet,1.0,1.0110578695171397,3.5015419623621653e-06
20,Wonder Gloves,1.0,1.0110578695171397,3.5015419623621653e-06
20,Woobie,1.0,1.0110578695171397,3.5015419623621653e-06
20,Woofy Wants to Be a Hero,1.0,1.0110578695171397,3.5015419623621653e-06
20,"Wool Carpeting, Legos",1.0,1.0110578695171397,3.5015419623621653e-06
20,World of Wax,1.0,1.0110578695171397,3.5015419623621653e-06
20,World Song,1.0,1.0110578695171397,3.5015419623621653e-06
20,Wu Dang er shu ba chi,1.0,1.0110578695171397,3.5015419623621653e-06
20,WWE Elimination Chamber,1.0,1.0110578695171397,3.5015419623621653e-06
20,WWE: The History of the Intercontinental Championship,1.0,1.0110578695171397,3.5015419623621653e-06
20,XVI Gala Internacional Dos Pequenos Cantores da Figueira da Foz,1.0,1.0110578695171397,3.5015419623621653e-06
20,Yankee Go Home,1.0,1.0110578695171397,3.5015419623621653e-06
20,Yèlèma donna kow la nankòròla,1.0,1.0110578695171397,3.5015419623621653e-06
20,Yo soy de donde hay un río,1.0,1.0110578695171397,3.5015419623621653e-06
20,You're Sired,1.0,1.0110578695171397,3.5015419623621653e-06
20,You Got a Good Beat,1.0,1.0110578695171397,3.5015419623621653e-06
20,Youp speelt Youp,1.0,1.0110578695171397,3.5015419623621653e-06
20,Your Mom Tossed My Salad 4,1.0,1.0110578695171397,3.5015419623621653e-06
20,Yume wa fasshon dezainâ,1.0,1.0110578695171397,3.5015419623621653e-06
20,Yûragu honô,1.0,1.0110578695171397,3.5015419623621653e-06
20,Za glosem serca,1.0,1.0110578695171397,3.5015419623621653e-06
20,Za parawanem,1.0,1.0110578695171397,3.5015419623621653e-06
20,Zeitenbruch,1.0,1.0110578695171397,3.5015419623621653e-06
20,Zhi,1.0,1.0110578695171397,3.5015419623621653e-06
20,Zima prishla,1.0,1.0110578695171397,3.5015419623621653e-06
20,Zoo Cops,1.0,1.0110578695171397,3.5015419623621653e-06
20,ZooHood,1.0,1.0110578695171397,3.5015419623621653e-06
